Time,PRECIP,PET_Pristley-Taylor(mm),runoff,srad(W/m2),tmax(C),tmin(C),vp(Pa)
1980-1-1,0,0.321983356,0.9061,252.86,8.5,-5.16,426.99
1980-1-2,0,0.402793705,0.9061,200.27,5.74,-2.5,520
1980-1-3,0,0.409208823,0.8778,188.7,4.94,-2.56,515.56
1980-1-4,6.05,0.374889969,0.8495,139.87,2.13,-5.14,428.73
1980-1-5,11,0.39685889,0.9628,91.24,0.32,-4,440
1980-1-6,0,0.306036083,0.9628,240.32,0,-10.62,280
1980-1-7,1,0.306876462,0.9345,293.85,3.98,-9.96,280
1980-1-8,0,0.454766947,1.0477,136.13,3.5,-1.37,560
1980-1-9,0.58,0.411209262,1.0194,145.1,0.99,-4.24,440
1980-1-10,0,0.354693532,0.9061,249.95,2.72,-8.48,319.7
1980-1-11,14.18,0.375282641,1.0477,224.7,12.5,-4.53,438.32
1980-1-12,13.89,0.459646569,2.1238,201.6,13.5,-1.2,560
1980-1-13,0,0.419291496,1.9822,223.56,3.19,-5.64,400
1980-1-14,0,0.550934931,1.6141,247.67,12.44,1.24,660.05
1980-1-15,0,0.666492468,1.4158,186.21,13.09,6,920
1980-1-16,0,0.560178139,1.2743,239.07,10.5,0.5,640
1980-1-17,0,0.556048803,1.2176,170.69,6.52,0.54,638.42
1980-1-18,15,0.570199112,1.2459,75.18,5.49,2.24,720
1980-1-19,12.22,0.59526881,1.9539,110.8,7,2,720
1980-1-20,0,0.555952557,1.8689,218.77,6.5,-1.5,560
1980-1-21,0,0.510596682,1.5574,244.81,4.66,-4.68,440
1980-1-22,8.37,0.527047388,1.4158,205.79,6.79,-5,440
1980-1-23,6.79,0.586740524,1.9539,164.84,6.26,-1.5,560
1980-1-24,0,0.473687866,1.8406,212.11,0,-7.13,360
1980-1-25,0,0.532974358,1.5857,206.9,2.35,-4.53,440
1980-1-26,0,0.558811371,1.4158,226,3.43,-4.27,440
1980-1-27,0,0.54610916,1.2743,260,3.15,-6.31,375.49
1980-1-28,0,0.609940322,1.2176,217.63,4.5,-2.7,504.12
1980-1-29,0,0.586305178,1.161,218.73,2.96,-4.15,440
1980-1-30,0,0.512652375,1.1044,204.17,-0.98,-7.34,360
1980-1-31,0,0.490392645,1.0477,197.96,-2.5,-8.39,320
1980-2-1,0,0.471591452,0.9911,241.97,-3.5,-11,280
1980-2-2,0,0.501362328,0.9061,249.98,-2.5,-10.27,280
1980-2-3,0,0.542060241,0.8495,272.73,-0.9,-9.78,280
1980-2-4,0,0.578247549,0.8778,293.3,0.5,-9.69,280
1980-2-5,0,0.608979511,0.8778,281.4,1,-8.29,320
1980-2-6,0,0.607091868,0.8778,300.21,0.61,-9.5,280
1980-2-7,0,0.692634694,0.9345,219.91,2.84,-3.5,480
1980-2-8,0,0.74484837,0.9061,284.94,4.5,-4.73,440
1980-2-9,0,0.690399957,0.9061,236.68,1.84,-4.94,434.72
1980-2-10,0.12,0.70511124,0.9061,278.02,1.93,-6.08,393.99
1980-2-11,0,0.728184049,0.8778,359.72,3.41,-10.5,280
1980-2-12,0,0.749123125,0.8778,260.18,2.5,-4.52,440
1980-2-13,0,0.778293059,0.8495,351.9,3.48,-8.67,320
1980-2-14,0,0.956138718,0.8495,373.08,9.5,-6.27,378.67
1980-2-15,0,0.917904906,0.8778,327.57,6.4,-4.08,440
1980-2-16,12.16,0.925064624,1.076,216.4,5.99,-2.33,520
1980-2-17,0,0.756611276,1.2176,267.49,0.5,-6.77,360
1980-2-18,0,0.823565991,1.0194,365.59,2.37,-10.69,280
1980-2-19,0,1.006853081,0.9345,361.13,7,-5.87,397.56
1980-2-20,0,1.178733329,0.9345,380.67,11.5,-4.24,440
1980-2-21,0,1.338554832,0.9628,376.13,14.5,-0.65,587.75
1980-2-22,6,1.192544174,1.1044,203.99,10.16,2.31,720
1980-2-23,2,1.339988911,1.1893,318.46,12.75,2.76,741.16
1980-2-24,1.08,1.336445024,1.1327,304.95,12.22,3,760
1980-2-25,4.03,1.160650304,1.161,210.6,7.88,-0.02,600
1980-2-26,0,0.933250902,1.1893,258.24,2,-4.8,440
1980-2-27,0,1.054657471,1.0194,378.6,3.99,-8.5,320
1980-2-28,3,0.929462356,0.9628,225.52,1,-6.14,388.72
1980-2-29,0,0.766363005,0.9061,342.56,-4,-12.32,240
1980-3-1,2,0.701024581,0.7362,317.7,-6,-13.42,206.1
1980-3-2,3.98,0.728983279,0.7646,198.07,-5,-10.84,280
1980-3-3,0,1.042890157,0.8212,425.64,1.5,-10.13,280
1980-3-4,0,1.358281144,0.8778,470.11,7.94,-7.47,360
1980-3-5,1,1.423354287,0.9911,332.96,9.5,1.38,670.4
1980-3-6,0,1.428258492,1.0477,348.02,9,0.5,640
1980-3-7,0,1.693631145,0.9911,445.63,12.69,-0.56,593.2
1980-3-8,1,1.781809872,0.9628,294.35,15.12,7,999.9
1980-3-9,0,1.777836682,0.9345,367.71,13.47,2.5,720
1980-3-10,4.98,1.769833571,0.9061,321.35,12.5,-2.63,509.68
1980-3-11,5,1.635176569,1.2459,279.38,10,-1,560
1980-3-12,0,1.260573233,1.1327,304.76,3.48,-4.34,440
1980-3-13,21,1.318098763,1.2459,199.11,4.95,-1.65,548.04
1980-3-14,11.68,1.321346211,3.6246,164.59,5.81,0.59,636.2
1980-3-15,0,1.636177699,3.1432,358.54,8.82,-0.52,598.42
1980-3-16,0,1.709756567,2.1521,413.97,9,-2.84,493.12
1980-3-17,5.08,2.004906082,1.8123,279.86,13.88,3.76,800
1980-3-18,15.42,1.994835005,2.4919,272.47,13.5,3.86,800
1980-3-19,0,1.993542709,2.4069,443.28,12,-1.59,553.16
1980-3-20,0,2.154476016,1.9255,406.18,14.46,3.08,766.21
1980-3-21,24.12,2.063701826,2.3503,254.12,14.11,5.75,920
1980-3-22,6.01,1.716684777,3.6246,250.32,8.46,0.77,640
1980-3-23,0,2.17352628,2.86,456.25,13,-0.5,600
1980-3-24,18.69,1.967579079,2.322,299.12,10.54,0.5,639.77
1980-3-25,18.65,1.48627514,4.0493,131.63,8,4.35,827.79
1980-3-26,0,1.945419718,4.1909,397.94,9.66,0,600
1980-3-27,0,2.130718493,3.0299,426.27,11.5,0.5,640
1980-3-28,2.44,2.068866824,2.4636,396.2,10.08,-1.5,560
1980-3-29,22.87,1.680664346,2.8317,143.97,10,6.02,921.52
1980-3-30,0.13,2.048419222,4.1343,275.09,12.95,7,1000
1980-3-31,15.09,1.886827014,3.6812,249.26,8.72,1.55,683.64
1980-4-1,9.06,2.202721997,4.3608,321.78,11,0.48,638.42
1980-4-2,0,2.671233658,3.8228,495.1,15.48,0.5,639.6
1980-4-3,0,2.708097339,3.2848,475.19,15.95,2.71,738.14
1980-4-4,25.81,2.694644399,3.5962,285.65,17.55,8.5,1120
1980-4-5,0,2.6058707,4.3608,407.77,15.5,5.71,920
1980-4-6,0,3.059849387,3.5113,508.71,18.44,2.35,720
1980-4-7,0,2.749827765,2.9166,436.45,15.99,5,880
1980-4-8,0,2.862242314,2.4636,379.31,18.47,9.5,1200
1980-4-9,25.24,2.157076396,2.7184,147.48,15.49,11.5,1360
1980-4-10,28.79,3.075872668,5.2953,290.46,20.5,11.5,1360
1980-4-11,0,3.199075756,4.7006,463.87,19.53,7.5,1039.88
1980-4-12,0,3.259574493,3.8228,485.32,19.33,6,920
1980-4-13,0,2.966428905,3.0582,335.67,19.76,12.19,1415.04
1980-4-14,7.87,2.881177708,2.7184,292.12,16.96,8.09,1087.5
1980-4-15,11.97,2.832162387,3.0299,264.9,17.5,10,1240
1980-4-16,0,2.491067825,2.8034,382.73,12.09,3.94,800
1980-4-17,0,2.810878114,2.4919,531.72,12.5,-2.57,514.72
1980-4-18,0,3.280160795,2.2087,533.97,17.04,1.06,645.1
1980-4-19,0,3.445736077,2.1238,509.06,18.92,4.67,853.31
1980-4-20,0,3.679008606,1.9822,508.38,20.9,6.22,937.59
1980-4-21,0,3.699508825,1.8689,495.14,21.09,7.14,1011.53
1980-4-22,0,3.577680327,1.8123,528.45,18.98,3,760
1980-4-23,0,3.775520657,1.7556,534.62,20.45,3.45,789.14
1980-4-24,0,3.699870509,1.7273,483.93,20.46,6.91,992.9
1980-4-25,4.07,3.749915913,1.8406,321.26,22.04,10.83,1306.61
1980-4-26,6.59,2.763457332,1.8689,218.15,15.32,8.86,1148.5
1980-4-27,7.91,2.141490856,2.1521,127.14,12.46,9,1160
1980-4-28,10.73,2.951952806,2.7751,238.67,16.44,9.38,1190.36
1980-4-29,7.53,2.835179683,3.1149,228.24,15.33,8.67,1133.65
1980-4-30,17.54,2.15434175,2.9733,129.73,12,8.5,1120
1980-5-1,12.4,2.575980255,4.1626,191.73,13.8,8.5,1120.36
1980-5-2,0,3.620597517,4.3325,449.15,19.35,8.5,1120
1980-5-3,0,4.51449372,3.5113,535.89,24.87,8,1080
1980-5-4,0,4.356726798,2.8034,471.25,24.98,12.26,1421.02
1980-5-5,0,5.106730125,2.3503,542.07,29,9.79,1223.42
1980-5-6,0,5.055521774,2.0671,496.03,29.47,14.15,1612.19
1980-5-7,0,4.307303277,1.8972,451.62,24.43,12.5,1440
1980-5-8,1.7,3.389596032,1.8406,377.73,17.55,8.73,1138.7
1980-5-9,0,3.469989574,1.8123,455.14,16.25,5,880.4
1980-5-10,0,4.069543175,1.7273,529.11,19.86,4.29,822.86
1980-5-11,0,3.665413376,1.6707,358.86,20.46,11.97,1397.88
1980-5-12,3.3,4.56785954,1.6424,333.92,25.92,13.92,1593.99
1980-5-13,2.82,5.134298428,1.8689,372.94,29.5,15.58,1766.09
1980-5-14,0,4.793279813,1.7273,456.39,27,14.11,1608.74
1980-5-15,0,4.305085676,1.5857,485.78,22,8.41,1112.5
1980-5-16,0,4.239693904,1.5291,519.87,20.47,5,880
1980-5-17,0,4.528061845,1.2459,512.18,22.89,7.5,1040
1980-5-18,17.02,3.346677802,1.6141,191.58,19.94,14,1600
1980-5-19,0,4.549972147,2.1238,396.86,26.15,15.79,1783.48
1980-5-20,2,3.591772788,1.5291,282.7,21.5,15,1720
1980-5-21,7,2.726745921,1.9822,132.45,17.39,13.69,1574.89
1980-5-22,0,5.16928446,1.8689,519.72,27.51,11.74,1379.6
1980-5-23,0,5.310890585,1.699,490.41,29.29,15,1720.25
1980-5-24,0,4.811034104,1.5291,417.56,27.66,17,1920
1980-5-25,0,4.773045165,1.4442,435.86,26.7,15.54,1763.01
1980-5-26,0,4.683000868,1.3309,497.32,23.99,10.42,1273.9
1980-5-27,0,4.589355793,1.2459,515.34,22.52,7.87,1069.83
1980-5-28,0,4.822448724,1.161,502.84,24.5,10,1240
1980-5-29,0,4.642015964,1.1327,437.36,24.66,13,1480
1980-5-30,0,4.343135938,1.1044,387.61,23.42,13.5,1560
1980-5-31,2.04,4.688009751,1.076,388.04,26,15.5,1760
1980-6-1,0,5.331259878,1.076,421.41,30,17.77,2042.46
1980-6-2,0,5.082830364,0.9911,356.73,30.31,20.5,2400
1980-6-3,0,5.555898078,0.9628,425.1,31.5,19,2200
1980-6-4,0,4.826057331,0.9345,434.13,25.88,14.24,1619.22
1980-6-5,0,4.667507641,0.9061,440.8,24.44,12.86,1469.12
1980-6-6,0.13,4.643846001,0.8778,478.56,23.13,10.13,1250.44
1980-6-7,10.32,5.413699825,0.9061,338.99,29.63,16.56,1884.42
1980-6-8,17.85,5.357857412,1.8406,356.33,28.5,14.52,1643.41
1980-6-9,0,4.75627804,2.0105,511.8,22.97,8.15,1091.78
1980-6-10,1.86,4.090029171,1.5291,362.13,20.88,11.49,1359.51
1980-6-11,0,4.294684997,1.3592,462.16,20.39,8.28,1102.63
1980-6-12,0,4.583826272,1.1893,516.89,21.38,6.49,958.86
1980-6-13,0,4.865558037,1.076,519.32,23.47,8,1080
1980-6-14,0,5.070180701,1.0194,529.88,24.72,8.2,1096.17
1980-6-15,0,5.460558012,1.1327,450.35,29.67,16.5,1880
1980-6-16,32.7,4.56260437,4.6723,303.09,24.21,13.82,1585.28
1980-6-17,0,4.589735224,5.5218,460.17,22.68,10.22,1257.59
1980-6-18,0,4.318583654,2.6335,415.36,21.65,11,1320
1980-6-19,0,4.66011552,1.9255,483.82,22.52,8.82,1145.22
1980-6-20,0,4.423224736,1.5857,390.57,23,12.72,1457.3
1980-6-21,0,4.801007281,1.3309,398.05,26,15.21,1736.82
1980-6-22,0,5.204841571,1.161,468.98,27.12,13.33,1532.67
1980-6-23,0,5.444241827,1.076,481.63,28.5,13.67,1573.9
1980-6-24,0,5.372935442,0.9628,442.94,29,15.86,1788.74
1980-6-25,0,4.850767855,0.9345,365.98,27.46,17.5,2000
1980-6-26,0,4.310960638,0.9061,332.68,24.25,15.78,1782.44
1980-6-27,0,5.686717586,0.9061,443.94,31.44,18,2080
1980-6-28,8.39,5.001968425,0.8495,287.03,28.35,17.88,2061.21
1980-6-29,23.71,5.103291778,0.9628,288.55,29.08,18.41,2112.55
1980-6-30,18.78,4.772446674,1.8972,267.64,27.5,18,2080
1980-7-1,0,4.99109545,1.6141,445,26.5,14,1600.36
1980-7-2,0,5.034454725,1.2459,390,28.51,17.74,2038.45
1980-7-3,8.91,4.052704893,1.1893,175.09,26.92,21,2480
1980-7-4,0,4.764490839,1.3309,330.59,28.78,20.06,2330.02
1980-7-5,0,4.839986709,1.161,366.1,28.19,18.5,2120.06
1980-7-6,0,4.641662402,0.9911,352.07,27.23,18.18,2094.1
1980-7-7,0,5.002416407,0.9061,484.29,26.08,12.21,1416.63
1980-7-8,0,4.574585515,0.8495,376.67,26.03,16.45,1871.75
1980-7-9,0,4.990007042,0.8495,407.64,28.5,17.61,2017.93
1980-7-10,12.67,4.423778867,1.0194,224.42,27.98,20.5,2400
1980-7-11,0,4.805133462,1.4725,353.93,29.13,20,2320
1980-7-12,0,5.107798498,1.2459,389.87,30.4,20.01,2325.37
1980-7-13,0,5.075831196,1.0194,476.55,27.64,14.35,1629.55
1980-7-14,0,5.542601683,0.8495,503.36,30.41,14.99,1671.69
1980-7-15,0,5.206284085,0.7646,448.48,29.64,17.24,1956.13
1980-7-16,0,5.59828743,0.7079,430.72,32.98,20.5,2399.72
1980-7-17,6.57,5.344212569,0.7646,302.28,32.18,21,2480
1980-7-18,0,5.219628241,0.9628,411.87,31.1,19.79,2303.41
1980-7-19,0,5.372529012,0.9061,439.43,31.49,19,2198.37
1980-7-20,0,5.838530566,0.7646,427.98,35,21.99,2633.59
1980-7-21,0,5.76929037,0.6796,414.91,35,22.5,2720
1980-7-22,28.65,5.544376502,0.7362,323.57,33.17,20.46,2394.19
1980-7-23,16.37,3.871794174,1.8689,199.72,26.05,19.81,2304.89
1980-7-24,0,4.489479333,2.0105,378.46,27.37,18,2080
1980-7-25,0,5.261502232,1.2743,491.75,30,15.22,1737.37
1980-7-26,0,5.036139221,0.9911,418.52,30.5,19,2200
1980-7-27,0,4.733970129,0.8778,383.56,29.47,19.48,2276.82
1980-7-28,0,4.342642552,0.7646,325.43,28.5,20.46,2392.83
1980-7-29,9.37,4.619188849,0.7646,263.82,30,21,2480
1980-7-30,0,4.734624603,0.7646,382.12,30,20,2320
1980-7-31,0,4.940795538,0.6796,406.3,31,19.98,2318.81
1980-8-1,3.31,5.30017726,0.6513,322.93,33.35,21.24,2516.75
1980-8-2,0,5.091064475,0.5663,398.25,32.5,21.24,2518.45
1980-8-3,4.58,5.258822652,0.5097,305.91,33.5,21.51,2562.29
1980-8-4,0,4.991854877,0.5097,385.06,32.39,21.5,2560
1980-8-5,0,4.913550549,0.5097,369.32,32.43,22.05,2647.46
1980-8-6,3.97,5.016902255,0.6513,293.54,32.72,21.5,2560
1980-8-7,0,5.013214484,0.7079,413.61,32.17,20.09,2334.37
1980-8-8,0,5.170592876,0.5097,420.79,33.26,20.51,2401.11
1980-8-9,0,4.8278752,0.4814,334.9,33.46,23.87,2969.98
1980-8-10,0,4.380243656,0.3964,336.71,30,20.92,2467.56
1980-8-11,5.59,4.596969611,0.4531,271.24,31.12,21,2480
1980-8-12,22.43,4.322286371,0.7646,251.91,30,21,2480
1980-8-13,0,4.434787987,0.9911,405.88,29,17.79,2046.65
1980-8-14,0,4.544609081,0.7362,427.92,29.5,17.24,1958.2
1980-8-15,0.03,3.820194776,0.623,277.54,28.5,21.5,2560
1980-8-16,0,3.786472954,0.5663,370.17,24.99,15.73,1778.14
1980-8-17,0,4.159956481,0.5097,469.03,25.88,12.34,1427.17
1980-8-18,0,3.23646149,0.4531,278.99,22.99,16.5,1880
1980-8-19,6.87,3.195343246,0.4531,176.47,25,19.53,2282.45
1980-8-20,0,3.938674639,0.4531,373.08,27.5,18,2080
1980-8-21,0,3.384776554,0.4531,324.83,23.91,16.36,1856.84
1980-8-22,0,3.083243905,0.4531,266.83,23.01,17,1920
1980-8-23,0,4.114201636,0.4248,453.84,27.5,14.5,1640
1980-8-24,0,4.376587284,0.3681,475.56,29.5,14.5,1640
1980-8-25,0,4.382766696,0.3115,463.62,30.05,15.5,1760
1980-8-26,0,4.556414441,0.2322,449.96,32,17.49,1998.22
1980-8-27,0,4.647510247,0.2095,434.81,33.25,19,2200
1980-8-28,0,4.600117562,0.1784,416.32,33.49,20,2320
1980-8-29,0,3.798717509,0.1784,316.91,29.7,21,2480
1980-8-30,0,3.96876389,0.1671,366.24,30,19.5,2280
1980-8-31,0,3.956220543,0.1671,340.28,30.92,21.19,2511.04
1980-9-1,0,4.173057354,0.0538,354.99,32.64,22,2640
1980-9-2,0,4.281264438,0.0396,362.1,33.58,22.36,2697.46
1980-9-3,0,4.000954679,0.0368,380.95,30.99,19.5,2280
1980-9-4,0,3.88059824,0.0396,429.37,29.04,15.38,1750.46
1980-9-5,2.99,3.367859509,0.0595,230.9,27.59,19.28,2245.32
1980-9-6,0,3.582660811,0.1784,338.27,29.1,19.5,2280
1980-9-7,0,3.784552052,0.1416,411.27,29.5,16.56,1885.17
1980-9-8,0,3.59687819,0.0934,435.06,27.5,13.4,1543.68
1980-9-9,0,3.570769211,0.0566,436.84,27.52,13,1480
1980-9-10,1,3.320249905,0.0481,371.68,26.54,15.51,1760.52
1980-9-11,0,3.337823214,0.0651,446.14,25.64,10.36,1268.73
1980-9-12,0,3.529807596,0.0425,446.25,28.08,11.79,1383.59
1980-9-13,0,3.386699637,0.0368,411.32,27.37,13.5,1560
1980-9-14,0,3.375495573,0.0425,325.6,29.29,18.98,2196.22
1980-9-15,0,3.007128062,0.0906,304.58,26.13,17,1920
1980-9-16,0,2.886012476,0.1671,353.41,23.88,13.16,1505.5
1980-9-17,0,3.190205682,0.1076,371.32,27.35,15,1720.25
1980-9-18,9.56,2.908545702,0.3681,225.23,26,16.72,1897.3
1980-9-19,0,2.940043184,0.3681,395.26,24.86,11.19,1335.23
1980-9-20,0,2.929967919,0.2577,367.25,25.5,13,1481.31
1980-9-21,0,3.118570608,0.1869,311.91,29,18.26,2100.83
1980-9-22,0,3.438031452,0.2209,322.22,32.5,20.55,2407.73
1980-9-23,0,3.152076881,0.2095,294.79,30.52,20.2,2351.75
1980-9-24,0,2.633004842,0.1501,309.69,24.49,14.48,1638.07
1980-9-25,33.16,2.048861543,0.3964,130.33,20.96,15.93,1794.32
1980-9-26,3.8,2.538416869,0.9628,275.31,23.76,13.01,1481.7
1980-9-27,0,2.282514875,0.5663,401.86,19.81,5.57,920
1980-9-28,0,2.427658998,0.3681,414.29,22.49,6.23,938.67
1980-9-29,0,2.376862924,0.3115,346.63,22.56,10.65,1292.25
1980-9-30,0,2.314938262,0.3115,289.92,23,13.5,1560
1980-10-1,0,2.090707083,0.4531,201.58,22.51,16.23,1836.76
1980-10-2,0,2.227682568,0.4531,234.52,24,16.5,1880
1980-10-3,11.94,1.943344852,0.4248,172.1,20,13,1480
1980-10-4,0,1.957832331,0.7646,311.51,19,9,1160
1980-10-5,0,1.878822135,0.623,320.95,18,7.5,1040
1980-10-6,0,1.887570703,0.538,336.54,18.5,7,1000
1980-10-7,0,1.832083613,0.4814,360.35,17.98,4.94,875.41
1980-10-8,0,1.98556247,0.4248,362.27,21.23,7.39,1031.38
1980-10-9,0,2.08744934,0.3681,337.78,23.43,10.76,1300.66
1980-10-10,3.63,1.823489871,0.3964,237.57,19.62,8.56,1125.15
1980-10-11,4.33,1.970773942,0.4814,236.13,22.7,11.26,1340.6
1980-10-12,0,1.650237185,0.538,319.63,17.5,6.41,952.59
1980-10-13,0,1.445498216,0.4531,300.57,14,4.13,813.94
1980-10-14,0,1.400740923,0.3681,329.36,13.5,2.03,719.41
1980-10-15,0,1.62256336,0.3681,350.27,18.94,5,880.25
1980-10-16,0,1.767388797,0.3681,350.72,22.55,7.5,1040.06
1980-10-17,0,1.851170579,0.3115,320.87,24.21,11.01,1320.67
1980-10-18,21.36,1.767797359,0.3115,183.62,23.36,14.36,1628.79
1980-10-19,13.38,1.56067387,0.7929,174.13,20.11,12,1400
1980-10-20,0,1.393229313,0.7362,279.5,16.79,6.76,980.83
1980-10-21,0,1.482921052,0.623,344.63,20.5,5,879.6
1980-10-22,0,1.384582126,0.5663,304.57,18,6,920.03
1980-10-23,0,1.16262947,0.538,316.93,13.49,0.85,640
1980-10-24,0,1.175366791,0.538,278.68,14,3.53,800
1980-10-25,44.77,1.338685603,2.1804,208.93,18.66,7.45,1036.11
1980-10-26,0,1.060905878,2.8034,211.45,12,4.5,840
1980-10-27,0,0.988617796,2.0954,247.87,10.5,1.5,680
1980-10-28,5.04,1.087425888,1.2743,169.62,13.81,5.7,920
1980-10-29,0,0.978059631,1.1893,260.84,11.45,1.77,701.33
1980-10-30,0,0.954258423,0.9628,269.73,11.5,1.15,651.95
1980-10-31,0,0.98670457,0.8212,322.43,15.5,-0.15,600
1980-11-1,0,1.02896335,0.7929,285,15.77,3.27,781.93
1980-11-2,0,0.883406518,0.7362,283.79,11.97,-0.41,600
1980-11-3,0,0.815163002,0.7079,313.61,12.24,-3.5,480
1980-11-4,12.97,1.007071324,0.7646,137.98,15.34,8.01,1080.6
1980-11-5,9.62,0.879613103,1.2743,176.22,12.63,2.85,748.26
1980-11-6,0,0.746102073,1.0477,294.03,11,-3.21,480
1980-11-7,0,0.955744724,0.8495,261.99,17.5,5.24,898.83
1980-11-8,0.26,1.048497976,0.7646,251.44,20.5,8.5,1120
1980-11-9,2,0.899253261,0.7646,285.99,19.58,4.1,815.44
1980-11-10,0,0.832645855,0.7646,246.31,15.1,3.62,800
1980-11-11,0,0.685870746,0.6513,175.92,8,0.87,640
1980-11-12,0,0.672034102,0.6513,177.89,8,0.75,640
1980-11-13,0,0.709819166,0.6513,269.31,14.5,0.74,640
1980-11-14,0,0.8337044,0.623,260.33,19.5,5.74,920
1980-11-15,0,0.768112924,0.623,180.8,13.5,5.74,920
1980-11-16,0.01,0.611291281,0.623,206.63,8.42,-0.42,600
1980-11-17,0,0.524094169,0.623,255.87,7.71,-4.76,440
1980-11-18,14.82,0.600004611,1.5008,124.63,7.74,0.75,640
1980-11-19,0,0.534020125,1.4442,191.27,5.94,-2.28,520
1980-11-20,0,0.487411429,1.0194,254.28,8.02,-4.7,440
1980-11-21,0,0.480463213,0.8778,263.56,10,-4.18,440
1980-11-22,0,0.532650272,0.8212,235.14,10.5,-1,560
1980-11-23,0,0.452614735,0.7929,255.35,9.16,-4.5,440
1980-11-24,9.95,0.635190601,0.8495,134.44,13.03,4.79,863.04
1980-11-25,11.76,0.590748336,1.2743,146.15,12.5,3.28,782.32
1980-11-26,0,0.489536944,0.9628,204.35,8.5,-1.19,560
1980-11-27,0.99,0.461329161,0.7646,205.23,7.6,-2.26,520
1980-11-28,15.76,0.575313945,1.076,145.37,13.46,3.97,801.52
1980-11-29,0,0.513429209,1.1327,150.27,8,1.26,660.55
1980-11-30,0,0.496336315,0.8212,186.74,9.58,0.87,640
1980-12-1,0,0.532849573,0.7079,228.98,17,4.24,819.22
1980-12-2,0,0.557538743,0.6796,205.14,15.5,5,880.19
1980-12-3,1,0.451607639,0.5947,213.72,11,0.22,617.61
1980-12-4,0,0.386525843,0.538,181.91,4,-4.3,440
1980-12-5,0,0.373036822,0.538,201.37,5.08,-4.53,440
1980-12-6,0,0.363657514,0.5663,232.91,9.5,-3.17,480
1980-12-7,0,0.410260975,0.5663,228.1,12.99,0.38,630.51
1980-12-8,0,0.507467796,0.5663,223.83,19,5.87,920
1980-12-9,2,0.53665085,0.5663,199.45,16.65,6.21,936.96
1980-12-10,0,0.453657457,0.5947,192.61,11.45,2,720
1980-12-11,0,0.393249255,0.5663,148.6,4,-2.56,515.24
1980-12-12,0,0.381236167,0.538,189.18,6.85,-2.25,520
1980-12-13,0,0.390148555,0.5097,226.44,13.76,1,640
1980-12-14,0,0.293591062,0.5097,240.38,9.5,-4.75,440
1980-12-15,0,0.293104289,0.4814,220.71,4.34,-7.31,359.6
1980-12-16,3,0.431814943,0.5663,93.04,5.65,0.13,616.6
1980-12-17,0,0.290529197,0.623,212.68,2.72,-8,320
1980-12-18,0,0.223531148,0.538,250.45,5.52,-10.5,280
1980-12-19,0,0.29811116,0.5097,223.86,6.68,-5.77,400
1980-12-20,0,0.251453549,0.4814,208.18,-1.5,-12.03,240
1980-12-21,0,0.248063701,0.4248,199.59,-3,-12.7,240
1980-12-22,0,0.218437688,0.4248,244.87,0.9,-13.72,200
1980-12-23,6.84,0.29999853,0.5097,158.88,0.94,-8.12,320
1980-12-24,4,0.33936703,0.5947,149.58,3.17,-5.26,419.22
1980-12-25,0,0.205893143,0.623,278.36,-0.76,-15.97,168.88
1980-12-26,0,0.20821626,0.4814,260.87,-4.32,-17.18,160
1980-12-27,0,0.279822979,0.4531,233.5,0.69,-9.96,280
1980-12-28,0,0.403121737,0.5097,196.64,7.19,-1.36,559.46
1980-12-29,0.28,0.48346044,0.5947,138.93,8.09,2.38,720
1980-12-30,0,0.399512058,0.623,184.08,7,-1.92,526.09
1980-12-31,0.14,0.446896379,0.5663,161.51,7.55,0.23,623.05
1981-1-1,0,0.36599238,0.5097,140.06,-0.16,-5.2,424.2
1981-1-2,0,0.360279329,0.5097,206.97,2.57,-5.46,402.9
1981-1-3,0,0.306880462,0.4814,253.7,1.7,-9.22,302.16
1981-1-4,0,0.272898114,0.4531,255.17,-2.01,-12.81,240
1981-1-5,0,0.277869693,0.3681,252.16,-2.28,-12.76,240
1981-1-6,0,0.267408134,0.3964,293.88,2.1,-13,240
1981-1-7,5.61,0.358886279,0.5097,189.25,3.7,-6.8,360
1981-1-8,0,0.288907644,0.5097,264.05,-2,-12.99,228.97
1981-1-9,0,0.258490771,0.4531,287.38,-3.44,-16.41,160
1981-1-10,0,0.317041284,0.4248,215.03,-3.37,-11.22,262.25
1981-1-11,0,0.285902456,0.3964,239.12,-5.25,-14.24,200
1981-1-12,0,0.252828641,0.3964,237.13,-8.5,-17.25,160
1981-1-13,0,0.256739695,0.3964,288.81,-6.21,-18.5,148.73
1981-1-14,0,0.333586035,0.4248,307.56,2.53,-12.27,240
1981-1-15,2.98,0.413064046,0.4531,202.57,3.5,-7.16,360
1981-1-16,0.26,0.458412877,0.4814,137.25,1,-3.5,480
1981-1-17,2.1,0.393460391,0.5097,184.16,-1.96,-8.27,320
1981-1-18,0,0.350143723,0.538,275.57,-2.49,-13,228.45
1981-1-19,0,0.457022408,0.4531,295.38,5.3,-6.98,360
1981-1-20,0,0.557278339,0.4531,252.48,7.49,-1.77,539.77
1981-1-21,0,0.526914498,0.4531,209.5,4,-3.05,480
1981-1-22,0,0.47401776,0.4248,326.81,6.97,-8.35,320
1981-1-23,0,0.574039899,0.4248,221.11,5.5,-1.94,524.42
1981-1-24,0,0.581442795,0.4248,217.74,5.24,-2,520.04
1981-1-25,0,0.564634044,0.4248,286.67,5.88,-4.75,440
1981-1-26,0,0.658257852,0.4248,265.69,8.69,-0.74,580.6
1981-1-27,0,0.759439238,0.4814,218.04,11.03,3.73,800
1981-1-28,0,0.680826401,0.5097,258.24,8.42,-0.98,561.32
1981-1-29,0,0.631393792,0.4814,258.97,5.73,-3.53,477.38
1981-1-30,0,0.527004881,0.4531,262.78,0.5,-8.62,320
1981-1-31,0,0.532146091,0.4531,295.59,1,-10.14,280
1981-2-1,0,0.575629182,0.4531,352.2,7.23,-12.33,240
1981-2-2,16.28,0.78174924,0.7929,226.49,11,-1.98,521.44
1981-2-3,0,0.557343223,1.076,263.64,-0.06,-9.6,280
1981-2-4,0,0.496399015,0.9911,284.14,-2.99,-13.5,200
1981-2-5,0,0.503597645,1.0194,262.23,-3.5,-12.47,240
1981-2-6,0,0.615565524,1.0194,341.51,2.75,-12.56,240
1981-2-7,0,0.750416418,1.0477,330.3,6.84,-7.19,360
1981-2-8,13.29,0.830452743,1.076,200.61,7.5,-2.14,520
1981-2-9,0,0.711476722,1.1893,277.8,2.92,-7.01,360
1981-2-10,0,0.823703566,1.1044,331.78,7.44,-6.74,360
1981-2-11,16.83,1.079998639,1.3875,230.42,13.99,1.35,667.73
1981-2-12,0,0.902620934,2.237,361.64,10.98,-8.5,320
1981-2-13,0,0.687128277,1.8689,275.19,0,-9.58,280.03
1981-2-14,0,0.851843066,1.6424,341.15,5.83,-8.55,320
1981-2-15,0,0.962169588,1.2176,333.82,8.4,-5.5,400
1981-2-16,0,1.115954652,1.1893,348.55,12.67,-3.22,480
1981-2-17,0,1.327524599,1.0477,291.09,16.03,4.62,849.36
1981-2-18,0,1.465162656,1.0477,341.22,19.5,3.92,800
1981-2-19,0.01,1.401652813,1.076,294.01,16.48,5.02,881.44
1981-2-20,12.02,1.249313168,1.3875,130.15,13.47,7.62,1049.52
1981-2-21,3.54,1.253992581,1.4725,158.85,12.48,5.5,919.93
1981-2-22,4.97,1.254345304,1.3026,139.37,12.5,6.51,961.12
1981-2-23,8,1.327412184,1.2176,171.3,13,5.5,920
1981-2-24,11.5,1.412792803,1.5291,219.58,13.79,3.59,800
1981-2-25,0,1.253299791,1.2743,256.45,10,1.76,701.11
1981-2-26,1.79,1.223630674,1.1044,211.38,9.5,3,760
1981-2-27,0,1.383541256,1.0194,313.19,11.48,0.88,640
1981-2-28,0,1.401498756,0.9628,373.88,11.41,-3.01,480
1981-3-1,0,1.437486629,0.9345,291.66,11.75,2.24,720
1981-3-2,0,1.357908253,0.9061,304.84,9.5,-0.33,600
1981-3-3,0,1.212410452,0.8495,300.6,6.01,-3.11,480
1981-3-4,0,1.187482617,0.8212,359.56,4.71,-7,360
1981-3-5,18,1.065430399,1.3875,140.92,3.66,-1.42,560
1981-3-6,5.99,1.151479935,1.699,176.7,4.44,-1.94,524.4
1981-3-7,0,1.21904947,1.3592,272.83,5,-2.5,520
1981-3-8,0,1.337709688,1.2176,267.06,7.33,0.2,615.61
1981-3-9,0,1.431415873,1.1044,256.02,9.17,2.5,720
1981-3-10,0,1.524023515,0.9911,319.78,9.5,0.8,640
1981-3-11,0,1.517052866,0.9628,356.6,8.5,-1.53,552.44
1981-3-12,3.24,1.462138324,0.9911,261.14,7.23,-2.16,520
1981-3-13,0,2.029329185,0.9061,427.85,15.75,1.13,650.33
1981-3-14,0,1.854770495,0.8495,432.97,12.46,-1.67,546.14
1981-3-15,0,1.835882359,0.7929,437.27,11.68,-2.6,512.33
1981-3-16,5,1.817040761,0.8778,303.58,11.22,-0.5,600
1981-3-17,0,1.625876434,0.9911,426.82,7.5,-5.02,438.32
1981-3-18,0,1.40497696,0.8778,398.41,3.65,-6.81,360
1981-3-19,0,1.382355492,0.8495,337.08,3.73,-4.23,440
1981-3-20,0,1.410724387,0.8495,372.11,3.53,-5.37,410.94
1981-3-21,0,1.538883103,0.8212,340.73,6,-1.78,537.51
1981-3-22,0,1.78122618,0.8212,426.95,8.33,-3,480
1981-3-23,0,1.736690201,0.8212,374.81,8.05,-0.97,562.15
1981-3-24,0,2.119047927,0.7929,472.31,12.07,-2.77,498.66
1981-3-25,0,2.007014289,0.7646,435.45,10.5,-1.5,560
1981-3-26,0,2.138834634,0.7362,485.99,11.5,-4.5,440
1981-3-27,1,2.413570666,0.7079,426.79,15.5,3.48,767.04
1981-3-28,0,2.452910114,0.6796,471.76,15,-0.01,599.1
1981-3-29,0,2.979078706,0.6796,484.79,21,3.75,720.61
1981-3-30,9.13,2.553908517,0.6796,245.78,18.39,10.04,1243.52
1981-3-31,9.65,3.069330564,0.7362,324.34,21.97,8.91,1152.42
1981-4-1,7.75,2.78276538,0.6513,305.93,18.7,7.34,1027.1
1981-4-2,18.86,2.878863881,0.9628,307.56,19.48,8,1080
1981-4-3,0,3.212373983,0.8778,495.02,21.56,3.99,799.11
1981-4-4,0,2.870935598,0.7929,319.35,20.9,12.54,1442.95
1981-4-5,0,2.667490002,0.8212,300.17,18.59,10.99,1318.83
1981-4-6,20.96,2.522673519,2.4352,278.14,14.55,4.99,879.46
1981-4-7,0,2.584786983,2.0388,448.75,13.55,0.76,640
1981-4-8,0,3.0160963,1.2743,466.61,17.91,3.5,800
1981-4-9,1.99,2.977382958,0.9911,344.79,19.72,10.5,1280
1981-4-10,0,3.148004565,0.9345,458.43,18.86,4.92,873.35
1981-4-11,3,3.329102735,0.9061,322.61,21,8.25,1099.78
1981-4-12,13,3.112146864,1.161,305.54,18.87,7.5,1040
1981-4-13,3.32,2.095524506,1.2743,186.33,10.4,4.79,862.86
1981-4-14,14,2.703583881,1.3309,273.69,14.83,5.75,920
1981-4-15,0,2.748727551,1.8689,438.6,13.6,2,720
1981-4-16,0,2.911081753,1.3309,512.15,13.99,-1.82,534.03
1981-4-17,0,3.135087382,1.0194,387.93,18.5,8.46,1116.68
1981-4-18,0,3.88563413,0.9911,427.33,24.91,12.5,1440
1981-4-19,0,3.584338288,0.9345,477.61,20.59,6.17,933.85
1981-4-20,2,2.889716279,0.9061,369.17,15.33,6,920
1981-4-21,0,2.894857916,0.8495,486.04,12.92,-1,560
1981-4-22,0,2.990320727,0.8212,484.21,13.69,-0.28,600
1981-4-23,8.32,3.736523057,0.8212,362.5,20.92,6.22,937.51
1981-4-24,12.84,3.70564215,1.1893,325.61,21.4,9.11,1169.08
1981-4-25,0,2.415530723,1.2459,251.46,12.08,6.3,943.87
1981-4-26,0,3.190111063,1.0194,456.92,15.5,3.24,779.22
1981-4-27,0,3.600335129,0.9628,432.36,20.01,8.49,1118.81
1981-4-28,8.83,4.128884929,0.9061,415.01,23.15,7.59,1047.37
1981-4-29,8.44,4.715781316,0.9345,356.19,28.5,13.47,1555.44
1981-4-30,1.19,3.732416845,0.9061,413.64,21.13,10.23,1258.2
1981-5-1,7,3.421531545,0.9061,309.58,17.91,7.4,1031.97
1981-5-2,14.33,2.93056852,1.4725,228.83,15.57,8.51,1120.8
1981-5-3,2.51,3.739421359,1.3309,408.15,19.5,6.97,997.63
1981-5-4,0,4.370280568,1.0477,529.91,23.5,6.31,944.91
1981-5-5,0,3.4503935,0.9911,370.38,18.64,9.53,1202.18
1981-5-6,0,3.621118631,0.9061,413.76,19,8.46,1116.44
1981-5-7,0,3.568520248,0.8778,470.3,17.03,4.5,840
1981-5-8,0,3.765630168,0.8212,536.77,17.4,1,640
1981-5-9,0,3.854232082,0.7929,507.41,18.5,3.76,800
1981-5-10,0.78,3.726131937,0.7929,370.8,20.37,10.93,1314.72
1981-5-11,19.58,2.796457639,0.9345,139.77,18.2,14,1600
1981-5-12,22.68,3.608613077,1.2459,252.37,20.49,12.5,1440
1981-5-13,0,4.196789544,1.0194,506.69,21,6.34,947.26
1981-5-14,0,4.364387275,0.9345,454.05,23.5,11,1320
1981-5-15,0,4.087310577,0.9345,374.51,23.21,13.68,1574.65
1981-5-16,28.47,4.004481391,2.322,295.48,21.86,12,1400.04
1981-5-17,0,4.098975272,1.9822,442.38,21.22,9.72,1217.3
1981-5-18,0,3.690487685,1.3592,420.52,17.98,7.66,1052.44
1981-5-19,2.52,2.861756803,1.076,246.67,13.51,7.35,1027.88
1981-5-20,2.22,4.051885733,1.0194,460.09,19.48,6.58,966.15
1981-5-21,0,4.530789812,0.9628,524.68,22.47,7,1000
1981-5-22,0,5.111654151,0.9061,562.91,26.01,6,920
1981-5-23,0,5.174337504,0.8778,563.56,26.33,6,920
1981-5-24,0,5.198311925,0.8495,510.41,27.5,11.43,1354.35
1981-5-25,0,5.215773274,0.7646,486.17,28,13,1480
1981-5-26,0,5.241279061,0.7079,414.42,30.02,17.93,2068.29
1981-5-27,0,4.834918761,0.6513,379.01,27.92,17.5,2000
1981-5-28,10.79,4.016006126,0.7929,217.54,24.21,17,1920
1981-5-29,6.49,4.322159974,0.8778,257.91,25,16.36,1856.84
1981-5-30,0,5.048566093,0.8212,424.19,28.24,16.5,1880
1981-5-31,0,4.84057943,0.7362,393.35,27.5,17,1919.74
1981-6-1,0,4.673398937,0.7079,461.96,23.97,11.24,1339.22
1981-6-2,9.67,3.423862316,0.7929,178.19,20.51,15,1720
1981-6-3,2.12,3.546005645,0.9628,225.85,20.8,14.81,1690.05
1981-6-4,0,4.945616991,0.9061,380.94,28.75,18.76,2161.66
1981-6-5,0,5.048788651,0.8212,410.9,28.5,17.52,2003.35
1981-6-6,0.83,4.867581811,0.7362,351.58,28.5,18.98,2196.65
1981-6-7,0,4.839346228,0.6796,394.42,27.53,17.5,2000.72
1981-6-8,0,4.905108903,0.623,469.39,25.73,13.25,1519.55
1981-6-9,0.03,5.261840429,0.538,397.16,30.59,20,2320
1981-6-10,4,4.544119995,0.538,263.91,26.41,17.76,2041.76
1981-6-11,0,4.780643062,0.5663,395.56,26.75,16.68,1892.91
1981-6-12,0,5.196598635,0.4814,442.36,28.5,16.52,1881.72
1981-6-13,0,4.644854469,0.4531,353.73,27.21,18.5,2120
1981-6-14,14.08,4.285535839,0.5663,268.93,23.96,15.5,1760
1981-6-15,9.05,4.64668569,1.3592,292.89,25.93,16.32,1850.6
1981-6-16,0,5.704028637,1.1044,434.14,32.33,19.99,2318.88
1981-6-17,0,5.320033393,0.7646,399.71,30.75,20.06,2329.86
1981-6-18,0,5.07302339,0.5947,450.91,27.18,15.05,1724.25
1981-6-19,6.27,4.682615678,0.538,300.97,25.73,15.71,1777.04
1981-6-20,20.1,4.650477287,0.9345,261.1,27.5,19,2200
1981-6-21,12.36,5.111326503,2.1804,316.16,28.79,18,2080.25
1981-6-22,3.6,5.571897903,1.4442,321.63,32.01,20.5,2400
1981-6-23,0,5.200314894,0.7362,430.23,29.5,18.62,2139.12
1981-6-24,0,5.171517274,0.4814,471.94,28,15.79,1783.27
1981-6-25,12.45,5.457111291,0.5097,332.85,30.97,19.33,2252.67
1981-6-26,0,5.067840722,0.538,464.09,27.5,15.7,1776
1981-6-27,0,4.879292846,0.8495,490.12,25.18,12.5,1440
1981-6-28,0,5.259467673,0.6796,521.11,27,11.96,1397.07
1981-6-29,0,5.718094095,0.5663,545.46,29.5,11.5,1360
1981-6-30,0,5.1325746,0.5097,495.25,26.75,13,1480
1981-7-1,0,4.288621572,0.4814,308.54,26.49,19.34,2254.18
1981-7-2,1.25,3.961249513,0.4814,264.84,25.5,19.5,2279.21
1981-7-3,0,4.324619103,0.4248,310.48,26.76,19.5,2280
1981-7-4,24.72,3.46782176,0.7079,145.78,24.81,20.52,2402.45
1981-7-5,0,4.396523598,1.3026,334.22,26.76,19.04,2206.72
1981-7-6,0,4.838397716,0.9628,372.23,29.03,19.96,2316.82
1981-7-7,0,5.59180904,0.7362,447.15,32,19.6,2287.81
1981-7-8,0,5.806983034,0.6796,444.44,33.54,20.81,2449.05
1981-7-9,0,5.768354752,0.6513,407.98,34.47,23,2800
1981-7-10,0,5.48386368,0.5947,368.78,33.96,24,2999.43
1981-7-11,0,5.768830663,0.5663,479.54,32.36,18.01,2080.26
1981-7-12,0,5.829104254,0.538,455.91,33.49,19.99,2319.36
1981-7-13,0,5.574030006,0.538,401.07,33.5,22.27,2683.62
1981-7-14,0,5.172642625,0.538,378.64,31.5,21.45,2551.92
1981-7-15,0,5.297588946,0.5097,478.96,29.3,15.5,1760
1981-7-16,0,5.213234766,0.4814,469.88,29.02,15.7,1775.99
1981-7-17,0,4.73078193,0.4814,372.77,28.49,19.02,2202.7
1981-7-18,0,5.387593012,0.4531,473.32,30.37,16.5,1880
1981-7-19,0,6.012840961,0.4531,478.52,34.5,18.92,2186.71
1981-7-20,3.47,4.74370202,0.4531,243.64,31.76,24,3000
1981-7-21,2.99,5.506296885,0.4814,332.1,34,22.87,2778.52
1981-7-22,0,5.209339769,0.538,418.49,31,19.24,2238.45
1981-7-23,0,4.979037508,0.5097,465.92,27.99,14.73,1677.34
1981-7-24,0,4.851080651,0.5097,434.81,28,16.09,1814.46
1981-7-25,0,4.378610664,0.5097,361.55,26.6,17.49,1998.73
1981-7-26,0,4.780590944,0.4814,394.44,29,18.5,2120.68
1981-7-27,0,5.034760913,0.4531,382.38,31.5,21,2480
1981-7-28,4.42,4.857149861,0.3964,307.2,29.5,18.47,2117.52
1981-7-29,2.02,5.060745145,0.3681,402.52,30.57,18.5,2119.82
1981-7-30,0,5.138619781,0.3398,509.73,29.19,13.29,1510.77
1981-7-31,0,5.157108104,0.3398,506.2,29.5,13.5,1527.75
1981-8-1,0,5.067454204,0.3681,491.13,29.25,14,1563.1
1981-8-2,0,5.193473561,0.3964,503.46,30.02,13.5,1494.76
1981-8-3,25.14,4.861098817,0.4531,301.99,30,18.24,2099.22
1981-8-4,15.4,4.637537064,0.5097,250.58,30.5,21.03,2484.42
1981-8-5,0,5.025371363,0.4814,366.88,32.55,21.52,2563.8
1981-8-6,0,4.567590416,0.4531,367.26,29.15,18.74,2158.45
1981-8-7,0,4.709694327,0.4248,419.1,29,16.63,1890.57
1981-8-8,18.44,3.889790207,0.4248,196.32,27.5,20.56,2408.97
1981-8-9,10.63,4.280192818,0.4531,235.96,29.13,20.5,2400
1981-8-10,0,4.783929,0.5097,359.64,32,21.5,2559.94
1981-8-11,21.17,4.547972329,0.5947,250.27,31.22,21.79,2605.73
1981-8-12,21.41,3.754866873,0.7362,212.38,26.26,19.02,2203.47
1981-8-13,18.63,4.14959701,1.3026,266.89,27.54,18,2080
1981-8-14,0,4.685444294,0.9628,417.49,30.49,18.15,2091.62
1981-8-15,0,4.325228145,0.6796,335.16,30.26,21.05,2488.08
1981-8-16,11.93,4.240044658,0.6796,252.14,29.67,20.48,2396.25
1981-8-17,0,4.267266076,0.623,464,26.51,12.7,1456.07
1981-8-18,0,4.339279386,0.5663,490.21,26.79,11.24,1339.22
1981-8-19,0,3.958540672,0.538,439.51,24.69,12.16,1412.91
1981-8-20,0,3.6680889,0.5097,353.77,24.5,15.25,1740.05
1981-8-21,0,3.946582807,0.4531,441.2,25.03,12.29,1423.45
1981-8-22,0.01,3.474915027,0.5097,352.92,23.06,14,1600
1981-8-23,0,3.872969405,0.5097,397.33,26,15,1720
1981-8-24,0,4.343936644,0.5097,438.76,29.4,15.72,1777.22
1981-8-25,4.05,3.850419045,0.4814,304.12,25.96,14.38,1630.1
1981-8-26,0,3.450058949,0.4248,341.41,24,14.97,1715.99
1981-8-27,0,3.915270908,0.4531,409.97,27,14.98,1716.03
1981-8-28,0,3.995396361,0.4531,390.05,28.5,17,1920
1981-8-29,0,3.728523709,0.4814,356.54,27.25,17.32,1971.77
1981-8-30,0,3.592942231,0.4814,333.06,27,18,2080
1981-8-31,0,3.514013836,0.4814,320.73,27,18.5,2120
1981-9-1,17.29,3.527392625,0.4814,241.81,27.5,19,2200.49
1981-9-2,0,3.333807583,0.4531,299.14,26.64,19,2200
1981-9-3,0,3.101682506,0.4531,281.56,25,18.03,2082.21
1981-9-4,0,2.774096193,0.4531,242.39,23,17.28,1964.24
1981-9-5,0,3.12856145,0.4248,339.53,24,15.5,1760
1981-9-6,0,3.405387839,0.4248,395.78,25.74,14.96,1712.89
1981-9-7,0,3.016775166,0.4531,302.26,24.5,17,1919.97
1981-9-8,0,3.18218695,0.4531,313.15,26.33,18.28,2102.44
1981-9-9,15.78,3.321935954,0.4531,320.8,25,12.5,1440
1981-9-10,0,3.401678458,0.4531,469,25.39,9.47,1197.95
1981-9-11,0,3.602358251,0.4531,408.99,28.79,15.89,1790.95
1981-9-12,0,3.776926852,0.4248,397.11,31,18,2080
1981-9-13,0,3.618421788,0.4248,413.06,29.51,15.77,1781.24
1981-9-14,0,3.645161441,0.4814,365.86,31,19.26,2241.21
1981-9-15,7.44,3.321494008,0.5947,245.36,29.01,19.17,2227.54
1981-9-16,33.25,2.624344277,0.7929,212.97,22.5,15,1720.26
1981-9-17,0,2.53945167,1.2176,301.44,21.3,13.48,1556.65
1981-9-18,12.51,2.261341981,0.9061,160.44,20.95,15.69,1774.83
1981-9-19,8.69,2.370751067,0.9061,216.47,20.16,12.9,1471.97
1981-9-20,0,2.695992408,0.6796,363.11,23,12.87,1469.7
1981-9-21,0,2.780500458,0.5947,409.95,23.5,10.71,1297.17
1981-9-22,0,2.869043796,0.4814,355.39,26,15.48,1758.49
1981-9-23,0,2.587716384,0.3681,400.12,22.01,9.77,1221.93
1981-9-24,0,2.346938808,0.3398,364.92,19.75,9.5,1200
1981-9-25,0,2.59825268,0.3115,425.85,22.73,8,1080
1981-9-26,0,2.693266078,0.3115,420.08,24.51,9.5,1200
1981-9-27,0,2.807348066,0.3115,371.17,26.87,14.56,1650.84
1981-9-28,0,2.550973666,0.3398,372.9,24,11.93,1394.52
1981-9-29,0,2.195018214,0.3115,416.28,19,4.5,839.89
1981-9-30,0,2.192666019,0.3398,408.5,19.5,5.1,887.76
1981-10-1,2.6,2.473176679,0.3115,332.22,24.21,10.45,1276.09
1981-10-2,7.41,2.243738442,0.623,272.65,21.52,9.17,1173.38
1981-10-3,0,1.812520281,0.5947,319.04,15.5,5.72,920
1981-10-4,0,1.95258586,0.3115,376.92,17.83,4.46,836.66
1981-10-5,0,2.283674095,0.3115,348.41,23.69,10.97,1317.88
1981-10-6,0,2.2313702,0.3398,335.34,23.5,11.36,1348.79
1981-10-7,0,1.905643387,0.3115,274.88,19.5,10.5,1280
1981-10-8,0,1.696146687,0.2832,281.63,16.08,6.94,995.58
1981-10-9,0,1.712997578,0.3398,348.29,16.38,3.85,800
1981-10-10,0,1.661658642,0.3964,359.66,16,2.63,731.73
1981-10-11,0,1.634546843,0.4531,351.4,16.04,3.03,762.76
1981-10-12,0,1.536004922,0.538,331.08,14.64,2.87,749.65
1981-10-13,0,1.524183918,0.623,344.93,15,2.21,718.42
1981-10-14,0,1.59872834,0.4814,378.03,17.75,1.31,664.72
1981-10-15,0,1.59145165,0.5097,377.06,18.44,1.43,674.27
1981-10-16,0,1.673591646,0.5947,380.09,21.5,2.5,720
1981-10-17,0,1.577970033,0.5097,345.83,19,3.75,800
1981-10-18,0,1.51047587,0.5097,326.64,17.98,3.9,804.44
1981-10-19,11.61,1.386024899,0.6796,211.4,15.5,4.21,817.01
1981-10-20,0,1.273838854,0.4531,342.22,14.5,-1.27,560
1981-10-21,0,1.513968263,0.3398,303.27,19.85,6.3,949.23
1981-10-22,0,1.587947006,0.3681,297.5,22,8.3,1103.82
1981-10-23,7.19,1.531314904,0.3398,196.14,21,9.55,1204.4
1981-10-24,9,1.233113545,0.4531,220.82,15.39,2.26,720
1981-10-25,23.16,1.133988491,0.5663,194.21,12.99,2.15,719.7
1981-10-26,16.2,1.324895428,1.2176,143.07,18.23,10.43,1274.19
1981-10-27,7.06,1.41169714,1.1044,126.21,21,14,1600
1981-10-28,0,1.37741939,1.0477,231.38,20.5,10.5,1280
1981-10-29,0.01,1.130710645,0.9911,192.38,15,7.34,1026.99
1981-10-30,0,0.949372457,0.8495,111.11,11.35,7.25,1020.05
1981-10-31,0,0.975085767,0.7929,120.89,12.44,8,1080
1981-11-1,0,1.093669108,0.6796,210,15.68,7.35,1027.7
1981-11-2,0,1.183854094,0.623,287.39,20.5,6.66,972.91
1981-11-3,0,1.121576006,0.5947,269.39,18.84,6.5,960
1981-11-4,0,1.041527968,0.538,311.01,20.49,3.32,785.78
1981-11-5,0,0.97059263,0.538,313.41,19.99,1.93,714.63
1981-11-6,7.68,1.069191332,0.6796,172.97,18.5,7.98,1078.37
1981-11-7,0,0.86660972,0.6796,174.93,12,4.76,860.55
1981-11-8,0,0.871252142,0.5947,255.09,14.76,2.73,738.67
1981-11-9,0,0.870423508,0.5947,284.27,17.71,2.5,720
1981-11-10,0,0.818355402,0.623,218.1,12.98,3.23,778.38
1981-11-11,0,0.821245614,0.623,201.81,13.24,4.34,827.41
1981-11-12,0,0.717151727,0.623,219.58,10.5,0.74,640
1981-11-13,0,0.680199432,0.6796,240.01,10.5,-0.59,592.9
1981-11-14,0,0.764719631,0.7362,164.71,11.95,5.09,887.48
1981-11-15,4.91,0.755689818,0.9061,80.73,11.5,7.29,1023.51
1981-11-16,6,0.741251805,0.8778,119.94,11.84,5.5,920
1981-11-17,9.57,0.642415072,1.076,163.9,10,0.83,640
1981-11-18,9.78,0.737242099,1.6141,129.39,12.91,5.98,920
1981-11-19,0,0.700572673,1.3309,217.01,13.5,4.27,821.71
1981-11-20,2.52,0.740013044,1.161,203.04,16.6,6,920
1981-11-21,0,0.640116005,0.9628,205.78,11.5,3.05,763.74
1981-11-22,0,0.571579418,0.7079,155.09,7,1.23,658.7
1981-11-23,0,0.48941558,0.5663,216.35,5.5,-3.18,480
1981-11-24,0,0.426360873,0.538,250.75,4.69,-6.5,360
1981-11-25,0,0.477552778,0.5947,211.05,5.75,-2.84,493.13
1981-11-26,0,0.4160446,0.5663,263.82,8,-5.51,401.06
1981-11-27,0,0.506562075,0.5947,267.25,18.21,1.92,711.97
1981-11-28,0,0.510827279,0.538,237.06,12.56,0.84,640
1981-11-29,0,0.534619779,0.4531,154.01,8.4,2,720
1981-11-30,0,0.405460108,0.4531,228.22,6.5,-4.5,440
1981-12-1,15.8,0.324447839,0.5947,225.18,9.69,-7,360
1981-12-2,14.45,0.490332105,1.2459,192.26,14,1.95,715.96
1981-12-3,1.98,0.484772617,1.1327,212.94,9.91,1.06,644.93
1981-12-4,2.17,0.462372163,0.8778,221.4,10.39,0.5,640
1981-12-5,4,0.487874089,0.8778,129.14,8,1.5,679.83
1981-12-6,0,0.455877367,0.7929,153.6,5.5,-0.11,600
1981-12-7,0,0.463743712,0.7079,151.2,6.88,0.65,640
1981-12-8,2.76,0.500480664,0.6796,131.47,9.82,3,760
1981-12-9,0,0.404127056,0.6513,191.69,6.23,-1.98,521.9
1981-12-10,0,0.396434177,0.623,118.53,1.5,-3,480
1981-12-11,0,0.363569955,0.5947,183.24,3,-4.5,440
1981-12-12,0,0.381035056,0.5947,188.16,4.8,-3,480
1981-12-13,0,0.301208519,0.5663,237.54,4.5,-7.14,360
1981-12-14,14.62,0.300267489,0.623,200.81,5.66,-6.54,360
1981-12-15,32.51,0.433173951,1.4725,113.68,5.47,0.04,607.79
1981-12-16,15.37,0.418784591,2.6051,103.3,4,-0.88,569.84
1981-12-17,0,0.320544028,2.1804,251.02,5.63,-5.24,420.6
1981-12-18,0,0.372079595,1.4158,210.13,5.38,-2.76,498.84
1981-12-19,0,0.299884815,1.1044,216.02,0,-8.26,320
1981-12-20,0,0.2971109,0.9345,197.73,-1.5,-8.75,320
1981-12-21,0,0.257480415,0.8495,261.98,0.82,-10.8,280
1981-12-22,1.4,0.388125299,0.8212,197.61,5.68,-1.89,534.01
1981-12-23,1.29,0.383809844,0.8495,264.6,15.94,2.07,720
1981-12-24,0,0.353377369,0.8495,248.56,10.5,-1.63,549.76
1981-12-25,0,0.383449314,0.8212,183.45,4.88,-2.5,520
1981-12-26,0.98,0.305407748,0.7646,259.08,5.63,-6.24,380.88
1981-12-27,1.06,0.463131221,0.7929,140.54,7.17,1.65,692.27
1981-12-28,0,0.379511895,0.7646,209.61,7,-2.36,518.32
1981-12-29,0,0.42079554,0.7646,182.39,7,-0.6,592.34
1981-12-30,0,0.323036684,0.7079,228.44,4.19,-6.5,360
1981-12-31,7.77,0.309235476,0.6796,205.87,5.5,-6.95,360
1982-1-1,12.48,0.46112,1.161,128.11,9.25,1.24,659.22
1982-1-2,0,0.383261496,1.6707,192.89,5.68,-3.5,479.89
1982-1-3,8.33,0.364448054,1.161,155.83,5.39,-4.8,440
1982-1-4,31.37,0.513418531,2.1238,151.69,14,3.77,800.5
1982-1-5,0,0.414417116,3.0582,231.06,11.5,-1,560
1982-1-6,0,0.383216208,2.0105,239.76,9.83,-3.27,480
1982-1-7,0,0.504384355,1.4725,193.16,11.11,1.92,713.43
1982-1-8,0,0.387336161,1.2176,203.46,3.98,-5.43,405.57
1982-1-9,0,0.364037632,1.076,205.11,1.9,-7.5,360
1982-1-10,0,0.274853733,0.9061,233.05,-3.97,-15.19,200
1982-1-11,0,0.24810084,0.7929,188.12,-9.04,-17.02,160
1982-1-12,0,0.300668769,0.8495,163.74,-6.07,-12.76,239.6
1982-1-13,8.89,0.340720165,0.8212,189.22,-0.78,-11.11,270.96
1982-1-14,8,0.400225512,0.8495,111.76,-1.13,-6.45,364.58
1982-1-15,0,0.351765669,0.8495,206.44,-3,-10.59,280
1982-1-16,0,0.321429463,0.8212,320.82,2.42,-14.76,200
1982-1-17,0,0.268041629,0.8212,330.19,-2.5,-21.35,120
1982-1-18,0,0.271047287,0.7929,298.65,-7.01,-19.95,120
1982-1-19,0,0.363800777,0.7646,263.57,-2.25,-12.49,240
1982-1-20,0,0.478268193,0.7362,199.05,1.99,-5.07,425.75
1982-1-21,2.86,0.46400492,0.7362,147.32,0.5,-6,400
1982-1-22,0,0.37390133,0.7362,226.18,-4.27,-12.21,240
1982-1-23,22.37,0.495371899,0.9911,244.34,6.82,-7.86,335.04
1982-1-24,0,0.506263902,1.6141,291.47,4,-7.26,360
1982-1-25,0,0.413014027,1.4158,253.06,-3,-11.7,240.33
1982-1-26,0,0.41873962,1.1893,249,-3.25,-11.69,240
1982-1-27,0,0.429368018,1.0477,293.95,-2.21,-12.89,238.51
1982-1-28,0,0.514542603,0.9345,316.99,2.5,-9.75,280
1982-1-29,0,0.590787064,0.8778,310.52,5.23,-6.5,360
1982-1-30,0,0.609254112,0.8212,361.14,8.94,-8.13,320
1982-1-31,0,0.807141429,1.2176,266.34,11.34,2,720
1982-2-1,1.39,0.822961314,1.784,324.2,13.21,0.19,615.25
1982-2-2,28.04,0.671921437,1.699,214.05,5.31,-4.5,440
1982-2-3,16.35,0.869670792,2.2937,211.69,11.87,1.96,712.59
1982-2-4,0,0.873432829,2.6335,262.08,11.01,2.29,720
1982-2-5,0,0.754879983,2.0105,311.07,7,-3.76,459.22
1982-2-6,0,0.7252987,1.6141,210.77,4.5,-1.76,539.22
1982-2-7,0,0.661182283,1.3309,329.99,2.5,-8.78,320
1982-2-8,0,0.777557438,1.1327,361.15,7.04,-6.75,360
1982-2-9,10.45,0.810517536,1.2459,179.44,6,-1.16,560
1982-2-10,0,0.745775414,1.6141,289.83,3.43,-5.5,400
1982-2-11,0,0.739999027,1.3592,297.63,2.75,-6.42,366.21
1982-2-12,0,0.773156108,1.1893,347.73,3.76,-7.89,328.46
1982-2-13,3.62,0.730808922,1.076,169.9,1.5,-4.89,440
1982-2-14,0,0.81591117,1.076,379.75,4.5,-9.2,303.93
1982-2-15,0,1.136157033,1.0477,392.65,13.79,-1.74,540.6
1982-2-16,0,1.348478581,1.1044,317.07,17,6.7,975.9
1982-2-17,4.95,1.138258448,1.1044,263.57,11.42,0,600
1982-2-18,4.71,0.791594705,1.2176,98.39,3,-0.29,598.81
1982-2-19,7.97,0.898023002,1.4725,126.89,5.13,0.8,640
1982-2-20,3.47,1.027263549,2.0105,175.55,7.5,1.56,684.72
1982-2-21,5.16,0.911263952,1.8406,105.08,5.5,2,720
1982-2-22,0,1.031375587,1.784,214.24,6.78,1,640
1982-2-23,0,1.203867495,1.5008,376.51,9.86,-4.22,440
1982-2-24,0,1.171012427,1.2459,299.07,8.4,-0.5,600
1982-2-25,0,0.9299511,1.1044,285,2,-6,400
1982-2-26,0,0.937160859,1.0194,361.23,1.5,-10,280
1982-2-27,0,1.080230851,0.9911,329.93,4.66,-5.04,432.83
1982-2-28,0,1.155540653,0.9911,328.99,6,-3.55,475.87
1982-3-1,0,1.261896666,0.9345,411.34,8,-7.43,360
1982-3-2,0,1.474001143,0.9345,384.7,11.68,-1.25,560
1982-3-3,0,1.237567182,0.9345,364.27,6.3,-4.57,440
1982-3-4,9.21,1.340497829,0.9061,344.66,7.99,-6.42,366.5
1982-3-5,0,1.556068275,1.076,376.43,12.09,2.33,720.33
1982-3-6,15,1.258515924,1.1893,206.22,7,0.81,640
1982-3-7,19.92,1.072466536,2.1804,127.18,4.52,0.76,640
1982-3-8,0,1.150844103,3.0865,304.8,3.15,-4.27,440
1982-3-9,0,1.531065599,2.4069,439.96,9.25,-5.6,400
1982-3-10,0,1.461397826,1.784,421.93,7.5,-5.24,420.83
1982-3-11,0,1.914505961,1.4725,407.24,15,2.04,712.37
1982-3-12,2.27,2.161778952,1.3875,371.51,18.5,5.75,920
1982-3-13,0,2.069252816,1.3026,407.9,16.5,3.5,800
1982-3-14,0,2.096067356,1.2176,402.83,16.5,4,800
1982-3-15,0,1.75397117,1.1044,347.06,11.31,2,720
1982-3-16,6.66,1.546503912,1.076,197.25,9,2.72,737.97
1982-3-17,6.29,1.5534778,1.3875,195.71,9,2.98,758.51
1982-3-18,0,1.770997916,1.3026,376.65,10.22,0.56,640
1982-3-19,0,2.022449427,1.161,399.12,13.5,2.77,741.83
1982-3-20,0,1.861372032,1.076,350.2,11.4,2.72,737.51
1982-3-21,1,1.766980225,1.0477,261.89,11.5,5.46,916.6
1982-3-22,0,1.915850789,1.0194,352.85,11.49,2.76,740.88
1982-3-23,0,2.105257199,0.9911,441.47,12.5,-0.53,597.46
1982-3-24,0,2.106001502,0.9061,455.36,11.96,-2.09,520
1982-3-25,0,2.43455756,0.9061,462.87,16,1,640
1982-3-26,0,2.154659245,0.9061,380.12,13,3,760
1982-3-27,0,1.754021232,0.8778,363.2,7,-2,520
1982-3-28,0,1.79802485,0.8495,440.48,6.36,-5.79,400
1982-3-29,0,2.173077125,0.8495,485.68,10.86,-4.86,440
1982-3-30,0,2.562026029,0.8212,490.62,15.46,-1.47,553.35
1982-3-31,13.71,2.388704369,0.9345,253.49,15.5,6.98,998.32
1982-4-1,0,3.000692982,1.161,450.81,20.49,6.62,969.84
1982-4-2,0,2.722042359,0.7646,441.05,17.01,4.29,823.4
1982-4-3,8.49,2.610724265,0.7079,327.91,15.42,3.24,779.22
1982-4-4,0,2.520903238,0.9911,436.49,14,2.03,720
1982-4-5,0,2.178685549,0.8212,415.2,9.64,-1.13,560
1982-4-6,19.19,2.090232618,1.1893,309.08,8.19,-2.5,520
1982-4-7,0,1.719200507,1.5008,400.62,3.01,-7.04,360
1982-4-8,0,2.042043324,1.076,436.29,6.76,-4.67,440
1982-4-9,8.61,1.808458888,0.9628,230.79,5.5,-1.5,560
1982-4-10,0,2.372631697,1.1327,442.75,10.43,-1.12,560
1982-4-11,0,2.682164639,1.076,465.27,13.5,0.71,640
1982-4-12,0,2.744869651,0.9061,494.97,13.5,-1,560
1982-4-13,0,3.140717427,0.7929,463.64,18.09,5,880
1982-4-14,0,3.247219306,0.7362,486.16,18.5,4,800
1982-4-15,0,3.067491367,0.6796,508.31,15.94,0,600
1982-4-16,0,3.553789874,0.6513,516.92,20.47,2.7,736.2
1982-4-17,20.32,3.62594647,0.6796,311.83,22.73,10.76,1300.79
1982-4-18,17.84,3.49422141,2.2087,334.05,20.49,7.5,1040
1982-4-19,0,3.283566165,2.4636,484.97,17.33,2.5,720
1982-4-20,0,3.428301291,1.8972,431.79,19.46,7,1000.07
1982-4-21,0,3.214268562,1.5857,342.63,19.12,10,1240
1982-4-22,0,3.354928988,1.3592,503.4,17,1,640
1982-4-23,0,3.568846482,1.2176,531.62,18.5,-0.1,600
1982-4-24,0,3.930036345,1.1327,487.42,22.24,6.5,960
1982-4-25,0,4.196655953,1.076,512.1,24,6,920
1982-4-26,22.48,3.030037205,1.2743,191.58,18.68,12,1400
1982-4-27,17,3.093173069,2.3503,198.19,19,12.16,1412.66
1982-4-28,12.98,3.187831005,2.9166,307.43,15.7,4.7,856.33
1982-4-29,0,3.437963633,2.6618,497.35,16.42,1.5,680
1982-4-30,0,4.031857366,2.0954,518.25,21.32,4.07,805.93
1982-5-1,0,4.301282649,1.7273,498.33,23.78,7.42,1033.25
1982-5-2,0,4.189222316,1.4725,468.19,23.17,8.73,1138.38
1982-5-3,0,4.111520257,1.3309,454.82,22.54,8.84,1147.09
1982-5-4,0,4.042358635,1.2459,441.33,22.01,9,1160
1982-5-5,0,3.986490709,1.1893,466.86,20.75,6.66,972.88
1982-5-6,0,4.53710185,1.1044,532.37,24.16,5,879.76
1982-5-7,0,4.378331049,1.1044,420.2,24.75,12,1400
1982-5-8,0,3.66273674,1.1044,345.58,20.01,10.53,1282.08
1982-5-9,0.55,3.709750425,1.076,316.88,21.2,12.5,1440
1982-5-10,0,4.029433112,0.9911,386.68,22.03,11,1320
1982-5-11,0,4.171082342,0.9345,444.41,21.75,8.49,1119.13
1982-5-12,2.49,4.099390188,0.9345,397.05,20.77,7.24,1019.45
1982-5-13,0,4.182193442,1.0477,409,22.42,10.62,1289.42
1982-5-14,0,4.192521013,0.9911,423.83,22.04,9.78,1222.44
1982-5-15,0,4.287671073,0.9345,470.66,21.7,7.5,1040
1982-5-16,0,4.886792811,0.8778,512.59,25.67,8.47,1084.79
1982-5-17,0,4.836247483,0.8495,426.11,27.03,14.09,1607.5
1982-5-18,0,4.601611819,0.8212,473.92,23.84,9.18,1174.32
1982-5-19,0,4.543536716,0.7929,381.52,25.65,14.71,1673.04
1982-5-20,4.92,4.770214203,0.7929,271.75,28.03,17.48,1996.34
1982-5-21,9.41,4.461144768,0.9911,279.43,25.01,14.5,1640
1982-5-22,5.17,3.038246978,1.1044,150.86,18,13.07,1491.32
1982-5-23,4.91,2.429202181,1.2459,107.47,14.56,11.37,1349.76
1982-5-24,9.03,2.608707745,1.699,129.31,15,11.19,1335.51
1982-5-25,4.48,3.377264307,1.8406,214,18.5,12,1400
1982-5-26,0,4.756048983,1.4442,488.78,24.5,10.51,1279.75
1982-5-27,0,4.522805844,1.161,414.32,24.46,13.5,1560
1982-5-28,3.52,3.605288206,1.076,201.04,21.25,14.92,1706.67
1982-5-29,6.94,4.549215123,1.161,304.25,24.98,14.5,1640
1982-5-30,0,4.944969281,1.0477,408.28,28.15,17.28,1964.32
1982-5-31,11.12,5.063465723,1.161,325.71,28.29,16.56,1884.65
1982-6-1,2.29,4.887845893,1.076,375.06,26.86,15.37,1749.81
1982-6-2,1.37,4.556097463,0.9628,374.5,24.99,14.78,1684.52
1982-6-3,0,4.621811999,0.8495,477.04,23.51,11,1320
1982-6-4,7.29,3.652359271,0.8495,218.6,21.11,14.71,1673.64
1982-6-5,8.4,3.533491729,1.0194,214.33,20.5,14.5,1640
1982-6-6,2.03,4.16578523,1.161,379.02,23,14.5,1640
1982-6-7,3.47,3.745781739,1.4725,266.53,20,12.5,1440
1982-6-8,0,3.806835738,1.3026,382.27,19.65,11.5,1360
1982-6-9,0,5.163194133,1.076,522.56,26.5,11.84,1353.95
1982-6-10,0,5.083015449,0.9061,531.51,25.58,10.5,1238.3
1982-6-11,0,4.11298271,0.8212,405.9,21.57,12.57,1445.91
1982-6-12,0,3.734927254,0.7646,388.82,18.69,10.5,1280
1982-6-13,20.24,3.263292197,0.8495,210.6,18,12.5,1440
1982-6-14,0,4.147382598,1.5857,430.22,21.43,12.1,1407.75
1982-6-15,0,5.145251547,1.3592,516.39,26.7,13,1475.53
1982-6-16,2.89,4.930399768,1.0194,340.88,28.89,19.5,2280
1982-6-17,9.77,5.159084284,0.9345,340.17,29,18,2080
1982-6-18,0,4.620339819,0.9911,392.77,27.08,18.5,2120
1982-6-19,0,4.382324264,1.1044,375.96,25.77,17.86,2057.18
1982-6-20,0,4.446041156,1.1327,413.33,25,16.19,1830.38
1982-6-21,0,5.046354176,0.9911,473.19,27.5,16,1800.11
1982-6-22,0,4.937069236,0.9345,458.71,27,15.98,1798.32
1982-6-23,0,4.874990822,0.8778,469.79,26,14.5,1640
1982-6-24,0,5.057907848,0.7646,526.1,25.5,11,1310.39
1982-6-25,0,5.206571593,0.7079,528.94,26.51,11.54,1349.05
1982-6-26,0,5.038855265,0.6796,418.62,28.79,18.5,2120
1982-6-27,0,5.240138586,0.6513,451.59,29.09,17.36,1978.01
1982-6-28,0,5.403312747,0.5947,451.16,30.27,18.27,2101.33
1982-6-29,8.75,4.351681004,0.4814,230.61,27.47,20.5,2400
1982-6-30,0,4.830194359,0.5097,397.8,28,18.5,2120
1982-7-1,0,4.734854018,0.4814,451.71,25.5,14.55,1647.44
1982-7-2,0,5.161685633,0.4531,523.56,26.5,11.7,1363.83
1982-7-3,19.45,4.557713947,0.5097,305.46,25.56,16.07,1811.91
1982-7-4,0,4.537626523,1.2176,432.84,24.51,14.23,1618.12
1982-7-5,0,4.71546189,0.9345,462.12,24.96,13.36,1537.63
1982-7-6,0,4.927416206,0.6796,501.84,25.4,11.72,1377.26
1982-7-7,0,5.192477152,0.5663,469.02,28.32,15.5,1760
1982-7-8,0,5.480121011,0.5097,416.05,32,20.52,2402.92
1982-7-9,0,5.300335613,0.4531,371.38,32.38,22.5,2720
1982-7-10,0,5.114381345,0.4531,386.1,30.71,20.76,2441.66
1982-7-11,0,4.706931548,0.4248,340.16,29.33,21,2480
1982-7-12,13.24,4.859121079,0.7079,256.1,30.55,22,2640
1982-7-13,0,5.417564548,0.7646,424.99,31.71,20,2320
1982-7-14,0,5.080548129,0.5663,394.1,30.33,20,2320.21
1982-7-15,0,4.561606816,0.5947,318.64,29.27,21.5,2560
1982-7-16,0,5.176408212,1.2743,410.67,30.76,19.85,2307.73
1982-7-17,0,5.151387467,0.9345,391.19,31.32,21,2480
1982-7-18,0,5.345612406,0.6513,376.4,33.24,22.99,2798.73
1982-7-19,0,5.269763189,0.538,352.87,33.58,24,3000
1982-7-20,21.2,5.078328605,0.5097,293.98,30.93,20.51,2401.89
1982-7-21,0,4.854402672,0.7079,431.57,28.06,16.69,1895.42
1982-7-22,0,5.377018432,0.5947,486.12,30.48,16,1776.02
1982-7-23,26.97,4.585129505,0.6796,260.01,28.96,20.26,2361.66
1982-7-24,0,4.742403396,0.9628,403.23,28.49,18.14,2091.2
1982-7-25,0,5.249073103,0.7079,495.38,29.74,14.98,1716.15
1982-7-26,0,5.314142312,0.5663,402.38,33,21.75,2599.55
1982-7-27,0,5.315805942,0.4814,404.51,33.07,21.71,2593.92
1982-7-28,11.97,4.685664291,0.4531,250.79,30.99,22.44,2710.05
1982-7-29,0,5.028133981,0.4531,461.37,29.56,16.52,1841.87
1982-7-30,5.33,4.23097922,0.4531,282.13,25.9,16.77,1901.99
1982-7-31,0.78,4.117048491,0.538,310.6,27,19.29,2245.65
1982-8-1,0,4.495473634,0.5097,377.35,28.5,19.02,2203.8
1982-8-2,0,4.988293667,0.4531,458.18,30,17,1920
1982-8-3,0,4.621484412,0.4248,401.05,28.97,18.49,2119.41
1982-8-4,0,4.772710728,0.4248,431.26,29.4,17.64,2022.21
1982-8-5,0,4.477633606,0.3964,346.26,30.04,21.24,2518.45
1982-8-6,3.45,3.845510372,0.3964,282.52,26.81,20,2320
1982-8-7,0,4.16209285,0.4248,399.75,26,16.22,1835.66
1982-8-8,0,4.303508245,0.3681,388.73,27.78,18.1,2087.78
1982-8-9,5.84,4.093012905,0.4531,229.45,29.17,21.78,2604.42
1982-8-10,2.38,4.432664756,0.6513,336.47,30.46,21.5,2560
1982-8-11,0,4.291825872,0.538,395.07,28,18,2080
1982-8-12,0.69,4.002258876,0.4531,413.72,25.06,14.86,1697.46
1982-8-13,0,4.273923647,0.4248,470.36,26,13.12,1498.72
1982-8-14,0,4.453517678,0.3964,495.3,27,12.16,1412.75
1982-8-15,0,4.592357478,0.3681,484.38,28.58,13.82,1582.64
1982-8-16,0,4.645946275,0.3398,467.6,29.59,15.39,1750.56
1982-8-17,16.81,4.435249737,0.3964,304.52,29.69,18.35,2107.81
1982-8-18,0,4.341197783,0.8778,426.43,28.5,16.42,1866.91
1982-8-19,0,4.379919467,0.7646,455.8,28.26,14.66,1665.96
1982-8-20,0,4.452009479,0.5663,400.69,30.5,18.92,2187.4
1982-8-21,2.53,4.118642835,0.4814,345.3,28,17.05,1928.47
1982-8-22,0,3.823602553,0.4531,453.32,24,11.14,1330.89
1982-8-23,3.24,3.853017831,0.4248,299.5,26.23,15.77,1781.7
1982-8-24,11.43,3.906513786,0.5097,266.96,28,18.46,2125.69
1982-8-25,10.89,4.239837388,0.6796,298.18,30,18.5,2120.06
1982-8-26,0,4.243676174,0.6796,472.1,28.48,13.2,1511.22
1982-8-27,0,3.713796935,0.5097,396.25,25.58,14.63,1660.13
1982-8-28,0,3.500702481,0.4814,368.28,24.5,14.74,1678.9
1982-8-29,0,3.396609548,0.4531,477.19,21.06,6.62,969.48
1982-8-30,0,3.186001258,0.4248,358.23,21.77,12.4,1431.78
1982-8-31,0,3.572409571,0.3964,350.28,26.4,16.72,1897.26
1982-9-1,0,3.269687514,0.3964,268.81,26.37,19.3,2247.94
1982-9-2,2,3.484590546,0.3964,287.09,28.29,20.5,2400
1982-9-3,9.25,3.684594722,0.5663,275.69,28,17.5,2000.72
1982-9-4,0,3.607091687,0.5097,454.13,25.5,11,1320
1982-9-5,0,3.448568293,0.4531,461.37,24.01,8.93,1154.6
1982-9-6,0,3.601806429,0.4248,455.74,26,10.57,1285.48
1982-9-7,0,3.387515004,0.4248,389.06,25.3,13.5,1560
1982-9-8,0,2.994117682,0.4248,336.02,22.47,13.01,1482.21
1982-9-9,0,3.15152206,0.4248,404.61,23,10.51,1280.58
1982-9-10,0,3.566833324,0.3964,420.9,27.5,13.07,1491.05
1982-9-11,0,3.617733321,0.3964,384.54,28.94,16,1800
1982-9-12,0,3.604483625,0.3681,399.67,28.9,15.03,1721.66
1982-9-13,0,3.508571169,0.3398,395.45,28.36,14.74,1678.45
1982-9-14,0,3.264259962,0.3398,363.9,26.74,15,1720
1982-9-15,0,3.293087461,0.3398,394.52,26.88,13.5,1560
1982-9-16,0,2.967222281,0.3398,283.74,26.1,17.5,2000
1982-9-17,0,2.902340672,0.3398,362.1,23.75,12.35,1427.91
1982-9-18,0,3.130064687,0.3115,446.84,25.87,8.5,1090.86
1982-9-19,0,3.018548186,0.3115,394.73,25.35,11.63,1370.51
1982-9-20,7.16,2.327954678,0.3681,176.23,20.5,13.74,1579.22
1982-9-21,3.51,1.957342961,0.3964,127.39,17.87,13.26,1521.66
1982-9-22,3.74,1.975841402,0.4531,130.44,18.44,13.73,1577.4
1982-9-23,0,2.259890523,0.4248,262.83,19.92,12.48,1438.07
1982-9-24,0,2.516851928,0.3681,377.35,21.5,9.25,1179.77
1982-9-25,0,2.57370062,0.3681,397.46,22.5,8.82,1145.57
1982-9-26,3.87,2.29435153,0.3681,216.96,20.88,12.34,1426.86
1982-9-27,7.25,2.326365851,0.4531,196.46,22.5,14.74,1677.87
1982-9-28,0,2.513109938,0.4248,328.96,24,13.52,1560.95
1982-9-29,0,2.353541395,0.3964,293.56,22.92,13.94,1594.87
1982-9-30,0,1.891440643,0.4248,181.18,19.61,14.54,1645.89
1982-10-1,0,2.403923624,0.3936,321.53,23.92,13.5,1560
1982-10-2,0,2.355439628,0.3738,348.03,23.29,11.44,1355.01
1982-10-3,0,2.245619735,0.3681,399.57,22.01,6.5,959.9
1982-10-4,0,2.392073062,0.3625,322.18,25.04,13.94,1595.4
1982-10-5,0,2.40664883,0.354,351.99,25.47,12.57,1445.52
1982-10-6,0,2.31658877,0.3455,310.39,25.1,14.5,1640
1982-10-7,0,2.302689196,0.3313,301.21,25.5,15.2,1735.65
1982-10-8,0,2.332925333,0.354,297.82,26.42,16,1800
1982-10-9,0,2.271361466,0.354,299.39,26,15.5,1760
1982-10-10,0,1.816398768,0.3455,330.34,18.92,7.72,1057.91
1982-10-11,0,1.674688633,0.3455,383.11,17,2.11,712.37
1982-10-12,0,1.595666659,0.3455,239.05,17,9.74,1219.45
1982-10-13,3,1.43924921,0.3681,113.57,16.87,12.5,1440
1982-10-14,4,1.705313064,0.3738,187.44,20,12.26,1420.6
1982-10-15,0,1.743472279,0.3738,304.26,20.5,10.35,1267.73
1982-10-16,2.61,1.538604748,0.3993,269.8,17,6.3,943.85
1982-10-17,0,1.30511313,0.3993,314.1,12.5,2.29,720
1982-10-18,0,1.322354119,0.3738,381.49,14.41,-1.77,538.67
1982-10-19,0,1.493801642,0.3964,351.29,18.19,4.48,838.18
1982-10-20,0,1.645012605,0.3964,344.29,22,7.69,1055.53
1982-10-21,3.04,1.51580293,0.4248,238.07,19.5,7.98,1078.1
1982-10-22,0,1.218031298,0.4248,329.07,13.64,0.86,640
1982-10-23,0,1.115331921,0.3964,301.16,11.33,0.31,624.47
1982-10-24,0,1.101918891,0.3964,290.09,11.5,1,640
1982-10-25,20.88,1.031043615,0.6513,101.15,11.5,7.26,1020.57
1982-10-26,11.15,1.157622692,1.0194,188.78,14,5.23,898.38
1982-10-27,0,1.19806725,0.8778,327.5,17,2.61,729.1
1982-10-28,0,1.175300321,0.8212,340.87,18.4,1.5,680
1982-10-29,0,1.200481002,0.7646,330.86,19.53,3.11,768.99
1982-10-30,0,1.252892971,0.7362,307.05,20.5,5.93,927.87
1982-10-31,0,1.325278047,0.7079,301.96,23,8.04,1083
1982-11-1,0,1.46095286,0.7079,284.92,26,11.65,1372.28
1982-11-2,0,1.470929345,0.8212,242.98,25.43,14.23,1618.67
1982-11-3,0,1.419371387,0.7929,212.38,24.55,15.16,1732.92
1982-11-4,3.38,1.322828056,0.7646,134.46,22.97,15.5,1760
1982-11-5,6.63,1.018948292,0.7646,223.3,19.13,3.99,800
1982-11-6,0,0.778858619,0.7646,270.61,10.19,-1.76,539.22
1982-11-7,0,0.779742359,0.7646,286.86,11.98,-1.78,537.83
1982-11-8,0,0.896083278,0.7079,286.38,17.5,2.64,733.43
1982-11-9,0,0.916350702,0.7079,245.73,16.5,5.01,880.96
1982-11-10,0,0.821991188,0.7362,215.96,12.9,3.56,800
1982-11-11,0,0.750981765,0.7079,277.56,14.36,0,600
1982-11-12,0,0.99456499,0.7079,186,19,10.42,1273.5
1982-11-13,38.57,0.808527684,0.8835,200.53,18.11,3.5,800
1982-11-14,0,0.622378656,1.5404,250.56,9.75,-2.76,499.22
1982-11-15,13.71,0.657583922,1.2205,132.4,8.73,0.88,640
1982-11-16,0,0.561114573,1.161,248.05,8.27,-4.26,440
1982-11-17,0,0.613521694,1.076,237.47,10.92,-1,560
1982-11-18,0,0.65243493,1.0194,244.04,14.21,1.3,664.31
1982-11-19,0,0.755118764,0.9628,128.48,13.53,7.74,1059.42
1982-11-20,0,0.739162264,0.9345,162.68,14.23,6.77,981.21
1982-11-21,0,0.808330238,0.8778,158.52,17.09,9.69,1214.91
1982-11-22,0,0.772635019,0.8495,172.52,16.81,8.64,1131.32
1982-11-23,0,0.778946397,0.8495,176.52,17.7,9.2,1175.73
1982-11-24,1.51,0.63981027,0.8212,220.8,16,4.41,833.04
1982-11-25,0,0.455941592,0.8212,239.66,9.09,-3.78,457.59
1982-11-26,0,0.502041506,0.7929,234.46,12.26,-0.5,600
1982-11-27,0,0.496047762,0.7079,222.44,11,-0.54,596.6
1982-11-28,16.81,0.350428415,0.5947,224.63,9.53,-7.27,360
1982-11-29,39.68,0.578062626,1.3932,188.98,17.2,4.67,853.45
1982-11-30,0,0.559032177,2.2512,235.63,15.14,3.98,806.6
1982-12-1,10.07,0.609377266,1.5744,127.82,13.72,6.15,936.12
1982-12-2,3.33,0.643404946,1.2629,89.61,12.88,8.5,1120
1982-12-3,0,0.664244838,1.0619,85.12,13.76,9.99,1239.37
1982-12-4,0,0.736632679,0.8778,168.82,20.32,11.72,1377.46
1982-12-5,0,0.72322283,0.7561,189.12,21.53,11.5,1360
1982-12-6,11.08,0.758268888,0.841,106.87,20.12,13.22,1515.84
1982-12-7,0,0.481590778,1.1242,219.05,15.1,3.39,791.22
1982-12-8,0,0.404100097,0.943,228.76,12,-0.25,600
1982-12-9,0,0.323474524,0.7447,242.41,9.41,-4.49,440
1982-12-10,0,0.25799875,0.6654,249.42,4.67,-10.16,280
1982-12-11,2,0.429294293,0.6456,127.46,4.79,-0.69,585.05
1982-12-12,13.79,0.284323708,0.7844,189.41,2.5,-9.1,312.34
1982-12-13,0,0.253002728,0.7617,216.54,-4.2,-12.96,231.02
1982-12-14,0,0.215072721,0.6513,287.1,2.86,-13.27,218.62
1982-12-15,0,0.349786652,0.6371,250.46,10.07,-2.09,530.28
1982-12-16,17.47,0.426659456,1.0817,180.8,14.5,2.71,736.88
1982-12-17,0,0.397997054,1.9029,212.46,8.76,-0.5,599.75
1982-12-18,0,0.33497814,1.6367,181.37,1.37,-5.83,397.52
1982-12-19,0,0.378981342,1.2601,173.25,4.17,-2.74,500.83
1982-12-20,0,0.441064307,1.0534,113.34,4.8,0.5,640
1982-12-21,0,0.431667293,0.8325,145.2,6.75,0.44,635.03
1982-12-22,0,0.372757925,0.7476,187.79,6.43,-2.37,520
1982-12-23,0,0.360510343,0.6966,210.41,8.51,-2.16,520
1982-12-24,0,0.477379617,0.6711,201.88,15.07,4.59,847.01
1982-12-25,0,0.57371717,0.6513,193.9,18.54,8.45,1115.98
1982-12-26,0,0.565527422,0.6485,195.13,18,8,1079.79
1982-12-27,0,0.474518392,0.6201,197.13,13.33,3.67,797.52
1982-12-28,0,0.566808687,0.6315,185,16.23,7.45,1036.36
1982-12-29,3.93,0.51807313,0.6371,159.94,16.87,5.91,920
1982-12-30,0,0.404677166,0.6824,186.38,6.42,-1.66,547.17
1982-12-31,0,0.441436696,0.6626,136.24,5.19,-0.25,600
1983-1-1,0,0.452698714,0.6116,159.09,6.8,0.37,629.36
1983-1-2,0,0.430336484,0.5663,192.8,7.5,-0.76,579.22
1983-1-3,0,0.421063012,0.5493,181.34,5.66,-1.82,534.97
1983-1-4,0,0.356285259,0.5097,221.87,4.08,-5.88,398.07
1983-1-5,0,0.436278091,0.5182,217.49,8.97,-0.89,576.07
1983-1-6,3.97,0.441386733,0.64,161.42,8.43,-1.09,560
1983-1-7,0,0.402735444,0.6088,254.8,11.83,-2,520
1983-1-8,0,0.474833485,0.538,215.94,9.5,0,600
1983-1-9,0,0.489478369,0.5182,181.41,7.36,0.12,614.93
1983-1-10,13.62,0.59013648,0.7674,132.93,11.91,4.72,857.64
1983-1-11,22.46,0.606286272,1.9737,155.14,14,5,880
1983-1-12,0,0.49089839,2.0671,215.65,8,-1,560
1983-1-13,0,0.402016727,1.3989,224.81,2.5,-6.76,360
1983-1-14,0,0.385116789,1.0817,262.04,4,-8.42,320
1983-1-15,9.41,0.492924842,1.11,140.61,5.01,-2.11,521.49
1983-1-16,0,0.472355462,1.2176,176.38,3,-3.47,480
1983-1-17,0,0.422280639,1.0166,213.75,1,-7.22,360
1983-1-18,0,0.408034715,0.8637,176.1,-1.5,-7.78,337.51
1983-1-19,0,0.369055809,0.7702,207.69,-3.5,-11.08,273.26
1983-1-20,0,0.379974641,0.7023,246.21,-2,-11.77,240
1983-1-21,0,0.43510126,0.6598,279.08,3,-9.76,280
1983-1-22,0,0.509818749,0.6711,263.64,5.37,-5.78,398.32
1983-1-23,11.15,0.681632571,0.9401,190,12.32,1.64,690.89
1983-1-24,0,0.677598407,1.3111,227.42,10.17,1.5,680
1983-1-25,0,0.627201745,1.1355,245.03,8,-1.5,560
1983-1-26,0,0.618861163,0.9883,231.76,6.5,-2,520
1983-1-27,0,0.607585375,0.9203,214,5,-2.46,520
1983-1-28,0,0.592147744,0.943,193.57,3.5,-3,480
1983-1-29,0,0.608531118,0.8835,275.72,5.53,-5.3,416.12
1983-1-30,0.05,0.677914615,0.8127,305.52,9.9,-4.26,440
1983-1-31,0,0.71885564,0.8353,267.31,8.5,-1.69,544.98
1983-2-1,0,0.71186297,0.7815,278.56,7.94,-2.95,484.33
1983-2-2,3.16,0.807105887,0.7759,226.67,12.02,-1.14,560
1983-2-3,5.92,0.935794553,0.8891,177.22,13.51,5.01,881.18
1983-2-4,0,0.778139088,0.8155,263.77,8,-1.49,560
1983-2-5,0,0.622688347,0.7277,215.55,1.12,-5.74,400
1983-2-6,12.44,0.66625431,0.6994,180.83,2.42,-5.26,419.45
1983-2-7,16.45,0.743205334,1.5008,137.03,4.74,-0.68,585.54
1983-2-8,0,0.711840947,1.9935,172.45,3.25,-1.7,543.93
1983-2-9,0,0.744187544,1.5659,281.16,3.94,-5.28,417.28
1983-2-10,0,0.684375844,1.2743,303.6,1.5,-8.82,318.26
1983-2-11,24.41,0.663834373,1.2629,186.92,0.03,-6.3,377.15
1983-2-12,32.37,0.689520939,1.2233,234.1,0.45,-7.66,347.33
1983-2-13,0,0.740999184,1.0591,429.75,3.74,-13.54,208.57
1983-2-14,0,0.861484086,1.0222,379.29,5.42,-6.06,384.47
1983-2-15,0,0.97111641,1.144,366.25,7.98,-2.79,498.1
1983-2-16,0,1.028035603,1.2573,368.05,9.01,-1.86,531.27
1983-2-17,3,1.012866572,1.4385,209.13,8.14,0.99,642.7
1983-2-18,0,1.088372408,1.7273,316.88,9.47,1,640
1983-2-19,0,1.09283358,1.8208,367.47,9,-1.5,560
1983-2-20,0,1.110270171,1.682,399.84,9.03,-3.14,480
1983-2-21,0,1.209129701,1.4895,434.53,11.5,-3.88,449.97
1983-2-22,0,1.266672576,1.3762,384.84,11.61,0.33,626.09
1983-2-23,17.6,1.301349973,1.6509,246.31,12.04,3.31,784.44
1983-2-24,0,1.224258278,2.5089,390.43,9.5,-1.67,546.02
1983-2-25,0,1.132628128,2.0954,319.64,7.16,-0.87,570.74
1983-2-26,0,1.044523806,1.6707,326.63,4.5,-3.6,472.1
1983-2-27,0,1.201904498,1.3989,435.02,7.5,-5.99,399.37
1983-2-28,0,1.359454006,1.2488,442.66,10.5,-3.75,460.15
1983-3-1,14.97,1.283710067,1.3451,218.45,9.25,2.23,718.81
1983-3-2,6.95,1.55614606,2.1776,250.16,14,5.5,920
1983-3-3,0,1.693393772,2.0756,399.93,15.48,4.19,814.89
1983-3-4,0,1.859276296,1.6509,462.8,18.09,1.71,697.15
1983-3-5,0,1.522727074,1.4357,307.17,12.33,4.85,867.64
1983-3-6,0,1.554604741,1.2884,310.68,12.5,5,880.14
1983-3-7,9.6,1.753580518,1.4272,250.87,15.24,6.5,960
1983-3-8,15.94,1.391412711,1.8576,163.84,9.76,4.31,825.02
1983-3-9,0.9,1.097415795,2.3022,102.33,7.28,4.95,876.2
1983-3-10,10.56,1.228350225,2.1917,109.41,8,4.61,848.81
1983-3-11,4.96,1.213786988,2.322,110.94,7.35,4,800
1983-3-12,8.66,1.33997457,2.3475,196.07,6.5,0.41,632.56
1983-3-13,0,1.716219081,2.2653,373.14,11.23,1.14,651.34
1983-3-14,0,1.9818137,1.8774,435.86,14.5,0.13,610.77
1983-3-15,0,2.35285183,1.6452,447.03,19.62,3.28,782.12
1983-3-16,0,2.092648075,1.4781,444.28,15.23,0.37,629.57
1983-3-17,0,1.619132519,1.4017,290.25,9.5,2.62,730.79
1983-3-18,26.19,1.714322302,2.5145,205.33,11.35,5,880
1983-3-19,18.26,2.004923394,6.1448,219.45,15.5,8.5,1120
1983-3-20,0,2.122695795,5.9465,362.53,15.33,6.11,928.53
1983-3-21,14.9,2.243024502,5.1537,281.37,16.5,6.8,984.36
1983-3-22,0,2.129352558,5.6351,431.67,13.49,1.5,680
1983-3-23,0,1.648737666,4.9271,389.45,6.5,-2.75,499.77
1983-3-24,0,1.568704768,3.9077,384.13,5,-3.86,450.87
1983-3-25,0,1.717871456,3.2848,413.32,6.67,-3.33,480
1983-3-26,0,1.931836506,2.8883,466.71,8.85,-4.1,440.25
1983-3-27,24.28,2.011761825,2.8119,308.27,10.5,0.48,638.69
1983-3-28,0.25,2.144685441,5.1253,344.18,13.5,5.66,920
1983-3-29,0,2.092937631,5.4935,391.92,11.5,2.44,720
1983-3-30,0,2.036214001,4.644,478.13,8.98,-3.9,448.33
1983-3-31,0,1.849003373,3.7661,359.4,8,0.28,622.63
1983-4-1,0,2.411972376,3.2281,465.41,13.5,1.16,652.45
1983-4-2,0,2.25687301,2.9733,439,11.68,1.01,641.11
1983-4-3,27.26,2.625367143,3.9077,304.52,16.99,7.5,1040
1983-4-4,0,2.589250134,4.9271,394.69,16.5,7.48,1038.39
1983-4-5,0,2.628753857,4.3325,444.33,15.5,4.6,848.28
1983-4-6,0,2.323841326,3.6529,347.5,13.62,6.27,941.71
1983-4-7,4,2.198851522,3.1998,200.55,14.01,8.61,1129
1983-4-8,6.96,2.472871864,3.1149,214.87,16.99,11,1320
1983-4-9,6,2.563512963,3.3131,272.29,15.49,7.57,1045.69
1983-4-10,47.52,2.482976961,5.2953,275.14,14,5.99,920.97
1983-4-11,6.59,2.269316624,8.2968,218.57,13,7,1000
1983-4-12,0,2.645625694,7.4756,432.47,14,3.96,800
1983-4-13,0,2.758890675,5.3519,486.94,13.96,1.57,685.46
1983-4-14,0,2.698553394,4.1059,469.6,13.46,2.26,720
1983-4-15,0,2.76000292,3.398,376.76,16.37,8.47,1117.22
1983-4-16,54.47,2.829824091,6.3147,337.49,15,4.74,859.1
1983-4-17,1.36,2.84443271,9.203,475.8,14,1.99,719.36
1983-4-18,2,2.593238155,8.0703,457.88,11.55,1.12,649.66
1983-4-19,7.53,2.085348646,6.0032,257.63,7.5,0.75,640
1983-4-20,6.05,2.153102775,5.4368,285.98,7.44,-0.16,600
1983-4-21,0,2.987358978,4.9838,509.09,14.26,1.43,674.42
1983-4-22,0,3.44054802,4.4174,535.09,17.98,2.5,720.25
1983-4-23,0,3.570652283,3.8511,522.84,19.23,4.47,837.86
1983-4-24,26.19,3.373412452,4.8422,333.48,19,8.5,1120
1983-4-25,5.55,2.962063426,6.5978,333.84,14.5,4.51,840.97
1983-4-26,0,3.527320914,5.9465,506.96,18.56,5.26,901.16
1983-4-27,0,4.38243635,4.8988,549.64,24.98,5.78,920
1983-4-28,0,4.688923183,4.0493,514.63,28,11.48,1358.2
1983-4-29,0,4.58708602,3.4263,474.52,27.98,14.32,1625.51
1983-4-30,0,3.930998762,3.0582,404.71,24,14,1599.93
1983-5-1,0,3.814686447,2.7949,380.24,23.56,14.52,1642.99
1983-5-2,0,3.682953503,2.6051,349.38,23.17,15.13,1730.15
1983-5-3,0,3.708855942,2.4749,333.68,23.89,16.27,1842.94
1983-5-4,9.19,3.981934357,2.54,330.09,22.86,12,1400
1983-5-5,0,3.956955459,2.6929,513.63,20.49,6.45,956.2
1983-5-6,0,3.888322625,2.5117,498.62,20,6.77,981.76
1983-5-7,0,3.839710893,2.2795,477.44,19.79,7.42,1033.9
1983-5-8,0,4.200651701,2.1351,469.78,22.96,10.36,1268.59
1983-5-9,0,4.003505368,1.9878,510.65,20,5.56,920
1983-5-10,0,3.726535612,1.8887,527.03,17,1.8,704
1983-5-11,0,3.880386158,1.7953,510.79,18.44,3.81,800
1983-5-12,0,3.828508464,1.716,499.96,18,3.92,800
1983-5-13,0,4.304170776,1.6565,521.57,21.5,5.53,920
1983-5-14,0,4.570575728,1.6141,500.96,23.96,8.75,1139.77
1983-5-15,11.5,4.771810868,1.7075,340.16,26.5,13.13,1501.23
1983-5-16,20.42,4.390986763,2.8883,359.98,22.55,8.5,1120
1983-5-17,0,3.599378155,4.4741,463.83,15.8,3.27,781.53
1983-5-18,0,3.878240315,4.2475,477.44,17.88,4.48,838.32
1983-5-19,2.31,3.493251883,3.5113,298.15,18.08,10,1240
1983-5-20,6,3.592553754,3.0016,211.49,20.52,13.42,1547.86
1983-5-21,17.6,3.57300838,3.1715,186.04,21.95,15.77,1781.49
1983-5-22,18.63,3.206427155,5.6067,158.94,20.02,15,1720
1983-5-23,16.3,4.32002299,6.2297,271.89,24.77,15.5,1760
1983-5-24,5.4,4.445598111,5.8333,301.24,24.5,14,1600
1983-5-25,0,4.33321431,5.1537,478.6,21.31,8.13,1090.16
1983-5-26,4.89,3.85845447,4.1343,259.02,20.86,12.5,1440
1983-5-27,9.77,3.894434858,3.7945,278.52,20.5,11.64,1371.34
1983-5-28,0,3.869035806,3.7095,383.79,19.99,11,1320
1983-5-29,5.03,3.367933932,3.3697,206.63,19,13,1480
1983-5-30,6.41,4.071137303,3.1432,251.38,23.65,15.89,1791.24
1983-5-31,7.98,4.227423337,3.2281,282.84,23.5,14.6,1656.59
1983-6-1,5.57,4.11211552,3.7378,292.56,21.95,12.81,1464.44
1983-6-2,0,4.597529742,4.0493,489.52,23,9.93,1234.32
1983-6-3,6.49,4.352115578,3.6246,301.41,23.5,13.78,1582.25
1983-6-4,4.52,4.30015166,3.1715,270.44,24.5,16,1800
1983-6-5,0,4.754866855,2.86,413.35,26.55,16.25,1840.6
1983-6-6,0,4.672003821,2.5202,424.89,25.5,15,1720
1983-6-7,0,4.522495032,2.2512,354.15,26.76,18.38,2110.12
1983-6-8,3.95,4.534432098,2.1068,307.06,25,15.31,1744.85
1983-6-9,0,4.175394049,1.985,418.85,21.7,12.22,1417.59
1983-6-10,0,4.6700048,1.801,504.02,23.25,10.3,1263.91
1983-6-11,0,5.208677876,1.5914,513.49,27,12.72,1457.25
1983-6-12,0,5.690726205,1.4385,509.38,30.48,15.5,1759.61
1983-6-13,0,6.021037614,1.3111,496.36,33,18,2079.8
1983-6-14,0,5.611658296,1.1751,479.38,30.83,17.5,2000
1983-6-15,0,5.665386281,1.0506,495.46,30.67,16.5,1880
1983-6-16,0,5.76836643,0.9345,481.91,31.74,17.98,2076.59
1983-6-17,0,5.351479721,0.8778,453.35,29.82,17.96,2073.95
1983-6-18,0,4.881879535,0.8665,378.14,28.87,19.8,2303.93
1983-6-19,18.6,4.848298864,0.7872,283.49,28.56,19.5,2280
1983-6-20,8,4.305210877,0.8722,240.52,26.23,19,2200
1983-6-21,35.46,3.33233145,1.8349,164.11,21.5,16.95,1917.6
1983-6-22,0,4.718410794,2.2653,436.25,25.5,14.96,1713.93
1983-6-23,0,5.47827282,2.0954,532.64,28.13,12,1400
1983-6-24,0,5.833713274,1.8972,499.43,31.5,16.5,1880
1983-6-25,0,5.368471545,1.6707,452,29.7,17.49,1998.2
1983-6-26,0,5.515270658,1.5008,533.35,28.27,11.6,1367.76
1983-6-27,0,5.565510975,1.2743,433.11,31.5,19.4,2263.08
1983-6-28,13.82,5.723147228,1.1893,336.33,32,18.92,2187.85
1983-6-29,17.31,4.780600199,2.0105,333.02,25.17,13.5,1560.03
1983-6-30,0,4.850268308,1.6424,485.91,24.5,11,1320
1983-7-1,0,4.965402327,1.3592,404.52,27.77,16.99,1919.36
1983-7-2,0,5.574685868,1.2459,416.01,31.94,20,2320
1983-7-3,0,5.757611992,1.127,382.38,34.22,23,2800
1983-7-4,0,5.74510705,1.1525,380.33,34.2,23,2800
1983-7-5,0,5.298035285,1.1185,373.41,31.41,21.02,2483.05
1983-7-6,0,4.979659308,0.8212,382.76,28.77,18.5,2119.9
1983-7-7,0,5.01760763,0.7929,460.31,26.69,13.69,1574.06
1983-7-8,0,5.285813094,0.7362,490.45,27.89,13,1480
1983-7-9,0,5.450964558,0.7079,438.32,30.5,17.47,1994.92
1983-7-10,0,5.365710654,0.7079,492.27,28.5,13.17,1506.63
1983-7-11,0,5.349308345,0.6796,490.57,28.49,13.22,1515.18
1983-7-12,0,5.683135406,0.623,468.5,31.5,16.66,1892.95
1983-7-13,0,5.782796837,0.623,405.3,34,21.5,2560.72
1983-7-14,0,5.904107124,0.623,473.56,33.06,17.49,1998.22
1983-7-15,0,6.173471032,0.623,468.94,35,19,2200
1983-7-16,0,6.062060574,0.623,387.45,36.49,23.98,2994.97
1983-7-17,0,5.7579631,0.5947,359.37,35.5,24.32,3051.71
1983-7-18,0,5.699840813,0.5947,380.55,34.52,22.71,2753.5
1983-7-19,1.61,5.591961719,0.5947,351.28,33.55,21.5,2560
1983-7-20,0,5.329946171,0.5947,381.82,32,20.5,2400
1983-7-21,7.08,5.594420194,0.623,292.39,33.58,21.23,2517.39
1983-7-22,0,5.429212558,0.7079,451.35,30.87,16.32,1850.88
1983-7-23,0,5.37835914,0.6796,478.74,30,14.2,1615.99
1983-7-24,2.68,5.404017946,0.623,341.69,31.97,19,2200
1983-7-25,0,4.790624155,0.5947,376.99,28.46,17.5,2000
1983-7-26,0,5.243654997,0.5947,441.29,30.36,16.5,1880
1983-7-27,0,5.432542329,0.5947,461.16,31.36,16.13,1821.24
1983-7-28,0,5.257258611,0.5663,380.85,32.33,20.53,2404.42
1983-7-29,0,5.108303942,0.5663,384.19,31.25,19.49,2274.77
1983-7-30,0,5.122511121,0.5663,347.98,32.65,22.01,2641.08
1983-7-31,0,5.389672904,0.538,374.42,33.89,21.98,2636.65
1983-8-1,0,5.154792206,0.5097,337.96,33.48,23,2800
1983-8-2,0,5.249326723,0.538,360.01,33.62,22.3,2687.9
1983-8-3,0,5.176552544,0.5097,401.81,32.05,19.36,2258.25
1983-8-4,0,4.574304709,0.5097,299.58,30.79,21.98,2636.65
1983-8-5,0,4.589782712,0.5097,319.12,30.37,21,2480
1983-8-6,0,4.734713949,0.5097,357.38,30.49,19.84,2307.26
1983-8-7,0,5.192897717,0.5097,372.02,33.75,21.97,2634.92
1983-8-8,0,5.230774958,0.4814,377.31,34.06,22,2640
1983-8-9,0,5.440356793,0.4814,405.47,35,21.5,2560
1983-8-10,0,4.678043338,0.4814,389.71,29.96,18.32,2105.85
1983-8-11,32.88,4.643062966,0.5097,275.7,30.56,19.7,2296.31
1983-8-12,21.63,4.645196255,1.1327,310.06,29.5,17,1920.7
1983-8-13,0,3.5808401,1.3592,322.28,22.82,14.52,1642.95
1983-8-14,0,3.856113629,0.9628,417.85,23.01,11.58,1366.65
1983-8-15,0,4.393876286,0.7079,479,26.61,11.5,1360.25
1983-8-16,0,4.545139679,0.623,444.66,28.85,15.03,1722.22
1983-8-17,0,4.689733292,0.5947,459.03,29.91,14.88,1701.42
1983-8-18,1,4.361845141,0.5663,333.53,30.73,20.94,2471.11
1983-8-19,0,4.386237313,0.5663,323.74,31.5,21.93,2629.43
1983-8-20,0,5.235150601,0.5663,425.51,35.47,20.54,2407.12
1983-8-21,0,4.94134957,0.538,449.64,33.07,17.42,1986.78
1983-8-22,0,4.525293617,0.5097,431.95,30.36,16.43,1868.64
1983-8-23,0,4.023998604,0.5097,309.87,29.68,20.75,2440.66
1983-8-24,0,4.190100442,0.5097,401.67,28.71,16.5,1880.36
1983-8-25,0,4.160544551,0.4814,431.65,28.02,14.5,1640
1983-8-26,0,4.239211693,0.4814,455.97,28.52,13.5,1520.46
1983-8-27,0,4.5011154,0.4531,430.95,31.5,17,1912.07
1983-8-28,4.91,3.576693712,0.4531,187.31,28.84,21.72,2595.86
1983-8-29,16.97,3.481349946,0.6513,195.09,27.74,20.48,2396.65
1983-8-30,0,3.729588701,0.5947,327.7,28.11,18.7,2152.14
1983-8-31,0,3.480544669,0.538,268.54,28,20.5,2400
1983-9-1,0,3.616261837,0.6513,331.04,27.49,18.06,2081.78
1983-9-2,0,3.767037948,0.6513,387.45,27.74,16.11,1818.27
1983-9-3,0,3.922738629,0.5663,381.3,29.59,17.72,2035.28
1983-9-4,0,4.083752385,0.538,401.69,30.85,17.56,2009
1983-9-5,0,4.095541469,0.5097,335.76,32.75,21.9,2623.94
1983-9-6,0,4.425277237,0.5097,366.69,35,22.17,2666.86
1983-9-7,0,4.271116791,0.4814,352.64,34.33,22.23,2676.29
1983-9-8,0,3.971390309,0.4814,418.49,30.81,16.14,1808.36
1983-9-9,0,3.842857944,0.4531,447.62,29.58,13,1445.42
1983-9-10,0,4.103221842,0.4531,391.73,33.01,18.79,2164.18
1983-9-11,0,4.309102776,0.4531,376.89,35.29,21.05,2487.95
1983-9-12,8.06,4.023571474,0.4248,271,33.42,20.34,2374.32
1983-9-13,9.14,3.19969765,0.4814,240,26.56,16.5,1880
1983-9-14,4,2.219752734,0.6796,141.71,18.87,13.74,1579.45
1983-9-15,0,2.807403049,0.6796,388.46,21.34,9.18,1174.25
1983-9-16,0,2.842323341,0.5663,419.75,21.71,7.72,1057.22
1983-9-17,0,3.067500952,0.538,369.82,25.52,13.41,1545.16
1983-9-18,0,3.16496281,0.4814,386.8,26.72,13.3,1528.51
1983-9-19,0,3.583602305,0.4814,394.08,31.5,16.35,1855.86
1983-9-20,0,3.527808221,0.4531,357.37,31.8,18.83,2094.51
1983-9-21,27.49,3.019508256,0.4814,231.43,27.73,17.65,2024
1983-9-22,24.3,2.558003622,0.9345,262.16,21.5,10.36,1268.73
1983-9-23,0,2.349228965,1.0194,386.66,18.5,5.75,920
1983-9-24,0,2.362141396,0.7079,400.08,19,5.24,899.22
1983-9-25,0,2.438879722,0.623,430.05,20.49,4,800.25
1983-9-26,0,2.406002933,0.5947,409.63,20.54,5.45,916.36
1983-9-27,0,2.607902812,0.623,419.02,23.96,6.85,987.91
1983-9-28,0,2.400379876,0.6513,321.59,22.16,11.16,1333.11
1983-9-29,0,2.244934705,0.6796,313.74,20.45,9.86,1228.76
1983-9-30,12.58,2.072825689,0.9061,158.52,20.63,13.84,1586.94
1983-10-1,12.21,1.89949027,0.7362,112.02,20.87,16.13,1822.06
1983-10-2,10.2,1.971919711,1.0194,128.19,21.5,16.05,1808.28
1983-10-3,0,2.423839183,1.0194,309.45,25,13.94,1595.02
1983-10-4,0,2.628602499,0.8212,334.99,27.96,14.95,1709.69
1983-10-5,0,2.422723493,0.7362,272.57,26.46,16.68,1892.6
1983-10-6,0,2.329735609,0.5947,320.51,25,13.07,1495.51
1983-10-7,0,2.074277517,0.5947,352.96,21.52,7.98,1078.07
1983-10-8,0,2.062162059,0.5947,367.54,21.99,7.13,1010.06
1983-10-9,0,2.056317461,0.5663,344.15,22.37,9,1160
1983-10-10,0,1.825777531,0.5663,245.25,19.96,11.72,1377.3
1983-10-11,0,1.740082308,0.5947,241.52,18.98,10.99,1319.53
1983-10-12,26.03,1.749405616,0.7646,118.6,22.26,17.05,1936.53
1983-10-13,11.59,1.783117916,1.1327,115.29,23.64,18.53,2125.98
1983-10-14,4.39,1.894773031,1.0477,225.27,22.55,11.44,1355.03
1983-10-15,0,1.669107483,0.8778,316.84,19,7.29,1023.36
1983-10-16,0,1.581601204,0.7646,331.57,17.94,5.29,903.36
1983-10-17,0,1.609620272,0.7079,341.3,19.29,5.48,918.32
1983-10-18,0,1.65216575,0.6513,316.51,20.5,8.13,1090.36
1983-10-19,3,1.407427733,0.6513,145.93,17,10.62,1289.63
1983-10-20,0,1.223064614,0.6513,149.75,14.26,9.6,1207.82
1983-10-21,0,1.253095638,0.5663,239.32,13.75,5.91,928.03
1983-10-22,0,1.223249353,0.4531,263.2,13.41,4.56,845.1
1983-10-23,21.41,1.260381325,0.4814,183.23,14.96,6.81,985.02
1983-10-24,23.32,1.424425493,0.8495,171.89,19.43,11.63,1370.2
1983-10-25,2.89,1.170955295,1.8689,144.27,14.5,8.75,1140.05
1983-10-26,0,1.145617835,1.2459,228.12,13.83,6.65,972.06
1983-10-27,0,1.078894052,0.6796,279.96,12.5,3.22,777.59
1983-10-28,0,1.210044344,0.6513,344.27,18.8,2.78,742.63
1983-10-29,0,1.211449009,0.623,282.04,17.27,7.05,1004.2
1983-10-30,0,0.975600737,0.5947,324.24,12.51,-0.76,579.22
1983-10-31,0,0.951163436,0.623,338.68,13.94,-2.26,520
1983-11-1,0,0.968199885,0.6513,329.06,15,-0.76,579.22
1983-11-2,0,1.113641211,0.6909,305.35,18.85,4.82,865.45
1983-11-3,3.3,1.155638203,0.7023,170.38,18.49,9.76,1221.09
1983-11-4,10.11,0.94318577,0.8438,226.55,15.27,1.55,683.73
1983-11-5,0,0.766861314,0.8807,272.41,8.6,-2.27,520
1983-11-6,0,0.789498447,0.8438,267.7,9.98,-0.75,580.28
1983-11-7,0,0.873464478,0.7787,264.95,13.54,2.67,735.52
1983-11-8,0,0.886754402,0.7362,302.81,17.5,2.26,720
1983-11-9,0,0.877060916,0.7051,301.16,18.5,2.6,728
1983-11-10,22.35,0.951645134,0.8325,179.03,17.5,7.17,1013.54
1983-11-11,9.3,0.913234108,1.212,167.43,16.5,7.01,1000.94
1983-11-12,3.37,0.71340343,1.3564,137.56,9.09,1.95,715.74
1983-11-13,0,0.647339548,1.2035,223.24,7.94,-1.24,560
1983-11-14,0.13,0.681682748,1.0421,181.96,8.87,1.69,695.41
1983-11-15,30.33,0.758642396,1.2176,119.94,11.98,5.76,920
1983-11-16,21.88,0.770380782,2.8232,125.14,13,6.5,960
1983-11-17,22.11,0.673643013,3.4263,111.62,9.29,3.73,800
1983-11-18,0,0.631032854,2.5457,211.1,9.64,1.07,650.09
1983-11-19,0,0.709606392,1.8972,223.41,14.32,4.48,838.41
1983-11-20,8.63,0.733201806,1.5574,188.64,18.43,5.61,914.82
1983-11-21,20.57,0.793008872,1.7641,127,16.48,9.24,1179.22
1983-11-22,0,0.702333804,2.0728,247.91,18.72,5.71,920
1983-11-23,0,0.682849935,1.8576,210.32,15.37,5.57,918.42
1983-11-24,14.11,0.756618322,1.6282,101.73,15.69,9.84,1227.41
1983-11-25,20.26,0.541253142,2.3418,191.35,15.5,1.29,663.03
1983-11-26,0,0.576264087,3.398,221.87,13.75,2.75,739.77
1983-11-27,0,0.570221268,2.9166,236.83,15.94,3.33,786.44
1983-11-28,0.75,0.665182966,2.2484,156.43,14.5,7.42,1033.58
1983-11-29,0,0.57774942,1.8831,224.19,16,4.42,833.34
1983-11-30,0,0.482302667,1.648,213.15,10.04,-0.06,600
1983-12-1,0,0.462577054,1.4866,199.17,8,-0.95,563.7
1983-12-2,0,0.398662969,1.379,221.45,6.3,-4.13,441.05
1983-12-3,0,0.503650829,1.3196,129.75,7.03,1.75,699.6
1983-12-4,25.61,0.489714246,1.7387,148.48,10.69,1.72,697.64
1983-12-5,0,0.481727375,2.2937,178.2,9.02,1.34,667.41
1983-12-6,11.53,0.536744759,2.3361,127.22,11.72,4.4,832.07
1983-12-7,0,0.472979574,2.4183,205.73,11.5,2,720
1983-12-8,0,0.40325532,2.2512,180.84,5,-2.5,520
1983-12-9,0,0.338767366,1.9227,239.54,7.23,-4.79,440
1983-12-10,0,0.407893507,1.6849,227.31,11.26,0.01,600.59
1983-12-11,0,0.390395793,1.5404,227.85,10.5,-0.8,576.2
1983-12-12,13.51,0.551977496,1.6424,135.52,14.73,6.6,968.26
1983-12-13,14.54,0.64911752,2.237,92.84,16,10.75,1299.78
1983-12-14,4.29,0.571761665,2.8883,120.65,14.5,7.54,1042.91
1983-12-15,1.24,0.599125865,2.7241,126.05,14,8.76,1140.6
1983-12-16,0,0.434769303,2.3305,201.64,11,1.69,694.8
1983-12-17,0,0.370916413,1.9963,194.85,6,-2.66,507.4
1983-12-18,0,0.307180963,1.75,218.72,3.73,-6.66,360
1983-12-19,0,0.33741752,1.5886,183.93,2.48,-5.38,409.75
1983-12-20,0,0.307057806,1.4866,171.93,-1,-8,320
1983-12-21,0,0.244321489,1.3932,246.19,2.56,-10.91,271.95
1983-12-22,27.02,0.419277371,1.7868,161.23,12.43,1.76,693.28
1983-12-23,0,0.330188211,2.6505,229.72,8,-3.71,463.36
1983-12-24,0,0.237273969,2.4806,234.87,-1.52,-13.31,215.45
1983-12-25,0,0.210849528,1.8802,167.65,-10,-16.67,160
1983-12-26,0,0.219635408,1.6679,192.72,-8.1,-16.06,160
1983-12-27,0,0.261128027,1.4413,224.87,-1.5,-11.77,240
1983-12-28,25,0.268551021,1.5801,192.69,12.65,-4.23,440
1983-12-29,0,0.377938488,2.3843,220.57,8.63,-1.99,522.72
1983-12-30,0,0.294756562,2.4721,197.93,-1.34,-9.74,280
1983-12-31,0,0.25438825,1.968,243.55,-0.5,-12.81,240
1984-1-1,0,0.29706376,1.7443,225.49,1.44,-9.4,290.67
1984-1-2,0,0.340582771,1.5631,209.69,3.16,-6.48,366.67
1984-1-3,0,0.361991989,1.5178,193.84,3,-5.52,400
1984-1-4,0,0.390628769,1.5008,209.84,6.16,-3.51,479.37
1984-1-5,0.95,0.411659952,1.515,207.67,6.91,-2.56,514.86
1984-1-6,0.28,0.412040078,1.5178,205.2,6.21,-3,480
1984-1-7,0,0.42818589,1.5065,181.2,5,-2.64,508.68
1984-1-8,0,0.341212985,1.4498,233.44,2.46,-8.54,320
1984-1-9,0,0.385278153,1.3875,215.04,3.5,-6,400
1984-1-10,15.69,0.446363387,1.3847,163.36,7.27,-2.5,520
1984-1-11,11.93,0.384169715,2.0926,193.2,3.5,-6.94,360
1984-1-12,0,0.322877569,2.271,245.6,-2.5,-11.84,240
1984-1-13,0,0.383866692,1.9652,227.6,0.49,-7.84,338.67
1984-1-14,1.66,0.463808218,1.7471,115.28,1.5,-2.29,518.42
1984-1-15,0,0.408383221,1.6933,190.88,-0.17,-6.72,360
1984-1-16,2.17,0.355800406,1.5744,213.6,-3,-10.79,278.32
1984-1-17,0,0.373887877,1.4753,281.9,0.24,-11,280
1984-1-18,11,0.433547685,1.4413,171.57,0.98,-6.93,360
1984-1-19,8.5,0.430336237,1.5404,178.05,0.5,-7.66,347.17
1984-1-20,0,0.33504923,1.4838,297.33,-3.99,-15.43,189.45
1984-1-21,0,0.31824248,1.4215,245.01,-7.26,-15.45,191.97
1984-1-22,0,0.309371783,1.4158,338.55,-4.6,-20.17,120
1984-1-23,0,0.406864149,1.4158,343.78,2.76,-13.86,200.14
1984-1-24,8.28,0.639954621,1.4187,174.44,8.12,0.29,622.29
1984-1-25,5.64,0.679411694,1.9539,183.49,9.5,1.16,652.98
1984-1-26,0,0.677721356,2.3135,318.46,12.16,-1.02,560
1984-1-27,0,0.730543852,2.1662,326.94,14.35,0.2,615.89
1984-1-28,0,0.629283718,1.9793,307,7.42,-4,440.25
1984-1-29,0,0.575906427,1.7925,224.11,2.46,-4.5,440
1984-1-30,3,0.626338468,1.6509,223.25,5.46,-4.92,438.11
1984-1-31,3.04,0.634488427,1.6367,173.59,4,-3.05,480
1984-2-1,0,0.51897266,1.6339,277.86,-1,-9.72,280
1984-2-2,0,0.577697971,1.5772,361.29,3.7,-11.35,252.07
1984-2-3,3,0.81708194,1.4385,252.31,11.52,-1.4,551.97
1984-2-4,10.01,0.857447451,1.6197,239.4,11.5,0,600
1984-2-5,2.04,0.725930236,1.8123,209.69,5,-1.31,560
1984-2-6,0,0.709498268,1.7556,250.18,4,-3.47,480
1984-2-7,0,0.663382852,1.6027,236.18,1.76,-4.97,440
1984-2-8,0,0.626553433,1.4583,275.35,0,-8,320
1984-2-9,0,0.799338408,1.3705,362.81,6.9,-6.27,378.67
1984-2-10,0,0.923836998,1.3139,367.3,10.54,-3.25,480
1984-2-11,4.04,1.087019289,1.3592,233.57,13.5,3.37,788.99
1984-2-12,0,1.042160297,1.4413,250.47,11.53,4.02,801.44
1984-2-13,0,1.009921172,1.43,257.81,10.03,1.44,675.55
1984-2-14,0.07,1.236931713,1.4073,259.11,15.49,6.48,958.42
1984-2-15,26.57,1.267541431,1.8208,181.71,15.73,7.56,1044.6
1984-2-16,1.14,1.005247776,2.7043,121.25,10.54,7,1000
1984-2-17,0,0.925761074,2.6136,118.64,7.81,4.5,840
1984-2-18,1.58,1.227731165,2.2115,278.83,12.98,4,800
1984-2-19,0,1.210892366,1.951,285.6,12,2.93,754.32
1984-2-20,0,1.206012714,1.7726,222.69,12,5.5,920
1984-2-21,0,1.195941598,1.6395,337.61,10.5,-0.8,576.07
1984-2-22,0,1.201699317,1.5263,360.35,10.18,-2.41,511.35
1984-2-23,22.56,1.241452175,1.5348,259.73,10.46,-0.99,562.79
1984-2-24,19.01,1.572253675,2.4834,270.12,17.19,4.01,800.8
1984-2-25,0,1.523131875,2.945,351.34,15.5,3.5,799.9
1984-2-26,0,1.179394208,2.4579,327.05,7.5,-2.15,520
1984-2-27,0,1.090954056,2.0643,320.92,5,-4.09,440
1984-2-28,25.38,1.447716272,2.6759,262.23,12.28,1.39,671.49
1984-2-29,1.2,1.259570294,3.8794,353.8,7.75,-2.9,487.79
1984-3-1,0,1.007099338,3.3414,299.34,1.94,-6,400
1984-3-2,0,1.192287402,2.6901,381.83,5.26,-6.69,360
1984-3-3,0,1.177970251,2.271,361.72,4.6,-5.8,400
1984-3-4,0,1.222202369,2.0048,399.63,4.99,-7.59,352.49
1984-3-5,14.58,1.447707298,1.968,274.23,9.3,-1.24,560
1984-3-6,8.96,1.528212961,2.574,225.73,11.29,3.4,792.37
1984-3-7,0,1.326875139,2.9166,308.64,6.73,-1.16,560
1984-3-8,4.57,1.213636177,2.6306,301.6,3.41,-6.35,376.07
1984-3-9,7.19,1.180747883,2.506,318.46,2.23,-8.24,320
1984-3-10,0,1.017865394,2.3163,454.54,-1.64,-13.21,220.28
1984-3-11,0,1.484909648,2.1068,499.19,7.05,-8.05,331.5
1984-3-12,0,1.28050549,2.0048,463.79,2.92,-9.1,308.9
1984-3-13,45.18,1.479031647,2.3984,311.83,6.59,-3.34,477.56
1984-3-14,12.35,1.559292057,5.4935,266.9,8.46,0.51,640
1984-3-15,0,1.885710496,5.3802,501.68,12,-3.17,480
1984-3-16,0,2.043864612,4.2192,496.17,14,-1,560.25
1984-3-17,0,1.654093652,3.2564,284.26,10,3.4,792.04
1984-3-18,0,1.480791555,2.6901,226.98,7.51,2.12,720
1984-3-19,0.51,1.847537603,2.4013,344.83,11,2,720
1984-3-20,0,2.121509537,2.2285,446.34,13.4,-0.92,566.05
1984-3-21,2.3,2.158255667,2.3248,343.83,14.5,4.2,816.19
1984-3-22,0,2.094306216,2.3475,356.63,13.5,4,800
1984-3-23,0,1.845656178,2.237,333.55,9.84,1.5,680
1984-3-24,0,2.036993754,2.1238,451.27,10.64,-2.96,483.23
1984-3-25,13.94,1.531627655,2.2569,146.15,7.62,3.26,780.83
1984-3-26,4.8,1.999658602,3.0016,286.87,10.5,0.88,640
1984-3-27,3.55,2.118206902,3.2564,335.71,10.86,-1.77,538.54
1984-3-28,23.36,1.623333554,3.5113,170.93,7.5,2.5,720
1984-3-29,33.61,1.522562159,7.6455,167.29,5.73,1,640
1984-3-30,0,1.622843474,7.6172,252.62,6.5,1.18,654.03
1984-3-31,0,2.063214093,5.7483,389.48,10,0.82,640
1984-4-1,0,2.41245348,4.559,492.33,12.66,-2,520
1984-4-2,0,2.706506912,3.4547,503.31,15.75,-0.52,598.42
1984-4-3,3.17,2.623634962,2.9733,328.99,15.5,4,800
1984-4-4,22.61,2.296925682,2.9733,246.55,13.5,6.11,928.88
1984-4-5,33.88,2.425863155,5.1253,234.39,15.5,8.5,1120
1984-4-6,0,2.481359942,6.0598,367.04,14.5,6.05,924.24
1984-4-7,0,2.007988333,5.2386,264.24,10.5,5,880
1984-4-8,0,2.689458481,4.3325,464.37,14.48,2.5,720
1984-4-9,0,2.496543785,3.398,450.06,12.2,1.19,655.48
1984-4-10,0,2.777918698,2.6618,519.74,14,-1.5,560
1984-4-11,0,2.670650788,2.4919,464.37,13.5,1.88,710.28
1984-4-12,0,3.005845091,2.322,508.37,16.12,1.5,680
1984-4-13,0,3.000477618,2.1521,429.99,17.42,6.86,989.02
1984-4-14,9.27,2.322193011,2.4069,203.74,13.39,7.82,1065.76
1984-4-15,15.4,2.064427199,2.9733,170.96,11.33,6.94,995.03
1984-4-16,17,2.717842525,4.2475,271.72,15.57,7.94,1075.03
1984-4-17,0,3.101580323,4.8139,444.53,17.5,7,999.89
1984-4-18,8.51,3.281652084,4.0493,352.73,18.5,6.74,978.93
1984-4-19,0,3.073104679,3.5113,455.98,16.5,5.79,920
1984-4-20,0,3.08629468,3.1715,443.97,16.72,6.5,960
1984-4-21,0,3.240440659,2.945,469.16,17.5,6.19,935.52
1984-4-22,3.56,2.813160848,2.6051,355.95,12.6,1.5,680.13
1984-4-23,16.79,2.604811621,2.86,302.52,11.7,3.29,782.86
1984-4-24,2.8,2.394522044,3.6529,208.18,13.19,8.2,1095.82
1984-4-25,0,2.731238194,3.7378,326.8,15.02,8.5,1120.25
1984-4-26,0,3.833499375,3.0582,520.62,21,6.73,978.67
1984-4-27,0,3.714542289,2.6618,499.41,20.14,7.18,1014.38
1984-4-28,0,3.429500089,2.3503,484.78,17.48,5.48,918.32
1984-4-29,8.99,3.779098022,2.4352,368.23,20.37,7.5,1040
1984-4-30,6.85,3.646846921,2.6618,331.53,20.17,9.48,1198.42
1984-5-1,0,3.660974016,3.2564,444.39,20.15,9.52,1201.58
1984-5-2,0,3.925151767,3.2564,501.3,21,7.83,1066.09
1984-5-3,3.83,3.325940678,2.7751,282.83,18.5,10.35,1268.17
1984-5-4,4.43,3.745851871,2.4636,297.01,22,13,1480
1984-5-5,0,3.738648521,2.2937,410.73,21.25,11.82,1385.82
1984-5-6,4,3.483156812,2.1521,297.11,19,10.24,1259.22
1984-5-7,0,3.003235724,2.1521,336.91,15.49,8.5,1120.03
1984-5-8,11.98,4.106835124,2.1804,344.17,22.78,11.5,1360
1984-5-9,0,3.979595498,2.3503,475.96,21.01,9.27,1181.21
1984-5-10,0,3.809910701,2.2653,510.11,18.5,5.58,916.82
1984-5-11,0,3.991715029,2.0954,489.42,20.51,8.35,1107.93
1984-5-12,2,3.895938099,1.9255,405.33,22.07,13,1480
1984-5-13,0,4.3384997,1.8123,510.34,22.7,9.26,1180.83
1984-5-14,0,3.644294969,1.699,430.74,18.5,8.84,1146.94
1984-5-15,0,3.596803486,1.6141,480.52,16.51,5.07,885.41
1984-5-16,0,3.229935382,1.5291,402.96,14.74,6.02,921.71
1984-5-17,0,3.700982287,1.5008,509.47,16.5,3.69,798.32
1984-5-18,0,3.868947202,1.5008,524.41,17.5,3.72,800
1984-5-19,1.43,4.608458361,1.4442,498.77,24.2,10.68,1294.57
1984-5-20,0,4.420900321,1.4158,402,25.43,15.67,1773.46
1984-5-21,0.47,4.404184823,1.3592,408.68,25,15.12,1729.57
1984-5-22,0,5.211429725,1.3026,492.96,28.66,14.5,1640
1984-5-23,14.42,4.480952473,1.2743,280.56,26.55,17.5,1999.59
1984-5-24,0,4.702799549,1.5971,469.82,25.1,12.64,1451.02
1984-5-25,0,4.711551,1.6339,484.03,24.57,11.37,1349.45
1984-5-26,4.39,4.531121202,1.4668,276.42,26.66,17.57,2011.79
1984-5-27,9.78,4.142840149,1.5404,272.37,23.48,15,1720
1984-5-28,6.32,4.284790814,1.648,300.12,23.5,14,1600
1984-5-29,31.81,3.446696985,1.7132,181.49,21.9,16.71,1896.45
1984-5-30,58.29,3.852758002,6.0032,292.23,20,11.37,1349.36
1984-5-31,20.12,3.649798503,13.139,287.54,18.26,10,1240
1984-6-1,0,4.507250666,11.7232,517.96,21.86,8.19,1095.56
1984-6-2,0,4.467156781,7.1925,446.04,23.5,12.72,1457.39
1984-6-3,0.79,4.771810401,4.8139,517.58,23.72,9.5,1200
1984-6-4,0,5.478849877,3.6246,533.15,28.36,11.63,1370.73
1984-6-5,0,5.461775875,2.8883,500.82,29,14.13,1610.79
1984-6-6,0,5.503646759,2.4466,468.55,30.07,16.5,1880
1984-6-7,0,5.583440845,2.3163,436.63,31.49,19,2200
1984-6-8,0,5.806050073,2.1379,439.71,32.83,19.84,2307.42
1984-6-9,0,5.913273541,1.9114,422.34,34.02,21.5,2560
1984-6-10,0,5.560290138,1.7047,394.06,32.55,21.5,2560
1984-6-11,0,5.735083409,1.5461,406.81,33.24,21.5,2560
1984-6-12,0,5.396714163,1.413,413.33,30.72,19.31,2250.11
1984-6-13,0,6.065197591,1.3196,463.41,33.64,19.2,2232.26
1984-6-14,2.56,5.672799355,1.2799,373.44,32.13,19.83,2306.57
1984-6-15,0,5.206341902,1.2912,456.26,27.81,15,1720
1984-6-16,0,4.839548956,1.2488,477.01,24.42,11.28,1342.21
1984-6-17,8.5,3.514835934,1.2459,182.64,21,15.48,1758.38
1984-6-18,16.44,4.002144494,1.7953,208.34,24.48,18,2080
1984-6-19,11.5,5.267996888,2.6391,294.61,30.5,20,2320
1984-6-20,0,5.240662889,2.6136,436.19,28.87,17.02,1922.96
1984-6-21,0,4.666959622,2.1096,411.48,25.29,15,1720
1984-6-22,0,5.205906779,1.6905,491.42,27,13,1480
1984-6-23,0,4.977906686,1.4328,435.01,26.96,15.49,1759.37
1984-6-24,12.8,4.512237709,1.2912,256.64,26.47,18.15,2092.34
1984-6-25,12.14,5.006148063,1.4073,295.92,28.6,18.4,2111.6
1984-6-26,0,5.243381516,1.3847,484.57,27.53,13.73,1578.67
1984-6-27,0,5.436663708,1.2686,498.05,28.51,13.6,1567.84
1984-6-28,0,4.522512225,1.1553,294.16,28.26,20.8,2447.65
1984-6-29,0,5.10053629,1.0987,416.93,28.35,17,1920
1984-6-30,8.52,4.64010239,1.0704,252.21,27.5,18.89,2182.46
1984-7-1,0,4.504897616,1.0449,322.67,27.08,19.01,2200.99
1984-7-2,0,5.065250686,1.0137,394.58,29.04,18.5,2120
1984-7-3,4.14,4.848123899,0.9826,265.02,28.96,19.87,2309.81
1984-7-4,0,5.115691213,0.9486,377.32,30.37,20.45,2391.73
1984-7-5,0,4.793591447,0.9203,323.58,30.13,22,2639.89
1984-7-6,3.43,4.759924679,1.0194,278.31,28.22,19.06,2210.36
1984-7-7,25.65,4.248803453,1.0987,241.54,25.95,18.52,2123.78
1984-7-8,0,4.411293549,1.43,415.63,24.15,14.32,1625.33
1984-7-9,0,4.681968659,1.3337,477.03,24.56,12.36,1428.48
1984-7-10,0,4.490195199,1.1751,416.73,24.95,15,1720
1984-7-11,6.58,5.088608997,1.2261,307.81,30,19.5,2280
1984-7-12,2.79,5.329755153,1.2063,332.99,31.88,21.07,2491.14
1984-7-13,0,5.411603128,1.1157,455.17,31.09,18.61,2138.29
1984-7-14,0,5.546770496,1.0279,448.87,32.29,19.77,2301.79
1984-7-15,0,4.945991457,0.9486,403.43,29.6,19.5,2280
1984-7-16,0,4.928669442,0.9118,372.78,30.72,21.5,2560
1984-7-17,7.3,4.875684561,0.8693,301.84,29.25,19.2,2232.38
1984-7-18,32.35,4.192402545,1.093,236.89,26.86,19.63,2290.09
1984-7-19,0,4.641026336,2.0048,420.99,26.97,16.63,1890.69
1984-7-20,0,4.887817075,1.8491,470.73,27.47,15.03,1722.21
1984-7-21,11.38,3.785139059,1.3224,202.58,25.43,19.48,2277.43
1984-7-22,8.51,4.151955561,1.2771,250.19,26.5,19.03,2204.91
1984-7-23,0,4.291612732,1.1751,316.56,28.67,21.45,2552.11
1984-7-24,0,4.860279492,1.0506,365.44,31.5,22.5,2719.23
1984-7-25,0,4.935282003,0.9599,442.02,29.56,18.2,2095.63
1984-7-26,0,4.791120557,0.8863,472.41,27.65,15.37,1749.25
1984-7-27,6.17,4.689009334,0.8552,310.33,28.96,18.9,2184.19
1984-7-28,0,4.118464058,0.8438,390.61,25,16.21,1834.36
1984-7-29,0,4.091914817,0.841,423,23.86,14.22,1617.29
1984-7-30,0,3.678516269,0.8325,305.16,24.41,17.97,2075.84
1984-7-31,0,4.614342224,0.8127,458.48,27.44,15.81,1785.02
1984-8-1,0,4.769489022,0.7532,426.25,29.82,19,2200
1984-8-2,3.82,4.766421111,0.7306,296.87,31.5,22,2640
1984-8-3,2.91,4.702738303,0.7872,307.23,31.04,21.5,2560
1984-8-4,8.25,4.561488041,0.8467,271.24,30.78,21.91,2625.25
1984-8-5,5.23,4.480993508,1.2176,277.02,30,21,2480.49
1984-8-6,0,4.738141659,1.5999,416.34,30.55,19.71,2296.75
1984-8-7,0,4.775934293,1.4158,385.08,32,21.98,2637.07
1984-8-8,0,4.874384273,1.178,419.91,31.81,20.5,2400
1984-8-9,0,4.521278539,1.0109,379.25,30.56,21,2480
1984-8-10,0,4.252821344,0.9146,351.94,29.5,21,2480
1984-8-11,6.78,3.945002321,0.875,244.01,28,20.5,2399.63
1984-8-12,4.33,4.118195698,1.0506,244.1,29.85,22.16,2665.96
1984-8-13,0,3.717936404,1.144,267.67,29,23,2800
1984-8-14,0,4.134094498,1.1213,341.02,30,22,2640
1984-8-15,0,4.569841054,0.9798,389.83,32,22,2640
1984-8-16,0,4.815643703,0.8835,448.24,32.21,19.49,2278.73
1984-8-17,0,4.605970506,0.8269,439.06,31,18.9,2184.13
1984-8-18,0,4.330339125,0.773,437.87,29,17.37,1979.14
1984-8-19,22.83,3.809663347,0.8495,302.81,25.65,16,1800.49
1984-8-20,0,3.823910557,0.9741,401.37,25.99,16.24,1838.45
1984-8-21,0,4.065098452,0.8976,482.41,26.02,12.26,1420.83
1984-8-22,0,4.200244413,0.79,477.12,27.5,13.37,1539.38
1984-8-23,0,3.762322762,0.7391,333.25,28,19.76,2300.83
1984-8-24,0,3.825812205,0.7362,407.2,26.5,15.98,1801.93
1984-8-25,0,3.796675826,0.7136,423.79,26,14.84,1694.82
1984-8-26,0,4.044580605,0.7079,471.04,27.27,13.14,1502.16
1984-8-27,0,4.082019366,0.6994,462.07,28.03,14.02,1601.66
1984-8-28,0,3.856663876,0.6796,377.93,28.42,18.24,2099.23
1984-8-29,0,3.513275417,0.6654,283.48,28.5,21.26,2522.01
1984-8-30,0,3.906920485,0.6824,341.96,30.5,21.19,2509.77
1984-8-31,0,4.047258578,0.6626,392.36,30.5,19.16,2225.23
1984-9-1,0,3.925586506,0.6456,438.67,28.5,15.15,1728.41
1984-9-2,0,3.817022991,0.6145,449.31,27.5,13.5,1560
1984-9-3,0,4.318301651,0.5947,422.4,32.78,18.7,2152.02
1984-9-4,9.1,3.414535089,0.606,248.57,27,18,2080
1984-9-5,0,3.157719836,0.657,386.26,22.99,12.5,1439.9
1984-9-6,0,3.246615937,0.6711,442.14,23,9.64,1211.1
1984-9-7,0,3.213555219,0.6315,469.86,22.5,7.12,1009.74
1984-9-8,0,3.319944112,0.6031,470.62,24,7.76,1061.16
1984-9-9,0,3.455219333,0.5947,466.27,25.88,9.06,1164.98
1984-9-10,0,3.265985702,0.5833,337.13,26.57,16.53,1881.75
1984-9-11,0,3.304978041,0.5748,328.1,27.5,17.54,2007.19
1984-9-12,0,2.986026403,0.5947,284.49,25.44,17.15,1945.07
1984-9-13,0,3.220416885,0.5918,379.99,26,13.76,1579.65
1984-9-14,13.93,3.273434289,0.5862,230.22,29,19.82,2305.46
1984-9-15,12.89,2.991297534,0.6485,261.48,24.77,14,1600
1984-9-16,0,2.601541374,0.7391,407.82,19.24,6.27,941.78
1984-9-17,0,2.667402663,0.7419,420.55,20.33,6.24,939.22
1984-9-18,0,2.687751477,0.6966,420.31,21,6.5,960.03
1984-9-19,0,2.853015547,0.6371,449.74,23.5,5.53,920
1984-9-20,0,3.121318909,0.5975,382.31,27.5,13.63,1567.56
1984-9-21,0,3.019212913,0.5918,362.27,27,14.24,1619.22
1984-9-22,0,2.890066988,0.5692,401.26,25.5,10.33,1266.02
1984-9-23,0,2.955960083,0.5465,367.56,27,13.42,1546.41
1984-9-24,0,3.058171906,0.5352,304.66,29.5,18.51,2121.64
1984-9-25,0,3.025415035,0.5239,304.42,29.54,18.5,2120.12
1984-9-26,0,2.916268964,0.5267,356.94,28,14.5,1640
1984-9-27,3.37,2.175109781,0.5267,265.86,18.43,6.26,940.83
1984-9-28,17,1.803496521,0.6428,187.56,14.5,6.79,983.44
1984-9-29,2.13,1.811242689,0.7561,193.39,16.5,10.36,1269.01
1984-9-30,0,1.935138171,0.7646,237.76,18,10.53,1282.16
1984-10-1,21.38,1.80204112,0.7787,156.23,17,10.64,1291.52
1984-10-2,8.01,1.735587631,0.9231,179.61,15.39,8.14,1090.8
1984-10-3,0,1.985990838,0.9288,347.88,18.5,6.48,958.51
1984-10-4,0,2.08018341,0.8042,349.32,20.53,7.93,1074.32
1984-10-5,0,2.07563369,0.7306,364.64,20.98,7.04,1003.38
1984-10-6,0,1.890258402,0.6853,338.3,18.48,6.36,948.45
1984-10-7,0,1.852596255,0.6286,383.58,18.52,3.06,765.04
1984-10-8,0,1.885187599,0.5947,338.97,19.49,7,1000
1984-10-9,0,1.969339292,0.6541,274.96,21.99,12.49,1439.44
1984-10-10,0,1.945504691,0.6088,280.84,22,12.14,1411.27
1984-10-11,0,1.922488686,0.5493,291.78,22,11.5,1360
1984-10-12,0,1.868866841,0.5154,314.95,21.5,9.59,1207.14
1984-10-13,0,1.65278942,0.5437,204.71,19.5,12.66,1453.13
1984-10-14,0,1.536644937,0.7929,174.79,18.46,12.74,1459.22
1984-10-15,0,1.770084825,0.5409,284.89,21.51,11.03,1322.74
1984-10-16,0,1.699275069,0.5239,287.43,20.75,10.18,1254.36
1984-10-17,0,1.671378767,0.5267,328.93,21,7.74,1058.82
1984-10-18,0,1.709703974,0.5267,232.19,22.5,14.24,1619.22
1984-10-19,0,1.77961312,0.5267,306.31,24,11.75,1380.05
1984-10-20,0,1.899389249,0.5267,261.52,26.5,16.36,1858.11
1984-10-21,0,1.89970151,0.5239,273.59,27,16.04,1806.77
1984-10-22,1.7,1.798159419,0.521,181.72,26.37,18.54,2126.63
1984-10-23,5.65,1.605265004,0.5409,161.1,23.34,15.77,1781.21
1984-10-24,12.6,1.25301063,0.5635,121.03,17.14,12,1400
1984-10-25,0,1.352872745,0.6031,218.71,19,11.67,1373.26
1984-10-26,0,1.575477166,0.6031,241.17,24.01,15.23,1738.67
1984-10-27,0,1.665912834,0.5805,245.74,26.16,16.79,1902.89
1984-10-28,0,1.652546066,0.5607,258.24,26.46,16.16,1825.43
1984-10-29,12.26,1.560506703,0.6456,151.31,25.5,18,2080
1984-10-30,0,1.350054437,0.6683,239.2,21.47,12.58,1446.02
1984-10-31,0,1.301776881,0.6456,247.91,21,11.53,1362.08
1984-11-1,0,1.233108985,0.6145,224.19,19.82,11.5,1360
1984-11-2,0,1.17109034,0.5862,271.14,19.5,8.5,1120
1984-11-3,0,0.915746263,0.5692,285.09,13.22,1.81,700.12
1984-11-4,0,1.001583268,0.5635,273.43,16.24,5.25,900.05
1984-11-5,10.95,1.15661627,0.7504,142.45,20,13.05,1491.92
1984-11-6,0,1.002171288,0.79,230.95,16.5,8.03,1082.45
1984-11-7,0,0.804059011,0.7108,279.7,12,0.82,640
1984-11-8,0,0.749172123,0.6485,292.08,11.5,-1.06,567.87
1984-11-9,0,0.778179128,0.6258,307.33,15.86,0.01,601.67
1984-11-10,0,0.976650621,0.606,256.09,19.2,8.14,1091.56
1984-11-11,14.3,0.984197649,0.6315,154.58,18.5,10.5,1280
1984-11-12,0,0.803758617,0.7277,245.88,14.47,4.36,828.72
1984-11-13,0,0.672886068,0.7023,146.4,7.79,2.69,737.51
1984-11-14,0,0.69124214,0.6456,245.85,11.5,1.4,672.28
1984-11-15,0,0.593806457,0.623,299.27,15,-2.49,520
1984-11-16,0,0.753849117,0.5975,243.46,15.5,4.79,863.21
1984-11-17,0,0.627856454,0.5777,225.78,10,0.74,639.6
1984-11-18,7.04,0.599961126,0.5777,173.97,9.63,-0.02,600
1984-11-19,14.94,0.575887539,0.7985,122.15,6.5,0.5,640
1984-11-20,0,0.470067233,0.9061,209.73,3,-5.08,432.5
1984-11-21,0,0.459544742,0.8014,244.49,4.91,-5.62,400
1984-11-22,0,0.464879875,0.8495,248.03,6.47,-4.74,440
1984-11-23,0,0.424090805,0.7929,273.69,8.98,-6,400
1984-11-24,0,0.462742524,0.7362,262.01,10.99,-3.02,480.25
1984-11-25,0,0.478616851,0.7079,258.75,13,-1.26,560
1984-11-26,0,0.418505908,0.6796,270.42,14.5,-2.54,516.91
1984-11-27,0,0.398032876,0.6513,271.26,16.5,-1.85,532.4
1984-11-28,5.08,0.684151235,0.6513,142,17.79,8.29,1102.84
1984-11-29,9.39,0.517343189,0.8778,169.31,14.54,2.36,720
1984-11-30,0,0.43114232,1.0477,234.33,11.41,-1.5,560
1984-12-1,0,0.512808217,0.8778,207.02,13.5,2.64,734.36
1984-12-2,0,0.386573484,0.7646,241.8,12,-2.35,520
1984-12-3,6,0.490881072,0.6796,149.2,12.57,2.2,720
1984-12-4,0,0.425224132,0.7079,182.58,7.39,-1.61,551.02
1984-12-5,10.97,0.433544562,0.6513,111.13,5.7,-1.26,560
1984-12-6,18.61,0.438532326,1.1044,156.99,12.45,0.98,640
1984-12-7,0,0.37572034,1.2601,155.83,3,-4.36,440
1984-12-8,0,0.344350364,1.0845,212.98,6.63,-4.76,440
1984-12-9,0,0.303589782,0.9146,240.15,9.7,-5,440
1984-12-10,0,0.486093131,0.8495,158.02,10.96,3.14,771.55
1984-12-11,0,0.445316347,0.8155,189.96,11.97,2,720
1984-12-12,0,0.397116221,0.7759,203.47,10.96,-0.06,600
1984-12-13,0,0.443063973,0.7561,211.04,16.26,3.75,800
1984-12-14,0,0.571331404,0.7334,117.98,13.38,7.5,1040
1984-12-15,1,0.548516314,0.7136,94,10.76,6.36,948.9
1984-12-16,0,0.465306098,0.7079,157.04,10.33,2.74,738.93
1984-12-17,0,0.529917143,0.7051,180.13,16.12,6.67,973.3
1984-12-18,0,0.470634106,0.6796,219.41,19.76,6.17,933.28
1984-12-19,0.31,0.494703102,0.6796,164.08,13.46,4.8,863.62
1984-12-20,0,0.409309863,0.6796,191.31,10.94,0.84,640
1984-12-21,6.3,0.435935618,0.6768,136.74,11.43,2,719.6
1984-12-22,0,0.50238563,0.7447,195.49,16.95,6.03,927.87
1984-12-23,0,0.344003516,0.7249,225.66,12,-1.26,560
1984-12-24,0,0.296145474,0.6881,238.28,11.47,-3.47,478.81
1984-12-25,2,0.351116834,0.6938,221.82,10.98,-1.67,546.16
1984-12-26,0,0.297782199,0.6541,230.26,6.88,-6.16,387.2
1984-12-27,1.36,0.447955273,0.6513,148.57,7.69,0.94,642.7
1984-12-28,0,0.44306486,0.6513,222.72,16.17,3.38,790.1
1984-12-29,0,0.638703852,0.6513,201.61,21.75,10.28,1262.12
1984-12-30,0,0.536454633,0.6513,210.51,18.05,6.47,957.72
1984-12-31,0,0.593747969,0.6513,206.06,19.9,8.37,1109.92
1985-1-1,1.48,0.582998544,0.6513,147.21,12.93,7.04,1003.35
1985-1-2,3.2,0.550614764,0.6796,160.37,16,6,920
1985-1-3,11.44,0.45242974,0.7079,135.54,7.19,0,600
1985-1-4,6.55,0.425050547,0.7362,63.5,1,-1.97,522.08
1985-1-5,7.97,0.432667318,0.7646,93.1,2.65,-1.86,530.82
1985-1-6,0,0.406946701,0.7362,223.41,6.4,-3.22,480
1985-1-7,0,0.473996897,0.7079,181.24,7,-0.03,607.87
1985-1-8,0,0.444369636,0.6796,200.65,6,-2,520
1985-1-9,0,0.339961715,0.6513,218.72,-0.5,-9.26,299.22
1985-1-10,0,0.322915186,0.6513,195.44,-3.39,-10.68,280
1985-1-11,5.99,0.362470336,0.6796,111.74,-3,-7.64,348.73
1985-1-12,0,0.350878533,0.7079,259.54,-0.37,-9.79,280
1985-1-13,0,0.403088846,0.6796,253.84,2.41,-6.68,360
1985-1-14,0,0.406732859,0.7079,297.69,5.89,-6.83,360
1985-1-15,0,0.437588741,0.7079,254.11,3.45,-5.5,400
1985-1-16,0,0.375603608,0.6796,249.77,-1.28,-9.71,280
1985-1-17,5.11,0.418320979,0.6796,173.6,0.24,-7.23,360
1985-1-18,0,0.472531578,0.6796,213.74,2.36,-4.38,441.36
1985-1-19,0,0.503783404,0.6513,212.75,3.51,-3.15,480
1985-1-20,2,0.354156557,0.6513,334.14,0.48,-15.26,200
1985-1-21,0,0.253118365,0.6513,277.61,-11.5,-20.68,120
1985-1-22,0,0.348439844,0.623,293.86,-4.8,-14.93,200
1985-1-23,0,0.454999905,0.623,259.46,0.02,-8.22,320
1985-1-24,0,0.50514337,0.623,254.98,2,-6,400
1985-1-25,2.15,0.574467448,0.6286,278.61,5.84,-4,440
1985-1-26,5.7,0.510217155,0.6513,202.64,1.46,-6.97,360
1985-1-27,0,0.455696468,0.6513,296.38,-1.3,-10.85,280
1985-1-28,0,0.512393398,0.6456,343.33,3.1,-10.37,280
1985-1-29,0,0.555402074,0.6315,314.98,3,-7.59,352.97
1985-1-30,0,0.545895334,0.623,334.42,2.56,-9.27,298.01
1985-1-31,9.56,0.576015408,0.6371,224.19,2.22,-7,360
1985-2-1,15.4,0.613015837,0.8382,102.59,2.5,-1,560
1985-2-2,16.9,0.610963842,1.379,79.37,2.4,-0.19,600
1985-2-3,0,0.57192561,1.5829,265.92,0.03,-7.25,360
1985-2-4,0,0.571086225,1.2601,343,0.5,-10.66,280
1985-2-5,0,0.62307479,1.0251,335.03,1.9,-8.62,320
1985-2-6,3.53,0.611498416,1.0477,117.2,0.5,-3.34,480
1985-2-7,0,0.617305799,0.9939,251.46,0,-6.5,360
1985-2-8,0,0.562438846,0.875,283.37,-2.55,-9.97,280
1985-2-9,0,0.610430262,0.8297,264.04,-1.12,-7.82,334.02
1985-2-10,0,0.736420201,0.7844,346.76,3.34,-7,360
1985-2-11,0,0.816317299,0.7815,377.33,6,-6.53,360
1985-2-12,17.87,0.969877343,1.1695,246.04,9.5,0.03,602.08
1985-2-13,0,0.872574243,1.951,278.42,6,-1.14,560
1985-2-14,0,0.850949993,1.8774,330.44,4.79,-4.17,440
1985-2-15,0,0.848285511,1.3989,349.85,4.24,-5.49,401.01
1985-2-16,0,0.79201409,1.1468,352.79,2,-7.68,345.78
1985-2-17,0,0.916443631,1.0166,348.89,5.22,-4.35,440
1985-2-18,0,1.04398602,0.9401,383.04,8.39,-3.28,480
1985-2-19,0,1.145969234,0.9061,381.76,10.43,-1,560.25
1985-2-20,0,1.085139852,0.8948,400.19,8.42,-4,440
1985-2-21,0,1.123832916,0.8665,433.91,9.55,-6.5,360
1985-2-22,0,1.455531434,0.8495,411.82,16.24,1.88,710.35
1985-2-23,0,1.667885939,0.8722,355.98,19.55,8,1080
1985-2-24,0,1.846430709,0.875,357.05,22.44,8.5,1120
1985-2-25,0,1.824738946,0.8438,347.35,21.31,8.52,1121.8
1985-2-26,2,1.325449578,0.8382,234.63,11.91,5.37,909.85
1985-2-27,0,1.540746132,0.8297,346.07,14.72,3.5,800
1985-2-28,0,1.300088121,0.7787,396.12,9.24,-5.17,426.16
1985-3-1,0,1.390277895,0.7646,380.96,10.5,-2.4,516.85
1985-3-2,8.1,1.6215756,1.0392,271.41,14.61,2.75,739.76
1985-3-3,0,1.532105618,1.0166,383.85,12.3,-0.95,564.45
1985-3-4,1.08,1.467626315,0.9033,372.16,10.5,-1.85,531.87
1985-3-5,6.32,1.910833419,0.9996,303.11,18.33,2.26,720
1985-3-6,0,1.529469946,1.0392,384.69,10.67,-2.5,520
1985-3-7,0,1.305414171,0.9345,367.66,5.86,-5.77,399.9
1985-3-8,3.94,1.583186897,0.9061,217.37,11.63,3.14,771.13
1985-3-9,0,1.68620247,0.8976,296.28,13,4.22,817.37
1985-3-10,0,1.829142693,0.8552,403.4,14.01,-0.44,595.55
1985-3-11,0,1.919090559,0.8212,406.74,15,0.1,607.77
1985-3-12,12.63,1.809663825,1.0591,196.82,14.5,6.79,983.44
1985-3-13,0,1.975779249,1.1525,340.51,15.5,4.88,870.1
1985-3-14,0,1.920533452,0.9996,302.03,14.82,5.91,920
1985-3-15,0,1.746727709,0.8863,331.24,11,1.22,657.75
1985-3-16,0,1.718792982,0.8325,386.24,9.51,-2.66,507.18
1985-3-17,0,1.955911566,0.8212,375.22,13.02,1.24,659.22
1985-3-18,0,1.669605708,0.807,364.21,8.13,-2.76,499.22
1985-3-19,0,1.672634857,0.7815,426.04,7.36,-6.8,360
1985-3-20,0,2.302255317,0.7646,418.59,16.46,2.07,715.07
1985-3-21,0,2.088020149,0.7532,421.3,12.93,-1.17,560
1985-3-22,0,1.682641723,0.7362,311.27,7.68,-0.97,562.76
1985-3-23,7.03,1.60047313,0.8438,161.29,8.32,2.81,744.66
1985-3-24,6.66,1.685021824,0.8891,191.56,8.5,2,720
1985-3-25,1.93,1.844157767,0.9543,304.89,9.5,1.22,657.51
1985-3-26,0,2.166725459,0.8722,451.6,12,-2.34,516.97
1985-3-27,0,2.682942953,0.7985,474.03,18.24,1.24,660.05
1985-3-28,0,3.205976622,0.7589,425.4,24.5,10.1,1217.79
1985-3-29,0,3.305055499,0.7391,405.56,25.5,12.15,1412.08
1985-3-30,2.36,2.994770685,0.7391,376.32,21.5,8.51,1120.63
1985-3-31,3.27,1.783881634,0.773,141.32,10.5,5.93,920
1985-4-1,5.13,2.286659374,0.8212,245.49,13.75,5.33,906.16
1985-4-2,0,2.341725765,0.8212,420.78,12.43,0.73,639.6
1985-4-3,0,2.35848269,0.7929,455.57,11.86,-1.5,560
1985-4-4,0,2.722891996,0.7362,456.55,16.03,2.41,720
1985-4-5,0,3.103538563,0.7079,403.81,21.16,9.76,1181.4
1985-4-6,0,3.142015429,0.7079,361.79,22.34,12.55,1443.61
1985-4-7,0,2.744800707,0.6513,379.54,16.9,7,1000
1985-4-8,2.68,2.53452729,0.6796,334.85,13,1.34,667.36
1985-4-9,0,2.153645305,0.6513,402.01,8.5,-1.52,558.32
1985-4-10,0,2.204025505,0.6513,467.41,8,-4.65,440
1985-4-11,1,2.65074391,0.623,439.83,13.5,1.76,691.83
1985-4-12,0,3.226147014,0.623,509.41,18.5,2.02,638.42
1985-4-13,0,2.983503247,0.623,409.16,17.34,6.49,935.17
1985-4-14,0,3.037445866,0.5947,388.56,18.16,8.04,1044.39
1985-4-15,4.77,2.654235597,0.7079,204.07,16.81,10.36,1268.73
1985-4-16,0,3.401517155,0.7362,390.25,21.75,11.53,1307.24
1985-4-17,0,3.400538978,0.6513,478.5,19.46,5.66,836.75
1985-4-18,0,3.353124673,0.5947,508.66,18.19,2.74,658.35
1985-4-19,0,4.635992386,0.5663,484.71,30.35,14.5,1357.76
1985-4-20,0,4.417940165,0.538,496.4,27.97,11.88,1148.67
1985-4-21,0,4.377183849,0.5097,499.23,27.24,11,1079.25
1985-4-22,0,4.839837308,0.4814,519.62,30.54,11.48,1065.23
1985-4-23,0,3.93531676,0.4531,445.02,23.59,10.5,1120.18
1985-4-24,0.59,2.556140994,0.4814,209.02,15.15,9.85,1227.96
1985-4-25,3.72,2.977120395,0.5097,212.09,17.81,10.86,1308.9
1985-4-26,0,4.427041835,0.538,505.37,26.25,10,1004.79
1985-4-27,0,4.259956144,0.4814,462.13,25.5,12,1177.77
1985-4-28,0,3.985520106,0.4248,492.56,22.1,7.47,870.73
1985-4-29,0,3.81492696,0.3964,469.04,20.79,7.58,894.59
1985-4-30,0,4.533939453,0.3681,545.05,25.5,5.97,719.51
1985-5-1,0,4.716651317,0.3398,474.19,28.05,13.12,1220.65
1985-5-2,15.21,4.095400467,0.3964,326.72,23.16,10.5,1205.14
1985-5-3,32.74,2.627815061,1.1327,195.04,12.73,6.5,960
1985-5-4,0,3.657289302,1.5008,503.95,17.5,2.53,641.42
1985-5-5,0,4.253556613,1.1044,477.88,23.21,8.99,976.83
1985-5-6,0,4.777808326,0.8495,449.95,28.1,14.47,1391.12
1985-5-7,0,4.076896508,0.7362,365.89,24,13.99,1501.23
1985-5-8,0,4.112062121,0.6513,462.66,21.69,8.33,939.99
1985-5-9,0,4.003176289,0.5663,510.36,19.56,3.83,676.28
1985-5-10,0,4.477723419,0.538,452.84,24.72,11.35,1134.63
1985-5-11,0,4.795542997,0.4814,421.68,28,15.51,1504.04
1985-5-12,0,4.196902953,0.4531,313.96,26.07,17.5,1934.25
1985-5-13,0,4.778043119,0.4248,396.25,28.38,17,1693.73
1985-5-14,0,5.13058817,0.3398,467.19,29.27,15,1266.02
1985-5-15,0,4.288317922,0.3681,426.81,22.98,11,1072.81
1985-5-16,0,4.176909694,0.3398,400.98,22.5,11.48,1145
1985-5-17,24.21,3.354689831,0.3681,179.7,20.03,13.96,1596.91
1985-5-18,14.9,3.582395712,1.1327,232.4,19.56,11.75,1379.77
1985-5-19,0,3.995239854,1.0194,409.86,20.5,9.72,1150.23
1985-5-20,0,4.640667483,0.7362,452.85,24.98,12.25,1271.09
1985-5-21,9.69,4.488608062,0.623,267.05,26.46,17,1920
1985-5-22,20,4.369809789,0.6796,293.36,24.38,14.24,1619.22
1985-5-23,19.45,3.56127149,0.7362,224.54,19.99,13,1480
1985-5-24,7.55,3.403219903,1.2743,210.92,18.93,12.44,1435.4
1985-5-25,0,4.400046375,1.1327,421.12,23.49,12.5,1440
1985-5-26,0,5.40264135,0.8495,521.87,28.68,11.98,1305.23
1985-5-27,0,5.378498601,0.6796,477.05,29.5,15.21,1655.85
1985-5-28,30.44,5.04156563,0.5947,307.72,28.79,17.5,2000
1985-5-29,13.54,4.396038974,1.2459,320.71,23.02,12,1400
1985-5-30,0,4.285476649,1.2459,488.69,20.5,7.5,1040
1985-5-31,0,4.235185332,1.0364,375.04,23.37,14.31,1624.95
1985-6-1,1.02,5.074174151,0.8608,432.46,28.38,16.74,1899.34
1985-6-2,0,5.400149542,0.7277,506.16,28.5,13.06,1482.05
1985-6-3,0,5.435897591,0.6683,476.06,29.5,15.5,1752.55
1985-6-4,0,4.645572942,0.623,385.18,26.24,16.5,1880.36
1985-6-5,26.8,4.26888893,0.7391,269.17,24,15.42,1753.92
1985-6-6,0,4.540685217,0.8863,412.41,24.5,14.22,1617.51
1985-6-7,0,4.392888596,0.7646,436.86,22.52,11.7,1376.12
1985-6-8,11.69,3.310243717,0.8014,181.64,19.65,14.5,1640
1985-6-9,0,4.793716108,0.875,452.71,25.51,14.03,1602.58
1985-6-10,0,5.360628341,0.8014,428.62,30.51,19.09,2213.98
1985-6-11,0,5.142028227,0.6994,439.14,28.5,17,1920
1985-6-12,3.24,5.174249895,0.6145,322.49,29,17.76,2041.99
1985-6-13,2.78,4.507188794,0.7419,346.16,23.83,13.5,1560
1985-6-14,0,4.422705441,0.6286,442.95,22.73,12.12,1409.45
1985-6-15,0,4.9019256,0.538,494.86,24.97,11.8,1383.93
1985-6-16,4,4.646603109,0.538,295.3,26,16.46,1870.84
1985-6-17,0,4.958703773,0.5578,436.56,27,15.78,1782.22
1985-6-18,1.59,4.639525264,0.5578,336.59,28,19.86,2308.71
1985-6-19,0,4.937748444,0.5409,418.98,27.5,16.96,1917
1985-6-20,0,4.917742877,0.504,440.92,26.59,15.34,1747.2
1985-6-21,0,5.139283569,0.4757,494.17,26.6,12.89,1471.41
1985-6-22,0,5.165717079,0.4559,466.99,27.5,14.76,1681.21
1985-6-23,0,4.642897877,0.4474,330.02,28,19.83,2306.08
1985-6-24,0,5.170670993,0.4304,389.78,29.99,19.75,2299.95
1985-6-25,0,5.366665934,0.4276,494.7,28.23,14,1599.97
1985-6-26,0,4.442935415,0.4248,416.49,23.51,13.46,1553.32
1985-6-27,0.89,4.059474063,0.4332,356.13,21.5,12.9,1472
1985-6-28,5.57,4.256504904,0.4389,309.15,22.18,12.5,1440
1985-6-29,3.03,4.774810974,0.4531,334.97,25.5,14.26,1620.83
1985-6-30,0,4.647915767,0.4389,399.57,26,16.29,1846.83
1985-7-1,0,4.454274467,0.4332,403.72,24.33,14.74,1679.15
1985-7-2,0,4.741135116,0.4248,432.32,25.92,15.28,1742.51
1985-7-3,0,5.230860802,0.4078,440.62,29.5,18,2079.4
1985-7-4,0,5.511318259,0.3964,455.59,31,18.45,2116.77
1985-7-5,0,4.967271035,0.3851,382.66,29.47,19.9,2312.28
1985-7-6,0,4.495453423,0.3823,302.97,28.95,21.77,2602.48
1985-7-7,0.17,5.12447501,0.3681,391.39,30.49,20.49,2398.73
1985-7-8,26.31,5.438018497,0.4417,369.26,29.5,15.26,1741.01
1985-7-9,19.55,5.400362767,0.8184,338.82,30.5,18.01,2080.97
1985-7-10,4.07,5.38796268,0.7334,314.32,31.5,20.13,2340.03
1985-7-11,0,5.0653473,0.6173,396.08,30.01,19.78,2302.12
1985-7-12,0,5.135987335,0.5267,437.44,29.26,17.63,2020.37
1985-7-13,0,5.07488981,0.4672,402.6,30,19.52,2279.6
1985-7-14,0,5.299548619,0.4304,386.73,32.23,21.86,2618.03
1985-7-15,0,4.879473799,0.4021,338.97,31.06,22.51,2720.93
1985-7-16,10.98,4.787962274,0.487,256.38,30.3,21.76,2602.37
1985-7-17,0,4.836946738,0.4927,407.13,28.52,18.26,2100.83
1985-7-18,0,5.113659483,0.4417,465.43,28.81,16.05,1807.76
1985-7-19,0,5.488291583,0.4191,503.37,30.46,15,1720.25
1985-7-20,0,5.376436785,0.3908,415.69,32.31,20.72,2434.57
1985-7-21,0,5.203395476,0.3625,391.83,32.01,21.44,2550.13
1985-7-22,1.88,5.19783488,0.354,353.5,32.5,22.27,2683.58
1985-7-23,0.99,4.990197514,0.3426,435.13,29.01,17,1920
1985-7-24,0,4.928566066,0.3228,499.05,27.02,12.58,1446.05
1985-7-25,2.62,4.993820559,0.303,364.16,30.02,18.76,2162.03
1985-7-26,19.46,4.516690784,0.7079,246.25,29.5,21.28,2524.24
1985-7-27,16.96,4.641898051,0.8608,285.67,28.72,18.98,2196.15
1985-7-28,0,5.007414177,0.8693,469.8,28.94,15.5,1760
1985-7-29,0,4.423081116,0.6711,390.27,26.79,16.94,1915.55
1985-7-30,0,4.997234866,0.5522,456.15,29.5,16.5,1880.25
1985-7-31,53.15,4.422276096,0.6315,244.43,29.26,20.96,2473.86
1985-8-1,8.32,4.19432508,1.9029,330.82,26.75,18.25,2100
1985-8-2,0,4.256773753,2.2285,404.7,25.5,15.31,1744.75
1985-8-3,0,4.514726844,1.4555,468.49,26,13.12,1498.96
1985-8-4,0,4.669432936,0.8495,482.51,27,13.04,1486.36
1985-8-5,0,4.649124223,0.6541,472.05,27.18,13.5,1560.25
1985-8-6,0,4.583937881,0.5748,454.57,27.23,14.28,1622.12
1985-8-7,0,4.248700812,0.5352,330.48,28.5,19.97,2320.64
1985-8-8,48.95,3.903848285,0.8523,218.31,27.17,19.98,2318.04
1985-8-9,0,4.432392068,1.1978,385.02,28.71,18.5,2120.49
1985-8-10,0,4.347987885,1.1525,360.02,29,19.58,2286.18
1985-8-11,0,4.625125357,0.909,407.44,30,18.71,2153.53
1985-8-12,0,4.600137786,0.7277,406.02,30,18.7,2152.14
1985-8-13,0,4.665520809,0.6145,447.92,29.52,16.36,1857.41
1985-8-14,0,4.866661971,0.5409,377.02,33.19,22.15,2663.58
1985-8-15,0,4.850031981,0.5182,350.97,34,23.67,2920.3
1985-8-16,0,4.580809293,0.4644,353.35,32.05,22,2640
1985-8-17,0,4.211690159,0.4757,380.84,28.36,18.01,2080.68
1985-8-18,9.28,3.711428875,0.4927,231.37,26.5,18.8,2168.44
1985-8-19,18.65,3.794179871,0.657,233.55,27.5,19.65,2291.9
1985-8-20,9.2,3.957383399,0.64,261.28,28,19,2200
1985-8-21,11.11,3.489695318,0.6173,233.99,24.9,17.34,1974.34
1985-8-22,0,3.765824327,0.6541,401.62,25.05,14.66,1665.18
1985-8-23,0,4.076815628,0.6371,466.31,26.5,12.86,1468.9
1985-8-24,0,3.982066713,0.5635,439.14,26.54,14.21,1616.75
1985-8-25,6.99,3.416338082,0.5465,215.78,26,18.94,2190.51
1985-8-26,6.08,3.557073376,0.5522,211.36,28,20.9,2463.65
1985-8-27,0,3.692592576,0.5239,300.14,29.01,21.36,2538.13
1985-8-28,0,3.941939742,0.4729,394.15,28.5,17.74,2038.45
1985-8-29,0,4.032794089,0.4502,399.92,29.44,18.25,2100.28
1985-8-30,6.41,3.911685634,0.4361,275.2,29.5,19.49,2277.19
1985-8-31,0,3.480430855,0.4417,351.54,26.01,17,1920
1985-9-1,0,3.166160941,0.4502,334.55,23.42,15.22,1737.59
1985-9-2,0,3.877132361,0.4361,424.63,28.44,16.01,1802.74
1985-9-3,0,3.829725368,0.4219,380.86,29.44,18.77,2163.4
1985-9-4,0,4.250758087,0.4078,395.77,33,20.79,2446.9
1985-9-5,0,4.268532695,0.4021,372.72,34,22.56,2729.15
1985-9-6,0,4.118153918,0.3936,353.86,33.5,22.87,2779.14
1985-9-7,0,3.829867723,0.371,333.25,31.83,22.24,2678.45
1985-9-8,7.48,4.056394598,0.3794,278.55,33,21.5,2560
1985-9-9,5.97,3.900450142,0.4078,276.13,31.98,20.74,2438.45
1985-9-10,1.37,3.757136168,0.4417,366.69,31,19.95,2316.36
1985-9-11,0,3.390083767,0.4219,396.34,27,15.35,1747.75
1985-9-12,0,2.995185358,0.4078,436.62,22.14,9.12,1169.65
1985-9-13,0,2.635650089,0.3936,391.54,19,8.53,1122.76
1985-9-14,0,2.783469167,0.3794,437.51,20.29,7.16,1013.09
1985-9-15,0,2.983443068,0.3653,458.76,22.77,7.22,1017.83
1985-9-16,0,3.058919864,0.3568,458.83,24.08,7.73,1058.67
1985-9-17,0,2.987091498,0.3596,445.55,23.74,8.16,1092.87
1985-9-18,0,3.015072095,0.354,448.33,24.5,8,1080.25
1985-9-19,0,3.215015053,0.3455,422.33,27.42,11.9,1392.07
1985-9-20,0,3.144328614,0.3341,377.08,27.52,14.57,1651.25
1985-9-21,0,3.168385317,0.2945,392.04,28,13.83,1586.02
1985-9-22,0,2.905885057,0.3143,340.43,26.15,14.97,1711.5
1985-9-23,4.2,2.304969844,0.3511,128.04,24.44,19.43,2263.73
1985-9-24,4.91,2.562322415,0.4106,167.28,25.94,19.15,2224.56
1985-9-25,0,2.733933702,0.4049,367.22,24.87,12.3,1424.25
1985-9-26,54.98,2.478286609,0.4899,211.71,23.5,14.69,1673.67
1985-9-27,66.61,2.313053397,2.0105,175.52,23,15.93,1794.32
1985-9-28,0,2.389542862,3.5679,338.12,22,11,1320
1985-9-29,0,2.501908877,2.8317,399.31,23.5,8.33,1106.64
1985-9-30,0,2.498718466,1.9369,384.51,24,9.45,1196.36
1985-10-1,0,2.496421317,1.2629,312.76,25.08,14.18,1614.55
1985-10-2,2.07,2.445795984,0.9373,272.85,25,14.5,1639.9
1985-10-3,30.19,1.897408374,1.1242,135.38,20.33,14.76,1680.9
1985-10-4,2.27,1.768790689,1.5319,147.3,19.33,14.48,1638.5
1985-10-5,0,2.210357767,1.464,294.17,23.21,13.33,1532.56
1985-10-6,0,1.985368026,1.1695,359.27,19.5,6.54,963.19
1985-10-7,0,1.919689496,0.9939,378.81,19,4.38,830.68
1985-10-8,0,1.97889266,0.8693,396.68,21.01,3.82,800
1985-10-9,0,2.08878496,0.79,382.47,23.35,6.6,967.88
1985-10-10,0,2.23671706,0.7306,333.25,25.74,12.2,1415.74
1985-10-11,0,1.980324507,0.6938,281.41,22.48,12.16,1413
1985-10-12,0,1.707187235,0.6711,334.02,18,5.22,897.77
1985-10-13,0,1.969871138,0.6513,312.88,23.22,10.84,1307.32
1985-10-14,0,2.076881622,0.6513,303,25.5,13.21,1513.19
1985-10-15,0,2.197688122,0.6513,260.39,28,17.58,2012.49
1985-10-16,0,1.940330442,0.6598,314.01,24.49,11.58,1366.5
1985-10-17,0,1.653625497,0.6456,350.01,20.48,5.26,900.55
1985-10-18,0,1.537550076,0.6258,363.77,19.33,2.57,726.65
1985-10-19,0,1.838745074,0.6088,303.31,24.5,11.82,1385.29
1985-10-20,1.99,1.702159586,0.606,274.12,22.5,11.74,1379.22
1985-10-21,0,1.306151318,0.6116,169.79,16,10.26,1260.6
1985-10-22,0,1.370436777,0.606,165.48,18.17,12.49,1439.5
1985-10-23,0,1.514911807,0.5947,209.35,20.91,13.25,1520.55
1985-10-24,0,1.596668864,0.5918,246.33,22.75,13.11,1504.76
1985-10-25,0,1.579225626,0.572,275.38,23.1,11.7,1376.34
1985-10-26,0,1.303833736,0.5663,344.99,20.5,2.77,741.21
1985-10-27,0,1.349992463,0.5607,313.73,20.76,5.98,931.16
1985-10-28,0,1.223194806,0.5437,271.55,17.22,5.84,920.03
1985-10-29,0,1.028230392,0.5437,306.17,13.5,-0.1,604.15
1985-10-30,0,1.018760441,0.5465,334.62,16,-1.52,558.32
1985-10-31,0,1.095300999,0.5578,130.49,15.88,10.94,1315.27
1985-11-1,0,1.13596022,0.5692,159.93,17,10.82,1305.58
1985-11-2,0,1.08412075,0.589,158.36,16.07,9.93,1234.2
1985-11-3,0,1.014242217,0.6768,105.92,15.5,11.48,1358.09
1985-11-4,10.08,1.019934313,0.606,72.77,16.5,12.81,1464.73
1985-11-5,7.71,1.046352561,1.2771,122.13,16.5,10.19,1255.42
1985-11-6,1.53,0.97332517,0.9401,160.78,14.83,8.76,1140.55
1985-11-7,0,0.9476101,0.8212,269.94,16.4,4.5,840
1985-11-8,0,0.909351109,0.7277,248.27,15,4.74,859.22
1985-11-9,0,0.914759642,0.6654,283.64,17.82,4.26,820.77
1985-11-10,0,1.109759948,0.6513,227.48,21.5,11.59,1366.88
1985-11-11,0,1.12124451,0.6286,252.76,23.45,11.35,1347.92
1985-11-12,0,0.99944934,0.6173,179.02,18.72,11.53,1362.09
1985-11-13,0,1.037293693,0.6003,185.53,20.35,12.75,1463.55
1985-11-14,0,1.012799031,0.5862,232.41,21.45,10.97,1317.46
1985-11-15,0,0.850057703,0.5748,270.49,19.97,6.24,938.84
1985-11-16,13.37,0.747494699,0.6116,173.29,13.94,4.25,820.05
1985-11-17,8.55,0.841627555,0.8948,161.93,17.24,8.22,1097.61
1985-11-18,0,0.7206218,0.8722,261.29,16.5,3.96,803.8
1985-11-19,0,0.867254481,0.7646,219.95,19.5,9.75,1220.37
1985-11-20,0,1.004856743,0.6909,192.47,23,14.36,1628.44
1985-11-21,0,0.788665574,0.657,239.51,19.74,8,1080
1985-11-22,18.57,0.659932076,0.8552,155.57,13.22,4.28,822.5
1985-11-23,0,0.579526634,1.144,217.77,10.76,1.26,660.83
1985-11-24,0,0.579037364,1.0534,228.84,12.24,1.76,700.93
1985-11-25,1.58,0.524151274,0.8863,222.1,9.5,-0.38,596.11
1985-11-26,2.28,0.556824857,0.8353,209.4,11.84,1.76,700.83
1985-11-27,2.46,0.636250045,0.7985,162.32,13.36,5.77,920
1985-11-28,10.14,0.620276685,0.8184,111.43,11.54,5.8,920
1985-11-29,11.89,0.567165198,1.1015,108.97,9.11,3.75,800
1985-11-30,13.51,0.599046787,1.2318,96.5,10.51,5.73,919.37
1985-12-1,7.53,0.644077933,1.6424,88.2,12.66,8.23,1098.56
1985-12-2,2.12,0.485262692,1.7698,239.84,14.75,2,720
1985-12-3,0,0.415394012,1.4073,208.68,5.78,-3.02,480
1985-12-4,0,0.382629649,1.144,187.49,2.58,-5,440
1985-12-5,0,0.352785739,1.0279,224.47,3.95,-6.22,382.16
1985-12-6,3.89,0.454146423,1.0477,75.43,3.56,-0.23,600
1985-12-7,0,0.424852587,1.0477,173.5,5.5,-1.51,558.97
1985-12-8,0,0.413154922,0.9571,216.44,8.86,-1.02,560
1985-12-9,0,0.316189556,0.8976,255.6,10.94,-4,440
1985-12-10,0,0.35947989,0.8665,243.16,11.35,-1.83,533.48
1985-12-11,0,0.418194207,0.8467,234.84,14.59,1.89,710.9
1985-12-12,0,0.514244492,0.8297,213.07,16.7,5.83,920
1985-12-13,7,0.493406668,0.8948,125.29,11,3.71,796.66
1985-12-14,0.03,0.357770215,0.9769,216.16,7.39,-3.01,480
1985-12-15,0,0.276142366,0.9146,238.36,3.49,-8.76,320
1985-12-16,0,0.290597097,0.8608,237.55,5.85,-6.74,360
1985-12-17,0,0.36035061,0.8438,200.32,6,-3.16,480.47
1985-12-18,0,0.291593912,0.8212,233.78,5.2,-6.87,360
1985-12-19,0,0.25169046,0.8212,221.2,-1.5,-12.02,240
1985-12-20,5.24,0.251690128,0.8184,180.52,-2.03,-12.15,240
1985-12-21,0,0.287239292,0.79,206.72,-1.5,-9.43,292.28
1985-12-22,0,0.24403127,0.7504,260.95,-0.53,-12.31,240
1985-12-23,0,0.353900656,0.7362,230.63,6.5,-3.26,479.46
1985-12-24,0,0.420162951,0.7362,229.22,11.25,1.25,661.38
1985-12-25,0,0.293883072,0.7334,270.28,8.96,-5,440
1985-12-26,0,0.270032337,0.7702,202.84,-3.5,-11.31,255.59
1985-12-27,0,0.270589226,0.773,268.18,4.26,-8.94,314.29
1985-12-28,0,0.371809518,0.7249,197.28,5.5,-3.21,480
1985-12-29,0,0.350225033,0.7079,216.35,6.68,-4,440
1985-12-30,0,0.317717326,0.7079,221.95,4.5,-6.68,360
1985-12-31,3,0.295457898,0.7051,203.03,7.39,-6.77,360.06
1986-1-1,1.33,0.385644435,0.6853,192.93,6.49,-2.93,485.63
1986-1-2,0,0.324098909,0.7872,240.58,8.5,-5.32,414.23
1986-1-3,12,0.466404122,0.7589,144.25,10.94,1.44,674.89
1986-1-4,0,0.460096177,0.841,166.37,8,0.26,620.83
1986-1-5,4,0.449697491,0.9345,141.53,8.66,-0.36,600
1986-1-6,0,0.422482531,0.9175,183.42,6,-2.5,520
1986-1-7,0,0.375826653,0.8467,154.14,0.7,-6,400
1986-1-8,0,0.335588901,0.7957,183.53,-1,-9.18,305.88
1986-1-9,0,0.335412502,0.7391,244.17,3.86,-9.05,312.79
1986-1-10,0,0.408708157,0.6881,244.23,9.34,-3.85,452.2
1986-1-11,0,0.385509776,0.6824,245.85,6.72,-6.27,378.7
1986-1-12,0,0.430813356,0.6909,246.03,9.32,-3.74,460.6
1986-1-13,0,0.423921127,0.6824,247.55,8,-4.92,440
1986-1-14,0,0.361998998,0.6824,201.79,-1,-9.82,280
1986-1-15,0,0.323265291,0.6739,205.9,-4.06,-12.99,235.42
1986-1-16,0,0.350060275,0.6343,277.13,3.56,-12.28,240
1986-1-17,0,0.442431671,0.6485,268.57,8.5,-6.22,382.34
1986-1-18,0,0.669148933,0.6513,244.8,16.76,4.08,812.32
1986-1-19,9.89,0.752077849,0.7079,141.91,15.51,7.04,1003.34
1986-1-20,0.13,0.663476087,0.9118,203.73,12.05,3,760.05
1986-1-21,0,0.621814444,0.9061,221.88,10.38,0.5,640
1986-1-22,0,0.599932388,0.8269,273.67,13,-1.5,560
1986-1-23,0,0.599796615,0.7702,260.53,10.36,-2.2,520
1986-1-24,0,0.517750155,0.7334,211.49,2.95,-5.66,400
1986-1-25,15.29,0.607536298,0.7023,202.25,9.59,-3.33,480
1986-1-26,45.87,0.732679631,1.1638,135.45,10.5,3.31,785.02
1986-1-27,7.53,0.589167197,2.8317,155.54,4.5,-3.67,466.57
1986-1-28,7.71,0.435263213,3.1715,207.67,-2.65,-12.76,240
1986-1-29,4.47,0.423445024,2.1861,232.51,-3.04,-15.01,200
1986-1-30,0,0.476076443,1.6537,261.66,-1.95,-11,280
1986-1-31,0,0.536368366,1.3309,322.3,1.97,-10.86,280
1986-2-1,0,0.592524878,1.2006,340.3,4.77,-9.66,280
1986-2-2,0.64,0.87744089,1.2544,323.04,14.74,1.07,647.39
1986-2-3,0,0.773685266,1.3592,302.35,9.27,-2.27,520
1986-2-4,14.87,0.710062604,1.5093,106.59,5,0.55,640
1986-2-5,4.44,0.818390386,2.0954,136.54,8.3,2.45,720.14
1986-2-6,0,0.807298505,2.0954,168.5,7.42,1.5,680
1986-2-7,8.84,0.683280997,1.9765,133.92,2.5,-3.59,472.68
1986-2-8,0,0.683761332,1.8576,180.28,2.08,-3.88,452.83
1986-2-9,0,0.709009019,1.6339,163.42,2.67,-2.52,515.55
1986-2-10,0,0.722146685,1.5178,126.39,3.24,-0.54,596.91
1986-2-11,6.58,0.694597505,1.5036,129.89,1.33,-3.81,455.06
1986-2-12,0,0.620871532,1.43,240.71,-2,-9.24,300.83
1986-2-13,0,0.630015909,1.2743,268.34,-2.09,-10.39,280
1986-2-14,8.35,0.686896403,1.1582,272.84,-0.26,-11.59,243.65
1986-2-15,6.89,0.745885927,1.1327,216.43,1,-6.55,361.75
1986-2-16,0,0.792847172,1.1072,369.02,2.13,-8.72,320
1986-2-17,0,1.13044135,1.1582,381.2,11.32,-0.73,581.24
1986-2-18,7.87,1.019689763,1.5574,185.76,8.15,2.02,720
1986-2-19,6.93,0.916314405,2.0756,130.16,5.98,2,720
1986-2-20,1.96,0.910460704,2.0954,136.66,6.5,3.5,800
1986-2-21,13.4,1.174663583,1.9935,197.33,10.49,3.5,800
1986-2-22,3.78,1.05984019,2.1209,237.98,6.64,-2.12,520
1986-2-23,5,0.97059164,2.1549,188.92,4.5,-1.66,547.26
1986-2-24,0,0.985921853,2.0615,337.15,3.74,-5.35,411.65
1986-2-25,2,0.939517361,1.8944,283.18,2.56,-4.28,440
1986-2-26,0,0.914292415,1.6707,345.41,1,-8.1,320
1986-2-27,2,0.836718652,1.5036,215.51,0,-4.71,440
1986-2-28,0,0.99202939,1.3875,391.18,1.99,-9.34,293.14
1986-3-1,0,1.087645789,1.2941,395.68,3.82,-7.78,337.59
1986-3-2,0,1.131261812,1.229,370.87,4.51,-5.23,421.66
1986-3-3,0,1.273204186,1.1978,411.03,7,-5.49,401.15
1986-3-4,0,1.27035613,1.1893,323.78,7.4,-0.05,600
1986-3-5,0,1.393883149,1.1638,408.12,8.57,-3,480
1986-3-6,0,1.441095159,1.1298,413.01,9,-3,480
1986-3-7,0,1.314604283,1.0987,422.58,6,-6.5,360
1986-3-8,0,1.06397129,1.0307,415.08,0.42,-11,280
1986-3-9,0,1.589732713,1.0336,455.69,10.67,-7.53,357.4
1986-3-10,0,2.171129772,1.0307,439.29,19.75,2.61,735.99
1986-3-11,0,2.301625053,1.0194,413.04,21.04,7,1000.26
1986-3-12,0,1.693770928,0.9883,404.19,10.87,-1.08,560
1986-3-13,30.75,1.538807801,1.4385,198.65,9.91,3.5,800
1986-3-14,11.57,1.83134601,3.0582,232.28,13.88,6,920
1986-3-15,2.52,2.264136965,3.5113,327.65,19.13,8.5,1120
1986-3-16,0,2.165742666,2.8317,385.64,17,6,920
1986-3-17,0,1.922820163,2.1974,408.79,12.5,0.76,640
1986-3-18,0,2.019711688,1.7925,441.8,13.23,-0.77,578.67
1986-3-19,0,2.294376802,1.5348,382.33,17.69,7,1000
1986-3-20,0,2.427079311,1.4187,456.4,18.12,2.19,720
1986-3-21,0,1.53173528,1.3026,445.76,4.39,-9.07,314.6
1986-3-22,0,1.657945226,1.2176,459.02,6,-8.76,320
1986-3-23,0,1.947439332,1.1327,467.15,9.96,-6,400
1986-3-24,0,2.24678224,1.1044,442.41,13.91,-0.5,599.6
1986-3-25,0,2.362659307,1.0675,485.48,14.99,-3.87,450.46
1986-3-26,0,2.751947104,1.0477,412.94,20.01,6.52,961.67
1986-3-27,0,2.749006122,1.0477,383.27,20,7.99,1078.88
1986-3-28,0,2.523332143,1.0279,436.05,16,1.56,685.16
1986-3-29,0,2.885038109,1.0024,442.11,20.01,4.5,840
1986-3-30,0,3.26004907,0.9628,459.23,23.83,6.23,938.67
1986-3-31,0,3.451374067,0.943,464.87,25.5,6.98,998.25
1986-4-1,0,3.057994356,0.9231,471.03,20.6,2.5,720
1986-4-2,0,3.272828209,0.9118,402.94,23.31,9.5,1200
1986-4-3,0,2.782851623,0.8948,391.32,17.43,4.8,863.85
1986-4-4,0,2.765433375,0.8948,416.39,16.52,2.78,742.71
1986-4-5,3.4,2.18531718,0.9061,166.35,13.2,7,1000
1986-4-6,11.43,1.656963533,1.1242,93.75,9.53,6.37,949.91
1986-4-7,1.99,2.637375044,1.2941,322.25,16,6.8,983.91
1986-4-8,0,3.433637776,1.1921,437.35,22.57,8,1080
1986-4-9,0,2.95085508,1.0704,408.53,17.5,5.21,897.09
1986-4-10,0,2.183968033,0.9684,281.79,10.52,3.25,779.78
1986-4-11,0,2.077415029,0.9231,273.49,9.1,2.22,720
1986-4-12,0,2.5261012,0.8976,360.36,12.7,3,759.89
1986-4-13,1.84,2.525803066,0.8807,403.41,11.63,0.4,626.69
1986-4-14,0,2.934421678,0.8608,437.61,15.49,2.51,732.02
1986-4-15,2.99,2.883822936,0.8778,387.84,14.32,0.29,623.02
1986-4-16,47.77,2.276656394,1.9878,148.93,13.51,8.53,1122.22
1986-4-17,8.16,2.16565934,3.483,155.25,11.5,6.5,960
1986-4-18,2.61,2.866210929,3.398,314.66,15.46,6,920
1986-4-19,0,3.445472499,2.86,502.3,18.7,2.5,720
1986-4-20,0,3.290236451,2.2625,501.72,16.9,1.07,645.23
1986-4-21,6.09,3.091512182,1.9171,252.6,18.1,9.43,1194.23
1986-4-22,4.28,3.022257892,1.8038,319.25,15.07,3.75,800
1986-4-23,6.58,2.08768629,1.8859,214.38,7,0.5,640
1986-4-24,0,3.530671544,1.8689,508.98,18.39,2.99,759.21
1986-4-25,0,3.675927964,1.6877,440.61,21,9,1159.96
1986-4-26,0,3.524035765,1.5263,441.89,19.27,7.46,1036.66
1986-4-27,0,3.854329475,1.4527,474.44,21.52,8,1080
1986-4-28,0,4.112115593,1.3762,509.96,22.9,7.04,1003.14
1986-4-29,2,3.794525372,1.3281,468.18,20.76,7.9,1071.63
1986-4-30,0,4.096171816,1.3366,486.1,22.98,9.07,1165.45
1986-5-1,0,4.456570805,1.2884,507.24,25.44,9.84,1218.05
1986-5-2,0,4.007726359,1.212,476.85,22.07,8.99,1158.88
1986-5-3,0,3.16812303,1.1667,449.29,14.5,3.52,799.81
1986-5-4,0,3.673700621,1.11,543.53,17.28,0.8,640
1986-5-5,0,4.677824348,1.0647,525.99,26,8.8,1124.92
1986-5-6,0,5.371563274,1.0477,508.37,31.5,13.8,1500.55
1986-5-7,0,5.243327091,1.0052,474.5,31,15.56,1709.33
1986-5-8,0,4.753224175,0.9769,494.2,26.55,11,1279.26
1986-5-9,0,3.677942421,1.0052,448.04,18.03,6,920.03
1986-5-10,0,4.116458769,0.9798,534.98,20.01,2.7,720
1986-5-11,0,4.108994656,0.9373,526,19.86,2.97,741.66
1986-5-12,0,4.322974029,0.926,524.37,21.49,4.24,800.78
1986-5-13,0,4.093270729,0.9458,489.59,19.95,5,862.17
1986-5-14,0,3.614332129,0.8891,414.53,17.04,5.72,920
1986-5-15,0,3.229174892,0.8863,265.18,17.66,11,1320
1986-5-16,0,4.104669785,0.8778,352.31,23.1,13.45,1552.28
1986-5-17,0,5.526054306,0.8495,477.99,31.14,15,1539.83
1986-5-18,0,5.41695826,0.8212,446.33,30.83,16.24,1711.78
1986-5-19,0,4.735765454,0.7844,346.39,28.21,17.99,2076.1
1986-5-20,14.32,3.646381272,0.9599,178,22.77,16.5,1880
1986-5-21,1.29,3.803801841,1.3507,264.57,23,16,1800
1986-5-22,8.98,4.233453382,1.3224,250.76,24.26,15.18,1734.03
1986-5-23,0,4.377835305,1.229,393.51,23.51,12.52,1426.32
1986-5-24,0,4.62647635,1.0732,434.65,24.5,12,1324.62
1986-5-25,0,4.612407871,0.9543,434.29,24.3,11.86,1295.44
1986-5-26,0,4.313646436,0.8863,401.62,22.52,11.48,1314.78
1986-5-27,0,4.799559441,0.8438,496.31,24.18,8.98,1015.43
1986-5-28,1,5.060230893,0.7929,423.26,28,15.62,1627.26
1986-5-29,0,5.585581925,0.7504,507.33,29.78,13,1259.41
1986-5-30,0,5.841795102,0.6938,464.07,32.5,17.5,1722.82
1986-5-31,0,5.639261875,0.657,406.74,32.5,20,2125.42
1986-6-1,0,5.829257753,0.64,439.28,32.89,19,1930.92
1986-6-2,0,5.412173131,0.6003,450.32,29.51,15.71,1580.36
1986-6-3,0,4.404841238,0.5663,481.36,20.75,6.8,899.17
1986-6-4,0,4.813653677,0.5097,506.32,23.5,8.04,939.5
1986-6-5,0,4.945623167,0.538,401.05,27.27,15.98,1696.28
1986-6-6,0,5.001142212,0.538,368.13,28.78,18.5,2033.03
1986-6-7,0,4.753779961,0.538,333.91,28.03,18.99,2161.19
1986-6-8,0,5.367968092,0.538,387.23,31.05,20,2169.41
1986-6-9,0,5.41639889,0.521,455.11,29.5,16.29,1622.81
1986-6-10,0,5.334116161,0.5012,521.76,27.15,10.99,1097.01
1986-6-11,0,5.844412779,0.4786,475.55,32,17.5,1694.57
1986-6-12,13.13,5.409645016,0.4842,342,29.35,16.18,1670.32
1986-6-13,0,4.682513263,0.538,407.18,25.24,14.69,1446.59
1986-6-14,0,5.251841633,0.5493,465.61,27.98,14.82,1328.2
1986-6-15,0,5.171944049,0.5324,407.06,29,17.86,1713.04
1986-6-16,0,5.097628858,0.4955,357.88,30.12,20.5,2126.56
1986-6-17,0,5.086914343,0.4644,429.28,27.84,16.31,1523.09
1986-6-18,0,4.777484776,0.4531,494.91,23.5,9.74,951.09
1986-6-19,0,5.273851311,0.4446,503.25,27.04,12.15,1075.42
1986-6-20,2.06,4.868467426,0.4531,381.68,27,16.58,1646.09
1986-6-21,0,4.990763501,0.4531,471.43,25.52,12.09,1132.35
1986-6-22,0,5.276988892,0.4446,517.97,26.53,10.46,956.74
1986-6-23,0,5.827437381,0.4332,459.51,32,17.94,1602.82
1986-6-24,14.69,5.442086379,0.4955,312.57,30.16,17.79,1909.58
1986-6-25,0,4.917331326,0.5522,443.88,25.5,12.88,1291.98
1986-6-26,0,5.099188343,0.5012,509.38,25.33,9.66,979.37
1986-6-27,0,5.207527959,0.4502,404.84,28.92,17.31,1750.17
1986-6-28,0,4.70213246,0.4389,269.36,30,22.5,2712.03
1986-6-29,0,5.346125845,0.4474,351.1,32,22,2442.27
1986-6-30,0,5.218552537,0.4332,412.34,29.17,17.6,1765.37
1986-7-1,0,4.498590341,0.4219,346.81,25.54,16.55,1803
1986-7-2,21.16,4.436617197,0.5182,233.11,26.5,18.5,2120
1986-7-3,5.49,4.958796788,0.8976,317.74,27,15.38,1747.99
1986-7-4,0,5.02562195,0.8269,505.18,25.5,10.73,1139.42
1986-7-5,0,5.61626284,0.6286,445.97,31.5,18.41,1894.05
1986-7-6,0,5.951154878,0.5069,430.76,34.27,21.23,2195.64
1986-7-7,0,6.249332663,0.4474,438.06,36,22.14,2274.02
1986-7-8,0,5.720146212,0.4191,369.68,34.5,23.5,2666.73
1986-7-9,0,5.086440507,0.4078,321.84,31.71,22.71,2685.81
1986-7-10,0,5.328669972,0.3964,429.61,30.26,18.1,1836.43
1986-7-11,0,4.957708393,0.3879,415.28,27.97,16.75,1728.85
1986-7-12,0,5.647994877,0.3851,443.1,32.4,19.38,1945.68
1986-7-13,1.12,5.639523,0.3908,378.62,33.23,21.17,2306.42
1986-7-14,0,5.367124466,0.3681,377.06,32.5,21.86,2416.18
1986-7-15,0,5.39990146,0.3625,465.28,30.28,16.68,1608.38
1986-7-16,35.4,5.085317988,0.3568,308.75,29.5,18.14,1817.15
1986-7-17,2.33,4.363476655,0.3936,259.44,28.5,21.28,2493.48
1986-7-18,8.32,5.104125317,0.4672,269.46,31.46,21.5,2511.86
1986-7-19,18.22,4.139782188,0.9231,198.32,27.61,21,2480
1986-7-20,0,4.377810146,1.0392,315.81,27.64,19.69,2286.89
1986-7-21,0,5.02574033,0.9118,377.09,31.03,20.98,2295.79
1986-7-22,0,5.057278247,0.5947,417.93,30.25,19.11,1948.57
1986-7-23,0,4.918382858,0.5097,401.41,29.91,19.5,1998.73
1986-7-24,0,5.015968022,0.4248,434.61,29.8,18.26,1794.16
1986-7-25,0,4.933913308,0.3964,411.95,30,19.26,1953.08
1986-7-26,7.33,4.598975345,0.4248,232.38,31,23.15,2823.74
1986-7-27,4.03,4.947277114,0.5947,335.94,31,20.76,2322.41
1986-7-28,0,4.938490899,0.7646,389.95,31.17,21,2279.13
1986-7-29,0,5.228559442,0.7079,412.63,32.76,21.5,2271.99
1986-7-30,0.19,4.970687257,1.2176,416.52,30.76,19.6,2034.35
1986-7-31,0,4.306021179,1.4725,343.73,27.86,19.44,2185.14
1986-8-1,0,4.463799379,1.1893,385.28,27.94,18.26,1960.32
1986-8-2,22.47,4.784319905,1.076,296.03,30.63,20.44,2367.33
1986-8-3,15.05,4.359650667,1.4158,264.45,28.5,19.75,2300.33
1986-8-4,0,4.688058144,1.0477,411.91,29.5,18.72,2107
1986-8-5,0,4.786897804,0.8495,444.81,29.5,17.44,1907.1
1986-8-6,0,4.553259235,0.7646,390.97,29.48,19.5,2246.01
1986-8-7,3.32,4.240305762,0.6796,250.9,29,20.85,2456.31
1986-8-8,0,4.327233044,0.5947,307.24,31,23.34,2854.4
1986-8-9,0,4.71133573,0.4814,377.53,31.78,21.9,2598.15
1986-8-10,0,4.82514219,0.4531,429.97,31.22,19.47,2193.22
1986-8-11,0,4.225244701,0.4248,314.98,30.5,22.79,2765.62
1986-8-12,0,3.891531963,0.4248,338.75,26.83,19,2199.91
1986-8-13,0,3.873156308,0.3964,364.03,25.98,17.56,2005.82
1986-8-14,0,4.367086485,0.3681,468.98,27.37,14.84,1624.92
1986-8-15,0,4.540418196,0.3681,468.75,28.99,16,1738.34
1986-8-16,0,4.498610622,0.3681,411.34,30.42,19.53,2240.24
1986-8-17,0,4.180709106,0.3681,320.81,31.01,23,2799.91
1986-8-18,9.59,3.873905913,0.3964,243.07,28.27,20.5,2400
1986-8-19,0,4.085757037,0.3964,378.12,28.5,19,2190.65
1986-8-20,7.73,3.377935634,0.3681,205.9,25.71,19.5,2280
1986-8-21,25.17,2.743247219,0.5663,151.05,22.2,17.99,2078.43
1986-8-22,0,3.728137872,1.1044,391.08,25.63,16.27,1843.52
1986-8-23,0,3.999701032,0.9628,420.58,27.51,16.73,1895.74
1986-8-24,0,3.703715597,0.7079,375.39,26.39,17.42,1986.48
1986-8-25,0,3.891629987,0.5097,479.96,25.3,11.74,1372.77
1986-8-26,0,4.050011661,0.4531,458.58,27.5,14.5,1633.54
1986-8-27,0,4.141907508,0.4531,379.43,30.76,20.58,2412.36
1986-8-28,11,3.718522973,0.538,355.53,24.51,11,1320
1986-8-29,0,3.215634221,0.4531,480.57,19.5,6.38,950.21
1986-8-30,0,3.474530369,0.4361,499.56,22,6.63,969.41
1986-8-31,0,3.690504361,0.4163,495.24,24.51,8.5,1117.02
1986-9-1,0,3.464412394,0.3993,444.09,23.56,11,1320
1986-9-2,5,2.410426404,0.4106,136.7,20.5,16.38,1860
1986-9-3,0,2.904653225,0.4304,263.82,23.5,17.24,1958.45
1986-9-4,0,3.16651254,0.4332,317.01,24.98,17.18,1949.09
1986-9-5,4.69,3.102465422,0.4248,218.27,25.53,18.44,2114.84
1986-9-6,3.12,3.458740489,0.4332,278.64,27,17.06,1929.41
1986-9-7,0,3.32725448,0.4304,413.31,24.76,13.25,1519.7
1986-9-8,3,2.951158316,0.4163,275.1,22.04,12.73,1458.38
1986-9-9,0,3.274328685,0.4106,481.03,23.5,7.4,1032.07
1986-9-10,0,3.206252702,0.3936,446.21,23.62,9.88,1230.1
1986-9-11,0,3.398904693,0.3766,346.56,28.25,18.34,2108.24
1986-9-12,0,3.314886329,0.3681,301.63,29,20.5,2400
1986-9-13,0,3.264287386,0.3568,405.13,26.07,13.78,1582.16
1986-9-14,0,2.964235332,0.3483,407.16,23,11.06,1324.42
1986-9-15,0,3.106394031,0.337,434.75,24.5,10.4,1271.97
1986-9-16,0,2.845264139,0.3341,392.57,22.5,10.93,1314.21
1986-9-17,0,2.598898374,0.3313,428.46,19.12,5.8,920.09
1986-9-18,0,2.724300385,0.3285,437.59,21,6.41,952.9
1986-9-19,2,2.449561919,0.3455,252.03,21.88,15.01,1710.98
1986-9-20,0,2.883050744,0.3625,380.98,24.5,12.19,1415.43
1986-9-21,0,2.759971314,0.3625,303.76,25,15.87,1789.36
1986-9-22,0,2.587173201,0.3681,309.17,23,13.84,1586.86
1986-9-23,21.61,2.968741233,0.3738,251.95,27.5,16.53,1879.76
1986-9-24,7.43,2.579761196,0.7221,165.86,26.5,19.91,2313.14
1986-9-25,0,2.432211923,0.9175,208.16,25.5,19.47,2275.24
1986-9-26,2.15,3.044799939,0.8863,310.68,29.54,17.92,2067.82
1986-9-27,7.72,2.5928928,0.6909,221.78,25.5,16.5,1880
1986-9-28,0,2.053182101,0.6541,204.53,20.98,15.41,1752.88
1986-9-29,0,2.3521197,0.5947,264.21,24.05,16.5,1880
1986-9-30,0,2.942444198,0.5012,322.39,30.5,19.74,2299.22
1986-10-1,7.8,2.839527659,0.4531,226.27,30.35,20.86,2457.95
1986-10-2,7.56,2.736245762,0.5097,237.51,28.98,18.5,2120
1986-10-3,0.01,2.403721177,0.5947,297.03,25.47,16.23,1837.34
1986-10-4,0.08,2.315102882,0.5097,222.97,26.69,19.92,2314.23
1986-10-5,0,2.383772273,0.4814,298.62,25.97,16.36,1855.18
1986-10-6,0,1.987422095,0.4248,302.35,20.35,11.19,1334.99
1986-10-7,0,1.833767551,0.4248,400.7,17.54,2.52,728.88
1986-10-8,0,1.969663771,0.3964,392,20.51,5.26,901
1986-10-9,0,2.145921632,0.3964,318.47,24,13.18,1508.7
1986-10-10,0,1.761016053,0.3964,316.5,18.1,8.05,1084.3
1986-10-11,0,1.605613358,0.4248,272.61,16.25,8.15,1091.73
1986-10-12,0,1.731341123,0.3964,280.72,19,10.26,1261
1986-10-13,17.59,1.607599457,0.4248,153.57,18.77,12.8,1463.64
1986-10-14,37.13,1.847529729,0.9628,199.42,22.36,13.92,1593.53
1986-10-15,0,1.640968295,1.4725,351.34,18.5,5.93,920
1986-10-16,0,1.487274153,1.4442,352.76,16,3.43,794.47
1986-10-17,0,1.449923395,1.0194,362.22,15.98,2.32,720
1986-10-18,0,1.379379363,0.7929,305.75,14.77,4.94,875.15
1986-10-19,0,1.391369207,0.7079,356.72,16,2.21,718.32
1986-10-20,0,1.434338517,0.623,362.65,18,2.77,741.21
1986-10-21,0,1.435058497,0.5663,368.81,19.52,2.19,720
1986-10-22,0,1.541388237,0.5663,329.11,21.02,7.55,1043.67
1986-10-23,0,1.644936317,0.5663,322.83,23.74,9.9,1231.84
1986-10-24,0,1.453581689,0.538,295.08,20.01,8.5,1120
1986-10-25,0,1.246961318,0.538,298.48,15.98,4.37,829.75
1986-10-26,19.97,1.277332614,0.6796,139.08,17.49,11.07,1325.75
1986-10-27,3.56,1.241818898,0.8212,110.92,17.94,12.89,1471.45
1986-10-28,0.56,1.334576591,0.7929,251.08,19.5,9.94,1235.4
1986-10-29,0,1.257527707,0.7079,307.69,19.5,5.84,920
1986-10-30,0,1.27521844,0.623,269.33,19.59,8.55,1124.07
1986-10-31,0,1.057698974,0.5947,286.16,15,3.1,767.96
1986-11-1,0,1.083794193,0.5947,316.92,18.25,2.66,738.14
1986-11-2,4.55,1.142547901,0.623,176.43,17.75,8.2,1096.22
1986-11-3,0,0.979948824,0.6796,283,15.07,2.48,730.79
1986-11-4,4.45,0.978945542,0.623,159.87,14.13,5.67,920
1986-11-5,19.12,0.929781636,0.7079,168.34,13.37,4.31,825.02
1986-11-6,13.61,0.940452102,0.9628,157.84,14.08,5.69,919.36
1986-11-7,0,0.893553249,1.0194,236.3,13.63,3.97,807.87
1986-11-8,8.8,1.059779871,0.9061,129.64,18.4,11.52,1361.2
1986-11-9,3.63,1.190752466,0.8495,178.94,23.36,12.33,1426.54
1986-11-10,0,0.864658359,0.7929,252.34,15.38,4.11,808.88
1986-11-11,12.05,0.74461325,0.7929,149.66,10.08,2.11,719.36
1986-11-12,0,0.746212069,0.8495,188.3,10.5,2.96,756.53
1986-11-13,0,0.649344118,0.8212,231.92,8.44,-1.45,559.9
1986-11-14,0,0.514251614,0.7362,251.84,3.5,-7.56,352.44
1986-11-15,0.05,0.553166078,0.7079,247.95,6.04,-4.97,427.71
1986-11-16,0,0.692505813,0.6796,214.46,11.5,2.32,720
1986-11-17,0,0.760195478,0.6513,209.45,14.6,5.42,913.35
1986-11-18,0,0.69085786,0.623,237.13,14,2.99,759.15
1986-11-19,13.78,0.606673206,0.9628,191.59,12.5,0,600
1986-11-20,14.59,0.508170983,1.1893,212.87,12.99,-3.58,472.9
1986-11-21,9.36,0.622383226,1.3026,175.93,12.94,1.98,718.11
1986-11-22,0,0.535175018,1.3875,237.88,9.5,-1.5,560
1986-11-23,0,0.499362294,1.1893,268.99,12.88,-2.07,520
1986-11-24,6.86,0.650711756,1.0194,120.32,12,5.32,905.88
1986-11-25,0,0.531090833,1.0194,229.3,11,0.05,611.16
1986-11-26,17,0.501782499,1.0194,197.24,16.58,0.74,640
1986-11-27,0,0.632952232,1.2459,215.13,16.5,5.6,915.42
1986-11-28,0,0.50415267,1.3309,223.42,11.5,0.35,627.71
1986-11-29,0,0.480283745,1.161,243.6,14.03,0.48,636.91
1986-11-30,0,0.486904786,1.0477,209.79,10.5,0.23,618.39
1986-12-1,0,0.447329927,0.9628,196.77,7.3,-1.81,536.07
1986-12-2,17.79,0.538868406,1.161,151.06,13.54,3.63,792.56
1986-12-3,17.31,0.657000463,1.9255,111.85,15.66,8.8,1143.95
1986-12-4,0,0.476303605,2.4069,201.8,11,1.23,658.67
1986-12-5,0,0.418183312,1.9255,186.88,6.45,-2.16,520
1986-12-6,0,0.338039943,1.4725,230.37,6,-6.09,392.49
1986-12-7,0,0.362065468,1.2743,229.67,8.93,-3.48,480
1986-12-8,0,0.533756943,1.1327,119.09,9.9,4.55,844.19
1986-12-9,28.1,0.564044303,1.3026,105.35,12.8,6.32,945.88
1986-12-10,9.17,0.56730494,2.2653,128.05,15.2,6.93,994.32
1986-12-11,15.5,0.437966847,2.5202,132.9,8.96,0.63,640
1986-12-12,0,0.45316414,2.6901,79.81,3.93,0.61,639.37
1986-12-13,0,0.34865647,2.4919,171.66,2.5,-5.17,426.06
1986-12-14,0,0.249209751,1.9255,243.77,3.29,-10.66,280
1986-12-15,0,0.32896803,1.5574,225.13,8.44,-3.74,460.6
1986-12-16,0,0.305635306,1.3875,235.16,9.5,-4.13,440
1986-12-17,0,0.430670744,1.3026,174.63,9.48,1.09,651.48
1986-12-18,26.45,0.462849086,1.4442,120.82,10.17,2.64,731.34
1986-12-19,0,0.427737048,2.4636,176.57,9.35,1,640
1986-12-20,0,0.381240961,2.5485,187.94,7,-1.76,538.9
1986-12-21,0,0.374818254,2.0388,180.4,5.68,-2.5,520
1986-12-22,0,0.300097845,1.6424,226.94,5.52,-6.26,379.22
1986-12-23,0,0.305304038,1.4158,235.46,8.23,-4.72,440
1986-12-24,0,0.325379435,1.4158,236.94,11.45,-2.25,518.88
1986-12-25,29.59,0.53786385,3.398,116.5,13.26,6.16,932.87
1986-12-26,0,0.41257081,4.3891,189.07,8.5,-0.17,600
1986-12-27,0,0.361215009,3.5679,209.13,6.77,-3.16,480
1986-12-28,0,0.416790556,2.7467,146.71,4.91,-1.13,560
1986-12-29,0,0.329208753,2.1521,226.09,5.5,-5.5,400
1986-12-30,0.05,0.394372931,1.8406,196.3,6.63,-2.09,520
1986-12-31,0,0.412601549,1.6707,185.35,6.48,-1.44,560
1987-1-1,17.49,0.407357863,1.5857,143.39,5.65,-2.08,520.25
1987-1-2,18.73,0.464396488,3.4263,92.91,5.17,0.62,638.51
1987-1-3,0,0.460159843,4.3608,152.82,6.03,0.24,619.22
1987-1-4,0,0.384204486,3.7095,213.51,4.76,-4.18,440
1987-1-5,0,0.374757968,2.9733,218.21,4.03,-5.14,428.72
1987-1-6,0,0.361123886,2.3786,249.04,6.38,-5.59,400.47
1987-1-7,0,0.494002638,1.9539,190.64,8.68,1.11,653.43
1987-1-8,0,0.447741423,1.7556,205.26,6.5,-1.77,538.62
1987-1-9,0,0.434178925,1.6141,202.77,4.96,-3,480
1987-1-10,14.14,0.465201961,1.7273,163.36,7.38,-1.52,558.32
1987-1-11,0,0.520574448,2.2653,146.63,6.5,1.21,656.67
1987-1-12,0,0.506335686,2.2087,142.39,5.23,0.19,615.44
1987-1-13,0,0.530656971,1.8972,181.89,7.49,0.74,640
1987-1-14,0,0.453352273,1.6707,274.08,11.62,-3.08,480
1987-1-15,0,0.659186109,1.5574,202.98,13.5,5.51,914.21
1987-1-16,0,0.578083564,1.5008,240.45,11.5,1.34,667.26
1987-1-17,0,0.46861209,1.4158,223.44,3.84,-4.62,440
1987-1-18,17.79,0.497737678,1.5574,181.94,5.92,-3.77,458.67
1987-1-19,29.41,0.55649469,2.86,75.59,4.5,1.23,658.38
1987-1-20,0,0.543326554,4.4741,114.99,3.65,-0.05,600
1987-1-21,0,0.556335552,4.1343,178.02,4.86,-1.17,560
1987-1-22,18.45,0.54065369,3.483,122.86,3.4,-2,520
1987-1-23,0,0.48988882,3.3697,235.89,1.99,-6.5,360
1987-1-24,0,0.407379752,2.9166,265.23,-2.19,-12.26,240
1987-1-25,6,0.37288807,2.4636,214.05,-5.09,-14.3,200
1987-1-26,28.71,0.441380692,1.7556,172.09,-2.75,-9.24,301.01
1987-1-27,0,0.389966633,1.6424,351.29,-3.02,-16.8,160
1987-1-28,0,0.386200136,1.6424,371.9,-1.5,-19.83,120
1987-1-29,0,0.495549512,1.6424,366.03,3,-12.95,232.59
1987-1-30,1.94,0.634055012,1.7556,296.75,5.23,-3.93,449.65
1987-1-31,0,0.625214369,1.8123,199.49,3.31,-1.98,521.35
1987-2-1,0,0.617758577,1.7273,295.84,3.33,-5.51,400
1987-2-2,1,0.767664274,1.7556,311.91,9,-0.98,561.52
1987-2-3,0,0.774772834,1.9822,362.01,10.75,-3.49,480
1987-2-4,0,0.774976568,2.2937,276.56,7.5,-0.55,596.2
1987-2-5,0,0.687916909,2.2937,305.43,4,-5,440
1987-2-6,0,0.774708123,2.0954,363.68,8,-5.09,432.9
1987-2-7,0,0.855471602,1.9255,361.39,10.06,-2.9,493.39
1987-2-8,2.87,0.804978342,1.8972,281.95,7.5,-5,440
1987-2-9,13.71,0.744753315,2.0954,238.94,4.01,-5.5,400
1987-2-10,0,0.720023189,2.1804,346.39,2.9,-8.06,320.25
1987-2-11,0,0.805290668,2.2087,344.01,5.23,-5.7,400
1987-2-12,3.23,0.80856815,2.0388,264.79,4.86,-6.5,360
1987-2-13,0,0.767168277,2.0105,238.09,2.74,-3.5,480
1987-2-14,0,0.702005357,1.9255,312.21,-0.02,-8.67,320
1987-2-15,0,0.649868255,1.7556,315.63,-2.24,-10.82,275.55
1987-2-16,0,0.665941699,1.5574,375.91,-1.91,-13.32,214.65
1987-2-17,0,0.823895745,1.4725,321.81,2.48,-6.29,378.38
1987-2-18,0,0.902047419,1.4442,272.59,4.5,-2.6,512.28
1987-2-19,0,0.924910402,1.4442,363.71,4.49,-6.26,379.22
1987-2-20,0,0.944174208,1.4158,362.74,4.51,-6.18,385.88
1987-2-21,0,0.998729088,1.4158,325.22,5.5,-3.56,475.03
1987-2-22,4.77,1.076947712,1.4158,297.97,7.12,-5.58,400
1987-2-23,22.97,1.004634843,1.5574,177.16,5.5,-0.5,600
1987-2-24,0,1.078318252,1.9822,308.18,6.25,-1.91,529.43
1987-2-25,0,1.057004879,2.237,358.13,5,-4.98,430.4
1987-2-26,0,1.102138107,2.1238,382.99,5.58,-5.35,412.28
1987-2-27,0,1.05916075,1.9822,314.08,4.5,-3.31,479.36
1987-2-28,5,1.216915531,1.8689,304.22,7.25,-4.2,440
1987-3-1,17.83,1.407171404,3.2848,217.46,11.99,4.89,871.34
1987-3-2,0,1.393408217,5.5501,304.87,11,3.5,800
1987-3-3,0,1.451491434,4.7855,414.28,10.71,-1.16,560
1987-3-4,0,1.257825809,3.936,372.39,6.48,-3.02,480
1987-3-5,0,1.259939029,3.1998,404.93,5.9,-4.72,440
1987-3-6,0,1.488177075,2.6335,471.57,10,-5.6,400
1987-3-7,0,2.067911974,2.2653,461.72,20.3,1.13,650.57
1987-3-8,0,2.302143495,2.0671,426.42,23,5.51,918.82
1987-3-9,4.4,2.009470023,2.0105,295.88,17.58,4.09,806.98
1987-3-10,0,1.449809614,2.1521,413.34,7.26,-6.27,378.14
1987-3-11,0,1.210831382,1.9822,363.13,2.5,-7.78,337.3
1987-3-12,7.74,1.123000262,1.8406,144.18,3,-1.66,547.2
1987-3-13,4.06,1.173541409,2.0954,142.59,4,-0.51,599.41
1987-3-14,0,1.565701438,2.2937,378.89,8,-2.57,514.47
1987-3-15,0,1.423260025,2.1521,300.48,6.13,-1.37,560
1987-3-16,0,1.566900492,1.9539,363.53,7.46,-2.26,520
1987-3-17,0,1.742205898,1.7556,410.85,9.5,-2.56,515.03
1987-3-18,0,1.973451821,1.6141,440.44,12.5,-1.75,540.33
1987-3-19,0,1.987125697,1.5291,444.71,12.25,-2.28,520
1987-3-20,0,2.066760034,1.4725,444.96,13,-1.67,546.16
1987-3-21,1,1.92868605,1.4442,407.37,10.88,-1.03,560
1987-3-22,0.42,1.931083423,1.4442,360.43,11.23,1.5,680
1987-3-23,0,2.329767681,1.4158,450.19,15.44,0.5,640
1987-3-24,0,2.520722431,1.3875,484.65,17.55,-1.5,560
1987-3-25,0,2.584605252,1.3309,474.81,17.87,0,600
1987-3-26,0,2.732745879,1.3026,400.37,20,7.37,1029.27
1987-3-27,4.17,2.725048968,1.2743,333.86,19,4.38,830.46
1987-3-28,18.51,2.529155878,1.5291,255.48,17.75,8,1080
1987-3-29,0,2.628008046,2.0105,404.51,17.44,5,880
1987-3-30,15.8,2.361776329,2.0105,226.71,15.72,7.5,1040
1987-3-31,22.44,2.482861736,2.7467,277.38,15.5,4.92,873.63
1987-4-1,0,2.12901791,3.6812,399.69,9.96,-1.5,560
1987-4-2,0,2.381546637,3.1149,423.91,12.66,-0.01,600.97
1987-4-3,4.91,2.393097258,2.5202,270.68,13.52,3.5,800
1987-4-4,39.89,2.296227227,3.1715,210.71,13.84,6.48,958.32
1987-4-5,11.24,2.170812349,4.3325,251.93,10.61,1.92,713.87
1987-4-6,5.39,2.02265591,4.2475,250.19,8.5,0.25,619.78
1987-4-7,0,2.475973114,3.8511,431.02,12.53,0.76,640
1987-4-8,0,2.916512812,3.2848,445.56,17.24,4.47,837.46
1987-4-9,0,2.81214422,2.8034,436.02,15.94,3.89,800
1987-4-10,0,3.300306554,2.3503,504.32,19.9,2.79,743.09
1987-4-11,0,3.489383186,2.0388,488.09,21.69,5.37,909.57
1987-4-12,4.49,3.243189809,1.8406,337.32,19.35,5.68,920
1987-4-13,0,2.65830517,1.8689,329.94,15.01,6.5,960
1987-4-14,0,2.948743821,1.8406,470.07,15.27,1,640
1987-4-15,0,2.592317653,1.699,324.95,13.76,5.43,914.45
1987-4-16,8.13,1.874488456,1.6141,117.01,10.01,6.43,954.47
1987-4-17,15.09,2.569803326,2.2087,216.19,14.38,7.41,1032.5
1987-4-18,0,3.052422325,2.9166,342.93,18.5,9.9,1231.79
1987-4-19,0,3.038683741,2.7184,331.04,18.6,10.5,1280
1987-4-20,3.98,2.842891442,2.3786,208.17,17.98,11.48,1358.24
1987-4-21,0,3.026088107,2.1238,306.03,19.04,11.82,1385.2
1987-4-22,0,3.791322724,1.9255,470.85,22.3,8.99,1159.51
1987-4-23,0,2.851022043,1.7273,366.77,15,6.65,972.12
1987-4-24,11.54,2.679191172,1.699,226.83,14.92,8.5,1120
1987-4-25,6,2.481373234,1.8972,222.44,12.56,6.5,960
1987-4-26,0,2.85672756,1.9539,424.29,13.54,4.2,816.07
1987-4-27,0,3.097292143,1.699,480.26,14.64,3.11,768.87
1987-4-28,4.73,2.670487452,1.6141,270.36,12.72,5.35,908.27
1987-4-29,0,3.624370869,1.6424,526.02,18.4,3.95,800.09
1987-4-30,0,3.597481061,1.5291,463.06,19.5,8.3,1103.91
1987-5-1,0,3.647633469,1.4442,553.1,17.61,0.93,640
1987-5-2,0,3.600381475,1.3875,461.77,19.14,8,1080
1987-5-3,7.99,3.75415056,1.3309,344.06,20.5,9.33,1186.55
1987-5-4,26,2.850803919,1.8406,264.59,13.86,6.52,961.35
1987-5-5,5.7,2.846105568,3.0865,273.53,13.44,5.94,920
1987-5-6,0,4.024222868,2.86,532.32,20.5,5.34,907.09
1987-5-7,0,4.468711164,2.2937,514.94,24.5,9.65,1211.91
1987-5-8,1,3.93185984,1.9255,473.26,20.81,8.93,1154.67
1987-5-9,0,4.478454337,1.6707,560.12,23.12,4.5,840.34
1987-5-10,0,5.134523822,1.5008,537.07,28.63,10.66,1292.47
1987-5-11,0,5.047561226,1.3875,501.49,28.73,13.71,1576.73
1987-5-12,7.05,4.872320354,1.2743,342.92,28.5,16,1800
1987-5-13,0,4.077577995,1.2743,466.29,21.44,9.68,1214.19
1987-5-14,0,3.907627937,1.2176,500.23,18.96,6.05,932.02
1987-5-15,2.08,3.781560327,1.1893,385.01,20.56,11.5,1360
1987-5-16,0,3.80807905,1.2176,461.18,18.63,7.26,1020.55
1987-5-17,0,4.805297162,1.161,526.62,25.17,9.06,1164.42
1987-5-18,0,5.753775824,1.1044,523.5,32.04,13.7,1575.99
1987-5-19,6.76,4.442103778,1.076,355.57,23.09,10,1240
1987-5-20,15,2.199971935,1.3026,104.5,12.5,9.66,1212.58
1987-5-21,6.88,4.035849952,1.6141,309.02,21,10.63,1290.13
1987-5-22,0,4.491337773,1.5291,442.6,24.04,12.26,1420.83
1987-5-23,0,4.952550161,1.3875,438.27,27.71,15.44,1754.87
1987-5-24,0,4.063293653,1.2459,348.3,22.85,14.21,1616.61
1987-5-25,0,3.285872743,1.161,280.29,17.47,11,1320
1987-5-26,0,2.996215328,1.076,227.76,16.6,11.5,1360
1987-5-27,2.03,3.145330555,1.076,245.07,17.5,12,1400
1987-5-28,0,4.670301344,1.0477,440.74,25,13.21,1512.86
1987-5-29,0,5.897842824,0.9911,473.64,33.01,17.97,2075.53
1987-5-30,0,5.986084917,0.9345,452.4,34.02,19.72,2297.29
1987-5-31,0,5.715889232,0.8778,424.33,33.02,20.4,2384.2
1987-6-1,0,5.505697334,0.8212,411.89,31.87,20,2320
1987-6-2,10.11,5.076851952,0.8495,290.28,29.51,19.03,2204.46
1987-6-3,0,3.874879147,0.8495,273.45,23.49,16.96,1917.01
1987-6-4,10.01,3.696073338,0.8778,196.01,22.24,16.12,1818.95
1987-6-5,0.01,4.630473941,0.9911,390.52,25.85,15.96,1796.51
1987-6-6,0,4.876362551,0.9628,466.75,25.5,12.9,1471.84
1987-6-7,0,4.974603753,0.8778,491.28,25.5,11.7,1375.66
1987-6-8,0,5.61574228,0.8212,446.26,31.5,18.7,2152.14
1987-6-9,0,5.185686717,0.7929,415.63,29.5,18.53,2124.08
1987-6-10,0,5.0578785,0.7646,487.47,26.35,13.01,1483.52
1987-6-11,0,5.100274861,0.7646,544.7,25,8.25,1100.05
1987-6-12,0,4.864225763,0.7362,409.96,27.11,16.71,1896.75
1987-6-13,0,5.257721792,0.7646,413.46,30,19.05,2207.52
1987-6-14,0,5.385516523,0.7646,454.09,29.55,16.98,1927.12
1987-6-15,0,5.869283838,0.7362,445.33,33.07,20.01,2321.82
1987-6-16,1.32,5.261265796,0.7079,421.11,29.7,18.5,2120
1987-6-17,0,4.826826173,0.6796,423.93,26.48,15.92,1793.96
1987-6-18,0,5.502125449,0.6513,535.27,28.1,11.48,1357.61
1987-6-19,0,5.290186034,0.6513,458.7,28.63,16,1800
1987-6-20,0,5.713560916,0.623,442.51,32.03,19.28,2244.42
1987-6-21,11.27,5.047893119,0.623,273.93,29.86,20.4,2383.5
1987-6-22,0,4.96091283,0.6796,359.37,29.49,20.33,2373.6
1987-6-23,5.22,5.613353602,0.7362,329.4,31.5,19.06,2209.63
1987-6-24,0,4.997158452,0.7362,445.44,26.73,14.81,1690.15
1987-6-25,0,5.438818341,0.7079,501.51,28.29,13.1,1496.36
1987-6-26,0,4.641587929,0.6513,362.24,26.31,17,1920
1987-6-27,7.03,4.553299587,0.6513,235.63,27.52,19.54,2283.18
1987-6-28,0,5.005371288,0.623,437.88,26.99,15.16,1732.45
1987-6-29,0,5.176775554,0.5947,440.14,28.28,16.17,1827.92
1987-6-30,0,5.778737403,0.5663,425.84,33,20.5,2396.77
1987-7-1,11.65,5.417999003,0.5947,298.45,31.43,20.35,2376.53
1987-7-2,42.44,4.393598993,0.8495,211.57,28,21,2480
1987-7-3,0,5.054413336,1.076,337.67,31,22.01,2641.71
1987-7-4,0,5.07774971,1.0194,328.28,31.5,22.65,2744.01
1987-7-5,0,4.843550811,1.1044,355.67,28.75,19.5,2280.03
1987-7-6,0,4.589901809,0.9911,366.39,26.43,17.22,1954.74
1987-7-7,2.83,4.227641235,0.8212,266.88,25.17,17.48,1996.65
1987-7-8,15.09,5.072496852,0.7929,277.65,30.46,20.74,2438.45
1987-7-9,9.13,5.430410332,0.8212,280.27,33,22.72,2755.03
1987-7-10,0,5.130116356,0.7362,346.11,32,22.87,2779.61
1987-7-11,0,5.369785544,0.7362,385.84,32.53,22.15,2664.62
1987-7-12,0,5.035298955,0.7929,359.94,31.13,21.88,2620.02
1987-7-13,0,4.992734717,0.7079,357.75,31.01,21.88,2620.36
1987-7-14,13.65,4.952844053,0.7079,286.03,30.01,20.36,2377.43
1987-7-15,0,4.793157006,0.7646,453.94,26.52,14.89,1703.14
1987-7-16,0,4.587869592,0.7079,436.94,25.5,14.7,1671.99
1987-7-17,0,5.028508827,0.6513,504.58,26.99,12.72,1454.61
1987-7-18,0,5.512182847,0.5947,509.75,30.5,15,1664.77
1987-7-19,0,5.611603222,0.538,447.57,33,20.09,2334.58
1987-7-20,0,5.592086258,0.5097,430.16,33.5,21.24,2517.6
1987-7-21,0,5.952566888,0.4814,443.85,35.47,21.89,2602.26
1987-7-22,0,5.135441702,0.4814,369.4,32.38,22.5,2720
1987-7-23,0,5.354727835,0.4531,415.46,32.57,21,2480
1987-7-24,0,5.327091006,0.4248,400.15,32.98,21.91,2624.97
1987-7-25,0,5.365194953,0.4248,381.53,34.04,23.5,2880
1987-7-26,0,5.590959523,0.4248,417.69,34.5,22.38,2681.1
1987-7-27,0,5.101989125,0.4814,422.76,31,19.41,2251.38
1987-7-28,0,4.801195954,0.4531,400,29.57,19.11,2218.17
1987-7-29,0,4.857340703,0.4531,456.36,28.46,16,1785.27
1987-7-30,0,5.055524038,0.4248,484.52,29.33,15.23,1669.84
1987-7-31,0,4.710630597,0.4248,372.09,30.16,20.48,2396.65
1987-8-1,0,4.540996927,0.4248,384.74,28.44,18.54,2126.08
1987-8-2,0,4.59298136,0.4248,384.53,29,18.98,2196.83
1987-8-3,0,5.08949751,0.3964,368.61,33.48,23.17,2784.4
1987-8-4,0,5.013898192,0.3964,382.79,32.64,22,2548.81
1987-8-5,13.99,5.099265523,0.3964,294.05,32.99,21.74,2598.45
1987-8-6,28.44,3.874465379,0.4814,219.39,26.49,19.35,2256.53
1987-8-7,0,4.284648381,0.538,402.67,26.5,16,1800
1987-8-8,0,4.643346738,0.5097,391.65,30,19.28,2244.62
1987-8-9,0,4.298389284,0.4531,300.52,30.52,22.64,2742.51
1987-8-10,0,4.595424636,0.4248,355.33,31.15,21.48,2556.23
1987-8-11,0,4.638717734,0.4248,459.8,28.58,15.09,1692.23
1987-8-12,0,4.305781521,0.3964,419.43,27,15.5,1760
1987-8-13,0,4.175276204,0.3964,432.71,25.65,13.73,1577.78
1987-8-14,0,4.266212824,0.3681,419.58,27,15.35,1748.33
1987-8-15,0,4.31653726,0.3681,357.19,29.5,19.73,2298.63
1987-8-16,0,4.519300706,0.3681,406.03,30,18.38,2110
1987-8-17,0,4.650391959,0.3681,365.73,32.5,22,2640
1987-8-18,0,5.000785115,0.3398,400.28,34.35,22,2627.02
1987-8-19,0,4.58095929,0.3398,414.55,31.02,18.88,2130.67
1987-8-20,0,4.606541727,0.3398,434.03,31,18.01,1968.64
1987-8-21,0,4.506820177,0.3115,471.51,29.5,14.66,1556.41
1987-8-22,4.08,3.818091134,0.3115,241.53,27.72,19.25,2239.55
1987-8-23,0,3.671729675,0.3398,338.53,26,17.26,1961.12
1987-8-24,0,3.917536366,0.3398,471.58,25,10.85,1255.25
1987-8-25,0,3.887874854,0.3115,469.79,25,10.8,1254.98
1987-8-26,0,3.841743968,0.3115,437.95,25.5,12.76,1455.91
1987-8-27,3,4.237616127,0.3398,302.89,30.13,17.91,2064.41
1987-8-28,2.89,3.731110839,0.3681,265.31,27.52,18.16,2092.2
1987-8-29,0,3.711351554,0.3681,355.76,27.24,17.5,2000
1987-8-30,0,3.74500195,0.3398,435.63,25.72,12.76,1460.83
1987-8-31,0,3.696943816,0.3398,455.14,25.1,11,1298.89
1987-9-1,9.24,3.528371936,0.3681,295.21,25.02,13.79,1583.59
1987-9-2,0,3.790092103,0.3681,464.1,26.43,11.03,1292.19
1987-9-3,0,3.48237028,0.3398,394.78,25,13.42,1545.76
1987-9-4,0,3.447370158,0.3398,428.33,24.21,11.06,1315.74
1987-9-5,0,3.292176196,0.3115,386.78,23.67,12.3,1424.37
1987-9-6,0,3.200835232,0.3398,287.01,25.81,17.75,2039.94
1987-9-7,0,3.327671836,0.3398,268.23,28.23,20.5,2400.49
1987-9-8,3.69,2.95287804,0.3398,155.23,27,21.21,2514.3
1987-9-9,0,3.466036346,0.3398,312.09,28.8,19.5,2280
1987-9-10,0,3.510232368,0.3398,352.24,28.5,17.74,2038.45
1987-9-11,0,3.462373201,0.3115,366.05,28,16.67,1893.36
1987-9-12,0,2.777786446,0.3398,207.12,26.09,20.38,2380.2
1987-9-13,12.28,2.278597795,0.3964,97.35,24.83,21.42,2546.69
1987-9-14,0,3.347562013,0.3964,347.15,28.41,17.89,2062.8
1987-9-15,0,3.238153037,0.3681,372.39,27,15.55,1763.74
1987-9-16,0,3.169427188,0.3398,336.33,27.43,17.36,1978.03
1987-9-17,0,2.902371765,0.3398,246.61,27.63,20.65,2424.4
1987-9-18,17.98,2.981820597,0.4814,227.62,27,18.26,2100.6
1987-9-19,14.74,2.475929573,0.6796,204.78,21.9,14.72,1675.66
1987-9-20,0,1.958937102,0.7362,178.93,18.22,13.93,1594.32
1987-9-21,0,2.467962077,0.5663,304.46,21.74,13.72,1577.59
1987-9-22,9.69,2.644743215,0.5663,265.12,23.23,13.16,1504.9
1987-9-23,0,2.690384719,0.623,399.65,23.35,10.9,1312.06
1987-9-24,0,2.707975499,0.5097,379.32,24.34,12.77,1461.78
1987-9-25,0,2.479757561,0.3964,386.72,21.63,9.98,1238.56
1987-9-26,0,2.575717086,0.3681,447.66,23,5.53,919.7
1987-9-27,0,2.647297167,0.3681,402.9,24.5,10.66,1292.43
1987-9-28,0,2.776969351,0.3681,385.49,26.76,13.31,1529.91
1987-9-29,0,2.703134871,0.3681,377.97,26.37,13.34,1534.82
1987-9-30,8.77,2.296285359,0.3681,215.4,23,14.72,1675.18
1987-10-1,0,2.103147498,0.3681,333.9,19.5,9.72,1217.51
1987-10-2,0,2.230986509,0.3681,411.53,21.19,6.22,937.78
1987-10-3,18.59,2.212998549,0.3964,288.06,21.5,8.42,1113.8
1987-10-4,14.88,1.694684716,0.5947,250.27,13.91,4.37,829.25
1987-10-5,0,1.997421504,0.5947,405.29,19.17,4.29,822.8
1987-10-6,0,2.098249659,0.5097,382.35,21.34,7.59,1046.93
1987-10-7,10.81,1.993839183,0.538,245.73,20.5,9.92,1233.9
1987-10-8,0,1.741844344,0.5097,338.13,16.5,5.58,915.55
1987-10-9,0,1.627306516,0.4814,371.7,14.76,1.73,698.26
1987-10-10,0,1.921650199,0.4248,348.93,20.69,8.16,1093.19
1987-10-11,0,1.924162821,0.4248,352.1,21.32,8.23,1098.01
1987-10-12,0,1.451235752,0.4248,263.73,13.5,5.35,908.17
1987-10-13,0,1.458405536,0.3964,321.29,13.62,2.6,732.58
1987-10-14,0,1.500187985,0.3964,345.95,15.1,2.25,720
1987-10-15,0,1.606209502,0.3964,385.61,19,1.18,658.38
1987-10-16,0,1.661848748,0.3681,380.35,21,2.67,733.91
1987-10-17,0,1.657463052,0.3964,349.55,20.59,5.24,899.44
1987-10-18,0,1.679387334,0.3964,302.17,21,8.78,1142.01
1987-10-19,0,1.561609334,0.3681,328.35,19.72,5.44,914.84
1987-10-20,0,1.563905856,0.3964,296.34,20.01,7.5,1040
1987-10-21,1,1.425362156,0.3964,252.56,17.5,7.5,1040
1987-10-22,0,1.247714169,0.3964,300.86,14.34,1.67,693.71
1987-10-23,0,1.295153139,0.3681,311.58,16.45,2.55,730.64
1987-10-24,0,1.38681132,0.3681,313.21,19.5,4.79,862.88
1987-10-25,0,1.28267037,0.3681,259.46,16.71,5.74,920
1987-10-26,0,1.107626929,0.3681,326.57,14.5,-1.25,560
1987-10-27,44.02,1.148764928,0.4531,255.21,17.79,-0.65,588.27
1987-10-28,32.26,1.204260683,0.9911,180.42,16.5,6.24,939.22
1987-10-29,0,1.067444663,1.161,289.72,14.5,1.16,654.5
1987-10-30,0,1.024649831,0.9345,312.53,15.27,-0.7,584
1987-10-31,0,1.150064399,0.7079,268.62,17.85,4.99,879.26
1987-11-1,0,1.063978849,0.5947,295.48,17.49,2.26,720
1987-11-2,0,1.08651753,0.5663,178.82,16,8.24,1099.26
1987-11-3,0,1.121493616,0.5097,249.6,18.72,6.63,970.74
1987-11-4,0,1.272924247,0.5097,242.47,22.92,10.76,1301.01
1987-11-5,0,1.184478247,0.4814,227.21,21,9.99,1239.08
1987-11-6,0,0.844670579,0.4531,244.52,12.26,0.76,640
1987-11-7,0,0.817825339,0.4531,292.55,15.18,-1.09,560
1987-11-8,0,0.974128662,0.4531,255.27,18.74,5.38,907.41
1987-11-9,0,1.126750156,0.4248,180.16,21,12.2,1415.72
1987-11-10,12.3,0.872260408,0.538,184.05,16.49,3.9,800
1987-11-11,13.1,0.638548161,0.7929,98.28,5.14,-0.5,600
1987-11-12,0,0.637440796,0.8778,180.42,6.44,-1.7,544.18
1987-11-13,0,0.726420904,0.7646,244.9,13.5,0.84,640.25
1987-11-14,0,0.733456803,0.6796,277.77,18.35,1.61,689.11
1987-11-15,0,0.728522244,0.5947,247.97,15.45,2.22,720
1987-11-16,0,0.676695347,0.5663,260.26,15.46,0.87,640.42
1987-11-17,0,0.858575325,0.538,221.29,19.84,7.94,1074.99
1987-11-18,4.92,0.931501791,0.5947,143.84,21,11,1320.36
1987-11-19,0,0.66330615,0.623,228.91,14.49,2.42,721.26
1987-11-20,0,0.648790617,0.5947,179.04,11.5,2.86,748.49
1987-11-21,0,0.468680239,0.5663,198.69,3.99,-5.5,400
1987-11-22,0,0.43547177,0.538,190.74,2.16,-6.77,360
1987-11-23,0,0.410263588,0.538,273.87,10.77,-6.77,360
1987-11-24,0,0.658109596,0.538,200.39,15.58,5.09,886.86
1987-11-25,0,0.613278638,0.538,220.94,16.08,3.95,800
1987-11-26,0,0.710605551,0.538,212.3,19.74,7.96,1076.91
1987-11-27,0,0.606067274,0.538,170.94,12.82,4.42,833.92
1987-11-28,1.2,0.604939015,0.538,73.39,9.23,6.07,933.42
1987-11-29,10.25,0.660316938,0.623,111.21,14.58,7.61,1048.43
1987-11-30,14.08,0.639178319,0.9628,131.07,15.49,7,1000
1987-12-1,0,0.527153806,1.1327,182.35,11,2.43,720
1987-12-2,0,0.494535247,0.9061,156.45,8,0.97,640
1987-12-3,0,0.375792354,0.7646,231.93,7.78,-4.5,440
1987-12-4,1.24,0.497578407,0.7079,142.43,8.02,1.72,697.54
1987-12-5,0,0.445379083,0.6796,163.24,6.5,-0.79,576.62
1987-12-6,0,0.441807918,0.6513,162.89,6.5,-0.72,582.44
1987-12-7,0,0.365807086,0.5947,227.76,8,-3.68,465.85
1987-12-8,0,0.3695011,0.5947,226.21,8.66,-3.01,480
1987-12-9,0,0.396709345,0.5947,239.82,15.69,1.31,665.57
1987-12-10,6.06,0.549810133,0.5663,142.82,16,6.48,958.08
1987-12-11,11.24,0.488753672,0.7362,133.32,12,3.5,800
1987-12-12,0,0.44396369,0.7646,205.91,12.98,2.3,720
1987-12-13,0,0.437331397,0.7079,179.18,9.5,1.03,645.54
1987-12-14,0,0.406414314,0.6513,193.18,8.83,-0.36,600
1987-12-15,12.23,0.407103869,0.7079,162.96,12.67,1.22,657.7
1987-12-16,0,0.437177787,0.8212,184.64,10.01,1.46,676.82
1987-12-17,0,0.424378934,0.8212,138.65,5.5,-0.26,600
1987-12-18,0,0.351813176,0.7362,185.32,3.99,-4.2,440
1987-12-19,0,0.318300112,0.6796,232.82,8.21,-4.08,440
1987-12-20,4.97,0.429466986,0.7079,154.7,12.24,2.08,716.66
1987-12-21,0,0.453029199,0.7079,197.32,12.46,3,760
1987-12-22,0,0.310751604,0.6796,236.62,9.06,-4,440
1987-12-23,1,0.381503463,0.6513,207.06,8.58,-1.24,560
1987-12-24,0,0.330394469,0.623,237.12,10.57,-2.51,518.97
1987-12-25,5,0.539260429,0.6513,126.67,13.98,6.35,947.96
1987-12-26,8,0.437632373,0.8495,162.22,13.36,2.5,720.36
1987-12-27,0,0.364574891,0.9061,207.77,6.5,-3.1,481.02
1987-12-28,3.6,0.426908287,0.8212,89.12,3.98,-0.76,579.22
1987-12-29,4.37,0.350581896,0.8778,142.88,3.24,-5.1,432.27
1987-12-30,0,0.285346585,0.8212,174.58,-3.48,-10.66,280
1987-12-31,0,0.229217312,0.7362,263.62,5.32,-11.78,240
1988-1-1,1.01,0.471452034,0.7646,177.06,10.76,2.04,708.99
1988-1-2,0,0.33408342,0.7362,224.46,6.12,-5.87,400
1988-1-3,0,0.290059929,0.6796,218.46,0.44,-10.7,280
1988-1-4,9.78,0.413752061,0.8495,106.84,3.65,-2.72,502.34
1988-1-5,0,0.296533805,0.8778,217.18,-0.17,-11,279.9
1988-1-6,0,0.277890579,0.7646,149.27,-6.24,-12.73,240
1988-1-7,0,0.27274856,0.7079,173.26,-5.97,-13.67,200
1988-1-8,11.96,0.341287255,0.7362,160.96,0.03,-8.77,320
1988-1-9,0,0.34279254,0.7362,200.75,-1,-9.01,319.51
1988-1-10,0,0.296298069,0.7079,268.56,-1,-13.28,219.22
1988-1-11,0,0.248653888,0.7079,313.6,1,-17.98,160
1988-1-12,0,0.263756881,0.6513,317.66,3.55,-16.26,160
1988-1-13,1,0.418151444,0.6513,235.15,4,-5.74,400
1988-1-14,0,0.315366333,0.6513,292.14,-0.08,-13.98,200
1988-1-15,0,0.284088592,0.6513,290.1,-4,-17.33,160
1988-1-16,0,0.304809702,0.6513,326.39,3.94,-15.83,173.32
1988-1-17,0,0.447749836,0.623,276.28,6,-6.2,382.29
1988-1-18,7.84,0.579341495,0.7929,152.26,8.5,0.64,640
1988-1-19,0,0.546148405,0.9628,221.65,7,-1.63,549.63
1988-1-20,30.18,0.616714233,1.5008,172.21,10.13,1,640
1988-1-21,0,0.65506993,2.2653,193.39,10,2.67,733.4
1988-1-22,0,0.550558587,1.8123,216.44,5.69,-3.04,480.36
1988-1-23,0,0.509263603,1.3026,243.9,4,-6.13,389.31
1988-1-24,0,0.550266276,1.076,286.21,8.03,-5.49,400.85
1988-1-25,9.1,0.6334054,1.0194,116.08,6.53,0.48,638.32
1988-1-26,8.09,0.520680409,1.2743,191.92,2.5,-7,360
1988-1-27,0,0.477375173,1.1893,257.06,-0.27,-9.62,281.05
1988-1-28,0,0.471552719,0.9911,275.43,-0.71,-10.92,279.11
1988-1-29,0,0.489145747,0.9061,312.15,0.73,-11.82,240
1988-1-30,0,0.66290918,0.8495,322.87,9.01,-4.79,438.42
1988-1-31,0,0.854811689,0.8495,322.84,16.13,1.53,682.67
1988-2-1,0,1.050833947,0.8778,231.35,18.5,8.5,1119.9
1988-2-2,6.74,1.046124853,0.8778,182.32,18,7.49,1039.2
1988-2-3,6.97,0.806769094,1.161,169.99,9.4,0.5,640
1988-2-4,7.07,0.738187082,1.3026,160.92,6.17,-1.84,533
1988-2-5,0,0.640631375,1.3309,261.52,2.53,-7.76,338.85
1988-2-6,0,0.553110725,1.161,228.24,-1.95,-10.29,280
1988-2-7,0,0.518985904,0.9628,273.87,-3.41,-14.03,200
1988-2-8,0,0.740382527,0.9061,271.81,4.68,-6.02,388.59
1988-2-9,0,0.768968861,0.8778,285.48,5.29,-6.12,390.22
1988-2-10,0,0.831136319,0.8495,318.15,7.5,-6.17,386.06
1988-2-11,0,0.838322794,0.8495,301.12,6.5,-5.24,421.07
1988-2-12,42.13,0.905132155,2.1238,191.43,7.52,-1.5,560
1988-2-13,1.52,0.712806738,3.5679,264.34,0.79,-7,360
1988-2-14,0,0.750668915,2.6901,285.64,1.59,-6.82,360
1988-2-15,5.19,1.055778642,1.8406,269.82,11.03,-2.79,496.96
1988-2-16,12.71,1.068227971,2.3503,212.01,9.99,0.5,640
1988-2-17,0,1.031740642,2.6618,345.1,9,-4.5,440
1988-2-18,0,1.124974834,2.0671,342.59,10.81,-2.5,520
1988-2-19,6.95,1.110859862,1.5857,235.24,9.5,-1.54,545.76
1988-2-20,5.48,1.186170883,1.6141,156.92,11.5,5.02,881.45
1988-2-21,0,1.061614628,1.5574,341.27,7.24,-5.11,430.91
1988-2-22,0,1.033812986,1.3592,390.71,7,-10.53,280
1988-2-23,2.5,1.460747921,1.2459,301.88,15.52,2.24,720
1988-2-24,0,1.191043801,1.2176,316.01,8.72,-2.04,520.36
1988-2-25,0,0.975993437,1.1327,296.14,3,-6.41,368.29
1988-2-26,0,0.977517739,1.076,326.89,2.52,-8.26,320
1988-2-27,2,1.145142294,1.0477,264.78,6.53,-1.51,558.81
1988-2-28,2.99,1.130375393,1.1044,221.63,5.5,-3.51,479.41
1988-2-29,0,1.309005179,1.0477,391.14,8.93,-5.84,400
1988-3-1,0,1.336454569,1.0194,396.34,9,-5.99,400
1988-3-2,0,1.502346587,0.9628,422.33,12.5,-6.33,373.94
1988-3-3,0,1.725668922,0.9345,326.55,15.62,4.83,866.02
1988-3-4,8.62,1.585136426,0.9911,225.49,12.78,3.44,795.02
1988-3-5,9.34,1.418356729,1.1893,272.01,8.55,-3.47,480
1988-3-6,0,1.46099576,1.161,414.78,9,-6.9,360
1988-3-7,0,1.809970434,1.0477,422.51,15.02,-2.51,517.21
1988-3-8,0,1.697781273,0.9911,397.79,12.25,-2.42,519.16
1988-3-9,1.52,1.977993795,0.9345,394.01,16.5,1.76,701.17
1988-3-10,1.31,1.785382043,0.9911,285.08,13.42,3.5,800
1988-3-11,0,1.740527755,0.9345,405.06,11.5,-3.08,480
1988-3-12,0,2.013046992,0.9061,402.67,15.49,0.82,640
1988-3-13,2.96,2.139799366,0.9345,263.93,17.44,6.07,925.26
1988-3-14,0,1.736424375,0.9345,337.38,10.57,0,600
1988-3-15,0,1.376778359,0.8778,250.01,5.1,-2,520
1988-3-16,0,1.64565653,0.8495,363.45,8.03,-3.25,480
1988-3-17,0,1.666231209,0.8212,322.25,8.5,-1,560
1988-3-18,0,1.681355625,0.8212,379.43,7.76,-3.98,444.88
1988-3-19,0,1.739122688,0.8212,319.27,9.13,0,600.03
1988-3-20,0,1.790747719,0.8212,378.98,8.83,-2.6,511.77
1988-3-21,0,1.566768782,0.7929,364.75,5.03,-5.62,400.03
1988-3-22,0,1.681109999,0.7929,448.98,6,-9.26,299.47
1988-3-23,0,1.938865555,0.7646,440.06,9.5,-5.07,430.36
1988-3-24,0,2.804173885,0.7646,414.52,21,6.94,995.19
1988-3-25,0,2.844881284,0.7646,370.3,21.77,10,1240
1988-3-26,33.09,2.250326085,0.9628,186.02,16.52,9.67,1213.92
1988-3-27,8.97,2.165258959,2.0388,218.2,13.75,5.83,920
1988-3-28,0,2.371534901,2.1521,402.1,14.12,2,720
1988-3-29,0,2.501781341,1.4725,428.23,15.09,1.5,680
1988-3-30,0,2.616061172,1.2176,408.1,16.49,4.01,800.73
1988-3-31,0,2.752806156,1.1044,399.63,18.01,5.94,920
1988-4-1,2.44,2.253375381,1.0477,253.26,13.86,6.5,960
1988-4-2,0,2.37951874,0.9911,297.78,15.05,7.35,1028.31
1988-4-3,0,2.757033176,0.9628,364.91,18,7.96,1076.78
1988-4-4,6.45,2.645031631,0.9345,203.58,19.01,12,1400.36
1988-4-5,0,3.366323053,0.9911,452.83,22.64,8.3,1103.69
1988-4-6,0,2.847743598,0.9628,389.12,17.89,7.5,1040
1988-4-7,26.87,1.594723803,1.6424,102.83,8.59,5.71,920
1988-4-8,6.66,2.027326402,3.3697,178.55,11,5.8,920
1988-4-9,0,2.739865577,3.0865,416.56,15.5,5,880
1988-4-10,0,2.928098868,2.0954,469.76,16.36,3.48,798.3
1988-4-11,0,2.93992376,1.5574,482.52,16,2.56,724.98
1988-4-12,0,2.31490069,1.3026,347.82,11.13,3.4,791.62
1988-4-13,0,2.086066403,1.2459,306.61,8.92,2.45,720
1988-4-14,0,2.202682206,1.161,315.38,10.1,3.4,791.97
1988-4-15,1.13,2.914704443,1.1044,474.76,14.97,2.71,736.96
1988-4-16,2.99,2.590314595,1.076,321.18,12,2,720
1988-4-17,0,3.240930804,1.0477,521.98,17,1.48,678.31
1988-4-18,3.01,3.380111543,1.0194,340.2,19.58,7.81,1065.02
1988-4-19,0,2.749816399,1.0477,455.29,12.58,1.5,680
1988-4-20,0,2.824784789,1.0194,465.14,13,1.5,680
1988-4-21,0,3.140697311,0.9628,470.72,16.1,4.23,818.66
1988-4-22,0,3.228229675,0.9061,535.83,15.5,-0.31,599.11
1988-4-23,0.85,3.085549115,0.8778,496.29,14.07,-0.49,599.91
1988-4-24,4.02,3.072099401,0.9061,304.82,16.3,7,1000
1988-4-25,0,3.37606618,0.8778,494.81,17.09,4,800
1988-4-26,0,3.399477037,0.8495,512.27,16.69,2.48,722.04
1988-4-27,8.83,3.681215292,0.8212,377,19.37,5.41,912.5
1988-4-28,8.26,3.360822627,1.076,324.61,17.72,7.26,1020.55
1988-4-29,0.91,3.028516772,1.1327,417.53,14.5,4.92,873.43
1988-4-30,2.91,3.172658907,1.076,319.9,15.99,6.5,960
1988-5-1,0,3.528529596,0.9911,490.17,17.5,4.79,863.58
1988-5-2,0,2.931288385,0.9345,376.74,13.91,5.58,920
1988-5-3,0,3.234030649,0.9061,456.95,15,4,800.3
1988-5-4,3,3.001991689,0.9061,252.48,15.5,8.15,1091.65
1988-5-5,7,2.893718251,1.0477,212.04,16.17,10.24,1259.22
1988-5-6,19.58,2.302287764,1.6707,121.51,14.66,11.5,1360
1988-5-7,3.91,4.152031834,2.7467,359.35,22.55,10.04,1243.52
1988-5-8,0,3.957900135,2.2653,529.76,19.34,4.24,818.85
1988-5-9,0,3.715577611,1.5857,514.27,17.33,3.42,793.94
1988-5-10,0,4.09978158,1.3592,458.13,22,10.25,1260.05
1988-5-11,5.93,4.308981262,1.2176,338.17,23.91,12.25,1419.65
1988-5-12,0,4.154653521,1.1893,477.77,21.63,9.03,1162.04
1988-5-13,0,4.601353132,1.076,518.6,24.14,8.7,1096.18
1988-5-14,0,4.165255193,0.9911,436.18,22.32,11.03,1322.32
1988-5-15,0,3.899073741,0.9345,454.34,19.34,7.71,1057.01
1988-5-16,0,4.208743852,0.9061,430.3,22.61,11.53,1362.21
1988-5-17,2.59,4.200733056,0.8778,340.76,23.45,13.5,1560
1988-5-18,13.13,3.188435572,0.9911,186.73,18.97,13.49,1557.99
1988-5-19,16.59,2.606336369,1.7556,127.25,16.5,13,1480
1988-5-20,3,3.04337936,2.2653,179.02,18,13,1480
1988-5-21,0,4.204101881,1.8123,408.31,23.29,13.65,1571.85
1988-5-22,0,4.617095044,1.4442,449.99,25.5,14.22,1617.89
1988-5-23,0,5.15496511,1.2459,506.16,27.98,13.68,1495.89
1988-5-24,4.05,4.96643548,1.076,326.33,28.56,17.39,1982.93
1988-5-25,13.33,4.481524527,1.2176,363.28,23.08,10.75,1299.89
1988-5-26,0,4.159666666,1.3875,513.42,19.56,6.42,953.96
1988-5-27,0,4.8375747,1.2743,558.84,23.69,6.51,936.03
1988-5-28,0,4.921606558,1.1044,526.28,25.07,10,1199.89
1988-5-29,0,5.561636196,0.9628,551.6,28.96,10.51,1200.49
1988-5-30,0,5.865385926,0.8778,528.65,31.5,14,1498.56
1988-5-31,0,6.021247359,0.7929,506.6,32.98,16.5,1773.5
1988-6-1,0,5.994066519,0.7079,512.41,32.5,15.55,1667.26
1988-6-2,1.03,4.790799355,0.6796,450.6,24.35,10.84,1304.72
1988-6-3,0,3.725537122,0.6796,404.03,17.24,7.5,1039.83
1988-6-4,4.99,4.091654235,0.6513,357.88,18.5,5.8,920
1988-6-5,0,5.140835983,0.6513,520.16,25.71,9.33,1111.22
1988-6-6,0,5.025919697,0.5663,405.69,27.77,16.38,1860.4
1988-6-7,0,5.54167097,0.538,446.85,30.43,17.01,1891.31
1988-6-8,3.64,4.459306346,0.5097,292.52,23.68,13.5,1560
1988-6-9,13.46,3.491800065,1.0477,228.22,17.64,10.5,1279.91
1988-6-10,0,4.287975735,1.0194,472.22,19.98,7.27,1021.33
1988-6-11,0,4.86537833,0.8495,518.3,23.46,7.83,1038.88
1988-6-12,0,5.681106718,0.7079,516.74,29.51,12.66,1387.32
1988-6-13,0,6.071983391,0.5947,495.21,32.62,16.13,1742.56
1988-6-14,0,6.361220315,0.5663,516.2,34,15.51,1648.76
1988-6-15,0,6.180851708,0.5663,467.91,33.8,18.18,2007.33
1988-6-16,0,5.635667373,0.4814,413.09,31.48,18.81,2169.1
1988-6-17,0.13,4.831736816,0.4814,339.19,27.63,18.01,2081
1988-6-18,0,4.731866661,0.538,335.53,26.93,17.5,2000
1988-6-19,0,5.1911643,0.5097,420.55,27.72,15,1720.03
1988-6-20,0,5.671177801,0.4531,416.69,31.28,18,2078.9
1988-6-21,0,6.089829875,0.4248,382.74,35,22.25,2680.65
1988-6-22,0,6.442183141,0.3964,415.27,36.36,21.88,2604.24
1988-6-23,0,6.452152608,0.3681,420.51,36.27,21.5,2533.31
1988-6-24,0,5.217741233,0.3681,463.35,26.72,11.98,1398.64
1988-6-25,0,5.001047876,0.3681,466.84,25.04,10.48,1208.15
1988-6-26,0,5.893760328,0.3681,449.15,32.13,17.28,1804.73
1988-6-27,0,5.073587295,0.3681,428.88,26.65,13.63,1488.06
1988-6-28,0,5.654121517,0.3398,514.43,29.1,11.4,1187.44
1988-6-29,0,5.173595542,0.3398,386.35,28.77,17.19,1919.51
1988-6-30,0,5.291151253,0.3398,493.99,27,11.12,1205.14
1988-7-1,0,5.092350265,0.3398,519.79,25,7.93,962.54
1988-7-2,0,5.154416835,0.3398,467,26.66,12.17,1308.15
1988-7-3,0,5.457902626,0.3115,485.71,28.5,12.58,1311.03
1988-7-4,0,5.517987454,0.3115,432.83,30.24,16.5,1730.97
1988-7-5,0,5.525991757,0.2832,458.16,29.77,15.03,1539.98
1988-7-6,0,5.785215701,0.2832,442.41,32.03,17.5,1812.94
1988-7-7,0,5.259538735,0.2747,354.57,30.81,20,2175.73
1988-7-8,0,5.57997285,0.269,397.68,31.99,19.5,1969.61
1988-7-9,17.05,4.731662168,0.3964,220.31,28.77,20,2320
1988-7-10,0,5.801304756,0.5663,424.13,32.9,19,1940.43
1988-7-11,0,5.898828489,0.4248,376.38,34.91,22.52,2505.04
1988-7-12,11.31,4.819078869,0.3964,216.9,30.13,21.5,2560
1988-7-13,0,4.727099828,0.3964,285.01,29.83,21.5,2560
1988-7-14,0,5.388513242,0.3681,377.16,31.94,20.5,2297.36
1988-7-15,0,5.719396601,0.3398,382.15,34.27,22.28,2526.14
1988-7-16,0,5.564589338,0.2832,400.17,32.83,20.5,2223.51
1988-7-17,0,5.529178625,0.2747,353.61,33.97,23,2696.97
1988-7-18,0.52,5.649511531,0.2747,382.32,33.8,21.5,2383.46
1988-7-19,0,5.136706048,0.2718,332.67,32,22.03,2603.09
1988-7-20,0,4.673375541,0.269,260.27,31.5,23.9,2976.72
1988-7-21,0,4.816595341,0.2633,292.08,31.47,23,2800
1988-7-22,23.09,4.007857408,0.3398,173.26,27.68,21.5,2560
1988-7-23,11.76,3.038104901,0.538,108.12,24,20.5,2400
1988-7-24,9.9,4.313156499,0.5947,215.3,28.5,21,2480
1988-7-25,0,5.094383212,0.5097,398.36,31,19.66,2281.72
1988-7-26,0,4.807582431,0.3681,383.79,29.46,19,2200.53
1988-7-27,10.47,4.805005607,0.4248,290.1,29.53,19,2200
1988-7-28,2.25,4.404281025,0.4531,311.73,28.46,20,2320
1988-7-29,0,5.248300919,0.3681,432.29,32,19.46,2190.79
1988-7-30,0,5.569935312,0.3398,411.9,35,22.65,2657.96
1988-7-31,0,5.365744995,0.3115,405.74,34,22.23,2620.71
1988-8-1,0,4.992853134,0.2832,378.56,32.36,22,2640
1988-8-2,0,5.005313684,0.2832,409.56,31.75,20.5,2365.79
1988-8-3,0,4.757406329,0.269,363.86,31.55,22,2640
1988-8-4,0,4.779768411,0.2605,379.59,31.46,21.5,2539.84
1988-8-5,0,4.661565849,0.2492,357.48,31.62,22.5,2654.39
1988-8-6,0,4.706889197,0.2407,383.7,31.34,21.5,2429.38
1988-8-7,0,4.822335087,0.2322,382.29,32.48,22.5,2576.98
1988-8-8,0,5.132641803,0.2209,446.97,33,20.34,2128.69
1988-8-9,0,5.105824572,0.2152,453.97,32.8,19.84,2052.31
1988-8-10,0,4.532303887,0.2152,347.48,31.85,23,2718.81
1988-8-11,0,4.516563547,0.2237,338.62,32.18,23.5,2830.1
1988-8-12,0,4.972640191,0.218,392.73,34.09,23.26,2636.22
1988-8-13,0,4.8180996,0.1982,373.87,33.7,23.59,2742.69
1988-8-14,0,4.890083658,0.1841,385.64,34.09,23.5,2694.96
1988-8-15,0,5.320390591,0.1812,416.04,36.44,24.02,2681.78
1988-8-16,0,5.206150974,0.1784,491.31,34,18.01,1734.13
1988-8-17,12.55,5.051713803,0.1897,363.95,33.03,17.12,1813.19
1988-8-18,0,4.592846661,0.2605,439.04,31,18.67,1837.53
1988-8-19,15.63,3.656843461,0.269,277.31,24.55,15.46,1756.52
1988-8-20,22.45,2.38469078,0.3681,116,19.5,16.21,1834.39
1988-8-21,0,3.803602635,0.538,385.3,25.97,16.13,1821.5
1988-8-22,0,3.881940687,0.4248,460.6,24.81,11.76,1319.3
1988-8-23,0,3.911684243,0.3398,473.06,25,11,1233.85
1988-8-24,20.25,3.939407614,0.3964,274.27,28.23,18.27,2101.23
1988-8-25,4.77,4.138116401,0.4248,307.61,29,17.06,1929.45
1988-8-26,0,4.314744024,0.3398,401,31,18.97,2163.08
1988-8-27,0,4.090483607,0.3115,367.59,30.14,19.5,2280
1988-8-28,0,3.941337105,0.2803,337.89,30,20.5,2400
1988-8-29,13.57,3.355626341,0.3398,202.15,27,20.04,2326.75
1988-8-30,18.78,3.070368391,0.623,226.86,23.5,16.5,1880
1988-8-31,0,3.690780321,0.5663,444.25,25.71,12.43,1434.76
1988-9-1,0,3.786934605,0.3964,465.52,26.5,11.5,1354.48
1988-9-2,0,3.687945384,0.3398,454.57,26,11.56,1364.81
1988-9-3,0,3.683770216,0.3115,460.19,26.15,11.02,1313.96
1988-9-4,24.46,3.306703036,0.4248,277.95,24.44,13.99,1599.19
1988-9-5,11.61,3.137282639,0.7079,213.06,25.5,17.83,2052.32
1988-9-6,0,3.226516713,0.623,450.08,22.5,8.26,1101.08
1988-9-7,0,3.176395118,0.5097,451.95,22.25,7.74,1059.45
1988-9-8,0,3.189670978,0.3964,463.51,22.59,6.93,994.75
1988-9-9,2,3.152752839,0.3964,321.04,25.46,16.23,1836.76
1988-9-10,3,3.406226616,0.4248,266.7,27.57,16.59,1887.48
1988-9-11,0,3.278411145,0.3964,414.37,25.35,11.77,1381.64
1988-9-12,0,3.083776082,0.4531,414.88,23.5,10,1240
1988-9-13,2.61,3.43723238,0.3681,346.27,28.03,14.5,1640
1988-9-14,0,3.203612382,0.3681,406.75,25.72,11.9,1392.15
1988-9-15,0,2.873029568,0.3115,392.65,22.49,9.96,1236.63
1988-9-16,0,2.729830554,0.2832,418.66,20.75,6.95,996.04
1988-9-17,0,2.709463757,0.2832,409.94,21,7.5,1040.36
1988-9-18,3.07,2.696287188,0.3115,214.58,23.73,15.19,1734.43
1988-9-19,0,3.057058664,0.3115,335.86,27.15,16,1800.78
1988-9-20,0,2.891029535,0.3115,277.09,27,18.15,2091.81
1988-9-21,0,2.958855338,0.2803,310.81,27.33,17.12,1939.04
1988-9-22,0,2.589918698,0.2718,296.87,23.5,14.35,1628.26
1988-9-23,0,3.130687712,0.269,374.63,29.04,15.16,1733.14
1988-9-24,8.26,2.77338766,0.2633,272.9,25.5,13.35,1536.33
1988-9-25,19.34,2.114278106,0.4531,189.04,18.89,11.5,1360
1988-9-26,0,2.416093992,0.5663,333.49,21.97,11.16,1332.7
1988-9-27,0,2.574028406,0.4531,384.12,24,9.89,1230.85
1988-9-28,0,2.686197833,0.3681,384.67,26,11,1320
1988-9-29,0,2.229394559,0.3398,298.49,20.99,11.11,1329.1
1988-9-30,0,2.24664749,0.3115,330.52,21.24,9.86,1228.82
1988-10-1,0,2.419815647,0.3115,361.08,24,10.43,1274.5
1988-10-2,0,2.514755784,0.3115,332.43,26,13.68,1574.37
1988-10-3,9,2.167450787,0.4814,205.15,22.37,13.26,1521.59
1988-10-4,4.94,1.736353638,0.5663,147.62,17.5,11.5,1359.74
1988-10-5,0,1.866225164,0.538,326.55,17.64,6.48,958.61
1988-10-6,0,1.780561585,0.4248,355.46,16.5,3.75,800
1988-10-7,3.79,1.600916383,0.3681,262.73,13.71,1.5,680.36
1988-10-8,3,1.424321025,0.3964,210,11.23,2.5,720
1988-10-9,0,1.591744794,0.3964,390.82,14.96,-1,560
1988-10-10,0,1.790465134,0.3681,351.9,19,5.4,904.42
1988-10-11,0,1.721649937,0.3398,293.23,18.41,8.16,1092.77
1988-10-12,0,1.525530398,0.3398,334.32,15,2.77,741.92
1988-10-13,0,1.336816607,0.3398,315.92,11.54,0.54,635.02
1988-10-14,0,1.386853196,0.3398,375.33,13.79,-2,520
1988-10-15,0,1.617762355,0.3398,384.76,20.38,1.41,672.77
1988-10-16,0,1.719184535,0.3398,349.54,21.78,6.34,946.93
1988-10-17,0,1.757729964,0.3398,338.62,23,8,1080
1988-10-18,0,1.652754886,0.3398,278.4,21,10.08,1246.63
1988-10-19,0,1.450382936,0.3398,288.82,17.5,6.25,940.29
1988-10-20,0,1.295941323,0.3681,340.7,15.5,0.39,631.44
1988-10-21,23,1.259932917,0.4248,238.3,14.83,1.35,668.12
1988-10-22,21.22,1.258170771,0.9061,182.06,14.81,5.5,920
1988-10-23,0,1.252338928,0.9345,261.06,15.29,5.02,881.71
1988-10-24,0.45,1.294770847,0.7646,270.08,17,6,920
1988-10-25,0,1.169319651,0.5947,296.38,15,2.22,720
1988-10-26,0,1.092874841,0.5097,298.44,13.75,0.66,640
1988-10-27,0,0.998997739,0.4814,330.7,13.13,-3.15,480
1988-10-28,0,1.111359877,0.4531,334.15,18.19,0.12,616.96
1988-10-29,0,1.048945487,0.4531,306.13,15.41,0.5,640
1988-10-30,0,0.941338474,0.4531,282.24,11.99,-0.89,568.97
1988-10-31,0,0.847251367,0.4248,302.5,10.5,-4.24,440.06
1988-11-1,26.29,0.87229417,0.6513,126.18,9.5,2.74,740.28
1988-11-2,0,0.920986851,0.8778,188.98,11.68,3.86,800
1988-11-3,0,0.907468832,0.7929,251.27,13,1.5,680
1988-11-4,0,0.968202182,0.6513,299.77,18.91,2.09,718.85
1988-11-5,2.5,1.099505612,0.5947,128.94,18.5,11.94,1395.11
1988-11-6,0,1.047415777,0.5663,221.97,18.5,8,1080
1988-11-7,0,0.883897174,0.538,243.01,15,3.25,780.01
1988-11-8,0,0.779106966,0.5097,275.65,13.96,-0.5,600
1988-11-9,0,0.803595695,0.5097,255.66,14.44,1.51,681.05
1988-11-10,0,0.760711669,0.5097,287.52,17.06,0.12,610.31
1988-11-11,1.44,0.800909447,0.5097,243.87,15.5,2.87,749.31
1988-11-12,0,0.664657285,0.5097,246.29,11.04,-1.66,547.52
1988-11-13,3.41,0.77928982,0.5097,177.11,15.85,3.51,793.76
1988-11-14,0,0.698488775,0.538,268.19,16.5,1,640
1988-11-15,0,0.731004672,0.538,243.75,16.15,3,760
1988-11-16,0,0.764406023,0.5097,258.53,20.23,4.83,866.5
1988-11-17,25.11,0.750798482,0.7646,175.96,18,5,880.36
1988-11-18,0,0.58352627,1.161,252.3,13.51,-0.95,564.32
1988-11-19,3.44,0.55073773,1.1893,171.47,10.14,-1.99,520.66
1988-11-20,19.67,0.67078619,1.161,174.81,17.31,4,800
1988-11-21,5.64,0.683864857,1.3309,158.01,16.58,5,880
1988-11-22,0,0.495289199,1.3592,230.34,10,-2.84,494.93
1988-11-23,0,0.497877814,1.1044,230.36,11.22,-1.94,531.24
1988-11-24,0,0.503005336,0.9061,186.35,8.16,-1.49,557.21
1988-11-25,0,0.461098516,0.8212,236.44,11.59,-2.4,520
1988-11-26,0,0.420986904,0.7646,258,15.5,-2,520
1988-11-27,5.61,0.671864384,0.7646,136,17.5,7.45,1035.97
1988-11-28,29.97,0.597873329,1.4442,156.13,17.47,5.36,909.04
1988-11-29,0,0.486484884,2.6335,186.48,10,0.12,609.7
1988-11-30,0,0.428372297,2.4069,218.11,10.49,-1.92,526.21
1988-12-1,0,0.465459919,1.6141,182.12,9.5,-0.2,600
1988-12-2,0,0.436220537,1.2459,163.62,6.71,-1.79,537.19
1988-12-3,0,0.40270586,1.0477,228.25,13.43,-0.78,577.51
1988-12-4,0,0.419520097,0.9345,206.09,11,-0.79,576.59
1988-12-5,0,0.396553972,0.8495,178.45,6.74,-2.89,488.96
1988-12-6,0,0.295679166,0.8212,243.78,11.68,-4.96,440
1988-12-7,0,0.37040065,0.7929,229.62,15.55,0.18,614.96
1988-12-8,0,0.363453659,0.7646,212.45,11,-2.04,520
1988-12-9,1,0.366095446,0.7646,155.65,3.97,-4.3,440
1988-12-10,0,0.311193987,0.7362,184.42,2.41,-7.66,347.54
1988-12-11,0,0.304059647,0.7362,168.86,0.36,-8.5,320
1988-12-12,0,0.240490937,0.7079,181.29,-4.55,-14.11,200
1988-12-13,0,0.230323014,0.6796,222.24,-0.74,-13.89,200
1988-12-14,0,0.302986056,0.6796,202.87,4.86,-6.64,360
1988-12-15,0,0.381678411,0.6796,194.48,10.61,-0.5,600
1988-12-16,0,0.279452346,0.6513,211.91,3.97,-8.17,320
1988-12-17,0,0.282226788,0.6513,168.54,-1.15,-9.74,280
1988-12-18,0,0.283453545,0.623,180.97,0,-9.33,293.87
1988-12-19,0,0.23639462,0.623,241.66,7.93,-8.14,320.03
1988-12-20,0,0.335310433,0.623,223.86,13.23,-0.81,575.8
1988-12-21,2,0.509015992,0.623,136.9,12,4.94,875.03
1988-12-22,0,0.323728799,0.6513,210.92,8,-4,440
1988-12-23,9.89,0.290218177,0.6513,171.44,9.13,-4.98,440
1988-12-24,3.94,0.433014761,0.7079,139.63,12.2,2,720
1988-12-25,0,0.441644567,0.7929,193.54,13.5,2.69,735.45
1988-12-26,0,0.362825999,0.7362,191.91,7,-3,480
1988-12-27,0,0.36250425,0.7079,197.08,7.39,-3,480
1988-12-28,2,0.376662223,0.6796,233.57,16.5,1.5,680
1988-12-29,0,0.334492517,0.6796,228.73,10.59,-3.13,480
1988-12-30,0,0.394909343,0.6796,132.1,3.21,-3,480
1988-12-31,0,0.380297358,0.6513,180.41,6.9,-3.06,480
1989-1-1,3.58,0.430292132,0.6513,123.71,5.82,-0.9,567.74
1989-1-2,0,0.429544733,0.6796,173.11,6.57,-1,560
1989-1-3,0,0.411873187,0.6513,170.01,5.5,-2.32,520
1989-1-4,1,0.338897655,0.6513,210.03,1.28,-7.5,360
1989-1-5,0,0.291296054,0.623,207.46,-3.17,-11.63,240
1989-1-6,12.9,0.353464405,0.7079,174.93,3.07,-6.9,360
1989-1-7,0,0.479922555,0.9628,108.35,4.49,0.4,624.53
1989-1-8,5.31,0.525104616,0.9345,168.24,12.57,2.7,738.38
1989-1-9,0,0.5281992,0.8495,198.95,10.43,2.19,720
1989-1-10,0,0.44750733,0.7929,178.64,4.35,-2.6,512.02
1989-1-11,0,0.42715945,0.7362,259.51,8.05,-3.76,459.47
1989-1-12,9.52,0.519401691,0.8212,156.77,10.5,0.58,637.71
1989-1-13,0,0.479008281,0.9628,223.64,8.79,-2,520
1989-1-14,0,0.380160673,0.8778,259.97,5.42,-8.53,320
1989-1-15,19.01,0.552853563,1.076,119.12,7.75,1.01,648
1989-1-16,0,0.532218254,1.3026,178.65,7,-0.63,589.81
1989-1-17,0,0.464286511,1.1327,261.96,8.82,-5,440
1989-1-18,0,0.480262614,0.9628,274.21,11,-4.44,440
1989-1-19,0,0.575315473,0.8778,253.83,12.23,-0.56,589.8
1989-1-20,0,0.574632543,0.8495,258.76,11.76,-1.28,560
1989-1-21,0,0.461749352,0.7929,267.84,5.08,-8.19,320
1989-1-22,0,0.440818024,0.7646,286.3,4.82,-10.5,280
1989-1-23,0,0.541867238,0.7362,281.02,9.5,-5.24,420.55
1989-1-24,0,0.542749328,0.7362,304.01,15,-5.21,423.07
1989-1-25,0,0.674836219,0.7362,237.41,10.58,0.21,618.67
1989-1-26,1.28,0.743230052,0.7362,205.6,11.49,3.04,763.17
1989-1-27,1.14,0.725258713,0.7362,230.86,10.95,1.21,656.88
1989-1-28,0,0.6279198,0.7079,284.72,8.8,-4.76,440
1989-1-29,0,0.743953073,0.7079,289.29,13.49,-0.85,572.25
1989-1-30,7.1,0.838672113,0.7646,115.67,12,6.16,935.52
1989-1-31,0,0.767841666,0.8778,268.68,11.23,-0.63,589.81
1989-2-1,0,0.91081104,0.8212,298.38,17.98,2.33,720
1989-2-2,0,0.904531263,0.7646,273.47,14.93,2.37,720
1989-2-3,7.94,0.795051026,0.7646,149.96,8.67,1,640
1989-2-4,0,0.636209416,0.8778,246.07,2.72,-6.95,360
1989-2-5,2.14,0.561806689,0.8495,95.49,-1,-4.27,440
1989-2-6,1.3,0.735076253,0.7929,213.31,4.98,-2.89,490.12
1989-2-7,2.58,0.722910974,0.7929,178.03,3.99,-3.5,480
1989-2-8,0,0.687476526,0.7929,254.04,2.5,-7.01,360
1989-2-9,0,0.657092075,0.7362,259.49,0.9,-8.78,320
1989-2-10,0,0.623387024,0.7079,293.85,-0.5,-12,240
1989-2-11,0,0.801892758,0.6796,325.01,6.05,-8.15,320
1989-2-12,0,0.846577182,0.6796,312.61,6.5,-6.49,361.02
1989-2-13,2.86,0.861500203,0.6796,281.07,6.5,-7,360
1989-2-14,15.61,1.103183469,1.076,169.06,12.07,3.93,806.29
1989-2-15,2.4,1.303982781,1.3592,236.05,16.55,6.5,960
1989-2-16,3.36,1.166885052,1.2743,210.77,12.65,2.04,720
1989-2-17,0,0.840972847,1.1044,254.64,3,-5.58,400
1989-2-18,0,0.726126863,0.9628,160.98,-0.23,-5.09,432.6
1989-2-19,0,0.90800567,0.8778,258.6,4.03,-4.27,440
1989-2-20,0,1.106544339,0.8495,337.72,8.99,-3.58,473.96
1989-2-21,20.55,1.382143943,1.0194,237.09,14.83,3.52,800
1989-2-22,12.8,1.305909228,1.4725,203.94,12.69,4,800
1989-2-23,0,0.988027996,1.6707,188.87,5.5,0.32,625.76
1989-2-24,11.83,0.913295556,1.4442,235.22,1.98,-6,400
1989-2-25,0,0.844933652,1.2459,370.3,-0.5,-10.5,280
1989-2-26,3.2,1.023276103,1.1327,292.72,3.66,-7.28,360
1989-2-27,0,1.061317075,1.161,280.14,4.95,-1.73,541.72
1989-2-28,1,1.021986927,1.1893,254.55,4,-1.76,538.9
1989-3-1,0,1.212711379,1.2176,394.03,6.72,-3.81,455.48
1989-3-2,0,1.205173589,1.2176,431.45,6.01,-6.39,368.58
1989-3-3,0,1.281494605,1.1327,398.01,7.31,-3,480
1989-3-4,0,1.106141131,1.1044,179.22,6.5,2.75,740.05
1989-3-5,2,1.133784413,1.1044,204.09,6.2,1.96,717.07
1989-3-6,27.56,1.263222472,1.3592,273.03,5.98,-2.55,516.28
1989-3-7,7.79,0.882835506,2.1521,208.05,-2,-7.67,346.57
1989-3-8,0,0.923520125,1.8972,326.27,-1.85,-8.65,320
1989-3-9,0,1.102167702,1.4442,325.1,2,-4.77,439.37
1989-3-10,0,1.253268771,1.3026,402.49,4,-5.08,433.96
1989-3-11,0,1.432472955,1.3026,480.47,6.51,-6.65,360
1989-3-12,0,1.565188874,1.3592,446.89,8.73,-2.32,520
1989-3-13,0,1.404896019,1.4442,438.02,5.54,-4.64,440
1989-3-14,0,1.702958812,1.4158,435.25,10.53,0.34,627.41
1989-3-15,0,2.274191843,1.3875,436.85,18.62,5.42,913.43
1989-3-16,0,2.157113402,1.3592,423.92,16.48,4,800
1989-3-17,0,2.244362966,1.2459,459.78,16.99,1,640
1989-3-18,13,2.67193793,1.161,331.58,22.5,7.33,1026.71
1989-3-19,0,2.140280633,1.3875,473.44,14.51,-2.5,520
1989-3-20,6.62,1.703931398,1.3592,379.22,7.5,-6.23,381.52
1989-3-21,9.57,1.616302829,1.5857,224.98,8.59,2.41,720
1989-3-22,0,1.68597025,1.8689,453.38,7.01,-3.54,476.75
1989-3-23,0,1.800411867,1.5857,498.23,8,-4.7,440
1989-3-24,28.88,1.428329772,2.1238,137.18,6.96,3.08,766.43
1989-3-25,0,2.308122957,3.8228,421.05,15,3.49,799.11
1989-3-26,0,2.478378419,3.4547,443.83,16.51,3.5,800
1989-3-27,0,2.704462161,2.4919,491.15,18.5,0.65,640
1989-3-28,0,3.289173406,1.8406,440.55,25.45,10.98,1318.07
1989-3-29,2.97,3.50288927,1.5574,323.26,27.51,13.43,1549.02
1989-3-30,14.55,2.841036959,1.5008,326.82,19.54,6.38,950.73
1989-3-31,16.47,2.214125856,2.322,230.12,13.8,6.29,943.02
1989-4-1,0,2.105120615,3.1998,340.71,11.21,2.96,756.92
1989-4-2,0,2.280515001,2.8883,442.63,11.48,-0.65,588.18
1989-4-3,8.99,2.64391241,2.3503,299.36,16.5,5.81,920
1989-4-4,0.97,3.042428857,2.237,417.07,20.49,8.48,1118.1
1989-4-5,10,3.140273111,1.9822,272.13,22.51,12.5,1440
1989-4-6,10.99,2.542688582,2.3786,254.93,15.5,6.86,988.81
1989-4-7,14.83,2.32429539,2.5768,284.28,11.5,1.79,703.16
1989-4-8,10.04,2.299855095,3.0865,280.06,11,1.5,680.04
1989-4-9,3,2.49243272,3.2281,261.93,13.73,4.9,871.79
1989-4-10,0,2.471749809,2.6335,394.89,12.31,2.16,720
1989-4-11,0,2.282233113,2.0105,379.2,10,0.61,640
1989-4-12,0,2.671258522,1.6141,501.88,12.5,-2.97,482.13
1989-4-13,0,2.60374008,1.4442,428.63,12.5,1.09,647.45
1989-4-14,0,2.818526497,1.3309,473.13,13.99,0.43,634.45
1989-4-15,19.02,2.387123936,1.5008,208.04,13,6.53,962.04
1989-4-16,0,2.518540884,2.3786,319.38,13.42,6,920.03
1989-4-17,0,3.619883787,2.6051,532.78,20.73,2.03,720
1989-4-18,7.17,3.914060088,2.0954,341.98,24.74,11.45,1355.98
1989-4-19,11.21,3.553782984,2.0388,367.35,20.27,5.84,920
1989-4-20,0,3.365133841,2.2653,524.72,17.5,0.71,640
1989-4-21,0,3.526295188,1.9822,511.32,19,3,760
1989-4-22,0,3.2889238,1.6424,476.93,17,3.5,799.69
1989-4-23,0,3.205817129,1.4442,537.34,15,-2.91,487.49
1989-4-24,0,3.431979082,1.3026,532.45,16.99,-0.81,576.88
1989-4-25,0,3.866675026,1.2176,539.59,20.75,1.42,673.34
1989-4-26,0,4.089693645,1.1893,511.37,22.89,5.76,920
1989-4-27,0,4.025732289,1.1327,500.61,22.25,6.08,928.7
1989-4-28,0,3.432007094,1.076,372.02,19.22,9.38,1190.34
1989-4-29,39.05,2.929418204,1.161,199.97,17,10.5,1279.9
1989-4-30,21.34,3.642531738,3.7095,282.11,20.95,10.98,1318.32
1989-5-1,8,3.02871301,4.4741,215.26,17.03,10,1240
1989-5-2,16.88,3.605513244,4.2758,278.91,20.41,10.76,1300.83
1989-5-3,0,3.577114618,4.2475,428.19,18.5,7.07,1005.33
1989-5-4,0,3.777512451,3.5113,484.03,19,5.03,882.5
1989-5-5,9.16,3.16412327,2.8034,228.95,17.34,9.91,1232.66
1989-5-6,12.83,3.645426068,2.6618,256.67,21.03,12.31,1424.7
1989-5-7,0,3.502252384,2.6901,422.08,17.25,6.25,939.77
1989-5-8,0,3.534404327,2.4069,452.78,16.69,4.5,840
1989-5-9,3.47,3.90117657,2.0388,361.26,19.26,5.36,908.76
1989-5-10,43.06,3.046306651,2.8034,212.22,15.97,9.17,1173.24
1989-5-11,9.24,2.472815093,5.2953,148.72,12.62,8.12,1089.99
1989-5-12,0,3.23022149,5.0121,376.09,15.08,6,920
1989-5-13,0,3.710397588,4.1909,452.82,17.77,5.86,920
1989-5-14,0,3.989576353,3.3131,461.14,20.01,7.59,1047.3
1989-5-15,0,4.11085177,2.6618,417.21,22,10.97,1317.35
1989-5-16,11,3.309640615,2.4919,202.18,18.92,12.5,1440
1989-5-17,3,3.945774403,3.1432,297.81,21,11.02,1321.67
1989-5-18,0,4.879753855,3.2848,512.82,25.74,9.87,1229.91
1989-5-19,0,4.955299003,3.0865,520.63,26,9.5,1200.3
1989-5-20,0,5.054875513,2.6051,526.23,26.51,9.48,1198.34
1989-5-21,0,4.831823566,2.1521,434.66,27.06,15,1720
1989-5-22,0,5.155746173,1.8406,507.31,27.5,11.66,1372.6
1989-5-23,12.84,4.620107722,1.6707,344.75,24.5,11.91,1392.52
1989-5-24,5.98,3.377892572,1.7556,191.04,20.47,14.85,1696.53
1989-5-25,0,4.919134541,1.9822,519.37,25.35,10,1240
1989-5-26,0,5.183750401,1.9255,455.72,29.08,16.44,1870.8
1989-5-27,18.89,4.739721635,1.9255,307.74,27.1,16.74,1899.11
1989-5-28,0,4.446832339,2.1521,479.8,22.5,10.08,1246.65
1989-5-29,0,4.877664126,2.0388,545.39,24,7.08,1006.08
1989-5-30,0,4.740345021,1.8406,443.91,25.52,13.82,1585.5
1989-5-31,0,5.389121783,1.6141,431.23,30.64,18.39,2111
1989-6-1,0,5.738392594,1.4442,428.87,33,20.24,2358.45
1989-6-2,0,5.940978753,1.3026,454.73,33.5,19.34,2254.35
1989-6-3,0,5.254230097,1.2176,427.78,29.5,17.54,2006.77
1989-6-4,0,5.508704606,1.1327,433.21,31.02,18.41,2113.11
1989-6-5,0,4.885918856,1.076,401.44,27.26,16.5,1880.03
1989-6-6,11.37,4.630882832,1.3026,261.45,26.98,18,2080
1989-6-7,21.73,4.254112123,1.6424,228.61,25.5,18,2080
1989-6-8,9.06,4.388211133,2.0388,243.73,26,18.02,2081.32
1989-6-9,9.35,4.151444749,2.0105,217.22,25.33,18.36,2108.53
1989-6-10,0,4.449036205,2.0954,313.83,26.82,19,2200
1989-6-11,0,5.005939263,1.8972,469.83,26.02,12.91,1472.61
1989-6-12,0,5.249003835,1.5574,521.68,26.39,10.24,1258.85
1989-6-13,0,4.952918246,1.3309,377.4,28.34,18.32,2105.35
1989-6-14,3.14,4.092867363,1.2176,234.03,23.5,16,1800
1989-6-15,11.69,4.113714296,1.1893,226.65,24.05,16.74,1899.22
1989-6-16,13.36,5.098349294,1.3309,282.19,29.5,19.4,2263.94
1989-6-17,11.58,4.580095898,2.0388,247.44,27.24,19,2200
1989-6-18,0,4.921818909,2.3786,405.88,27.46,17.01,1922.4
1989-6-19,0,5.422305093,2.1521,479.45,28.99,15.34,1747.18
1989-6-20,0,5.01420814,1.6707,412.12,28.07,17.42,1986.9
1989-6-21,5.85,4.634998986,1.3875,234.13,29,21.42,2546.78
1989-6-22,9.01,4.589694737,1.2459,230.24,28.99,21.63,2580.95
1989-6-23,14.99,4.113851752,1.2459,195.03,27,21,2480
1989-6-24,17.59,4.136114042,2.945,218.23,26,19.5,2280
1989-6-25,0,4.981187996,3.7095,425.04,28,17.5,2000
1989-6-26,0,5.447712833,2.7751,452.44,30.48,18.37,2109.31
1989-6-27,0,5.743671782,1.9539,428.58,33.27,21.5,2560
1989-6-28,0,4.971990061,1.5291,373.19,29.99,21,2480
1989-6-29,0,4.624766905,1.3309,410.57,26,16.5,1880.04
1989-6-30,0,4.962807496,1.1893,506.21,25.58,12.26,1420.59
1989-7-1,0,5.268346728,1.076,501.22,28,14.35,1628.25
1989-7-2,0,5.531043101,1.0194,510.27,29.59,14.92,1707.54
1989-7-3,0,5.284124746,0.9628,445.07,29.98,18.5,2120
1989-7-4,0,4.860476417,0.9061,399.27,28.5,19,2200
1989-7-5,19.78,4.027265289,0.9628,198.02,27.28,21.57,2570.92
1989-7-6,24.06,3.584504577,1.3026,156.98,26.19,21.8,2608.39
1989-7-7,2.39,5.047477926,2.322,361.5,30.48,21,2480
1989-7-8,0,5.296735546,2.5202,459.42,30,18.05,2084.04
1989-7-9,0,5.571399333,1.8689,518.24,30,14.53,1644.08
1989-7-10,0,5.509770554,1.4442,424.17,32.5,21.1,2496.37
1989-7-11,0,5.422753392,1.1893,381.59,33.47,23.47,2874.4
1989-7-12,0,5.200357421,1.0194,442.05,30.06,18.68,2149.32
1989-7-13,21.92,3.83410447,1.076,227.67,23.86,17.46,1993.63
1989-7-14,0,4.45379151,1.6141,395.17,26.02,16.98,1918.32
1989-7-15,0,5.084944249,1.699,486.56,28,14.96,1712.92
1989-7-16,51.25,4.127134803,1.6424,259.49,25,17.35,1976.04
1989-7-17,0,3.877625202,3.2281,316.02,24,17.23,1956.29
1989-7-18,0,4.42147132,3.6529,421.27,25.2,15.4,1751.69
1989-7-19,0,4.91063396,2.8883,491.79,27,14,1600
1989-7-20,1.11,4.542886022,2.1238,350.74,28.3,19.72,2297.28
1989-7-21,0,4.323154885,1.6141,330.89,28,20.49,2398.23
1989-7-22,0,4.741886279,1.3875,371.97,29.94,20.96,2473.63
1989-7-23,0,5.236555627,1.2743,406.49,32.42,21.7,2591.22
1989-7-24,0,5.315700091,1.1327,437.07,32,20,2320.72
1989-7-25,0,5.543423019,1.0477,475.34,32.5,18.36,2109.11
1989-7-26,0,5.219310406,0.9911,390.86,32.99,22.5,2720
1989-7-27,0,5.154173444,0.9628,402.46,32.27,21.5,2560
1989-7-28,2.51,4.975754567,0.9061,339.94,31.5,21.32,2530.95
1989-7-29,0,4.947780936,0.8495,482.59,28.5,14.9,1703.99
1989-7-30,0,4.783007112,0.8212,475.66,27.56,14.5,1640
1989-7-31,16.29,3.448264222,0.9911,201.55,23,17.2,1952.24
1989-8-1,3.22,3.841017123,1.1893,293.56,24.29,16.69,1895.34
1989-8-2,0,4.506924887,1.1044,442.99,27.03,15.88,1790.38
1989-8-3,0,4.829000721,0.9628,417.47,30.5,19.61,2288.98
1989-8-4,0,5.061731839,0.8778,409.09,32.52,21.34,2534.53
1989-8-5,0,4.743672236,0.8212,327.12,33,24.41,3065.83
1989-8-6,0,4.782469263,0.7929,356.57,32.4,23,2800
1989-8-7,18.93,4.45748985,0.8212,278.96,29.5,20.14,2341.8
1989-8-8,0,4.196659826,1.076,468.87,24.5,12.33,1426.14
1989-8-9,0,4.178906696,1.0194,469.75,24.5,12.25,1419.68
1989-8-10,10.25,3.724581807,0.9061,285.97,23.24,14.54,1648.38
1989-8-11,29.44,2.617528151,0.9911,117.38,21.66,18.45,2116.2
1989-8-12,27.74,2.925050611,1.4725,144.32,23.37,19.31,2248.89
1989-8-13,6.39,3.697239518,1.9255,215.91,27.27,20.76,2441.21
1989-8-14,0,3.730475139,1.7556,303.87,27.25,20.42,2387.85
1989-8-15,7.13,3.330683252,1.4442,177.92,26.5,21.36,2537.46
1989-8-16,0,4.088723176,1.2743,356.59,29,20.5,2400
1989-8-17,0,4.14532848,1.3309,374.73,29.06,19.96,2316.51
1989-8-18,3.86,3.385040673,1.3026,219.38,25.12,18.85,2176.33
1989-8-19,25.56,3.319085431,1.4725,205.51,25.5,19.66,2292.83
1989-8-20,0,4.086238938,1.7273,398.83,28.5,18.74,2158.45
1989-8-21,4.24,3.479623799,1.5857,192.75,28.49,22.75,2760.55
1989-8-22,0,3.987827551,1.3875,366,29.24,20.5,2399.65
1989-8-23,0,4.130796339,1.2176,359.21,31,22.21,2673.5
1989-8-24,0,4.091911438,1.0477,434.12,28.5,17.39,1982.56
1989-8-25,0,3.638507929,0.9628,435.89,24.5,14.04,1603.15
1989-8-26,0,4.08246905,0.8778,498.03,27,12,1400
1989-8-27,0,3.716417498,0.8495,407.46,26.5,16.61,1887.12
1989-8-28,0,3.949493622,0.8212,405.85,29,18.73,2156.71
1989-8-29,24.93,3.515655139,1.1893,246.14,28.5,21.43,2548.01
1989-8-30,34.49,3.889024641,2.3503,275.11,30.2,21.09,2494.31
1989-8-31,0,4.014309012,2.1521,462.6,28.63,15.17,1733.67
1989-9-1,0,3.762989611,1.3309,412.4,28,17.31,1970.05
1989-9-2,0,3.832186339,1.0194,400.81,29.24,18.73,2157.34
1989-9-3,0,3.659442145,0.9061,468.9,25.99,12.41,1432.44
1989-9-4,0,3.522434989,0.8778,464.01,25,11.74,1379.45
1989-9-5,0,3.175224118,0.8495,393.03,23.5,13.88,1590.32
1989-9-6,0,3.268366704,0.8212,421.58,24,13.02,1482.91
1989-9-7,0,3.436111418,0.8212,463.38,25.01,11.2,1336.29
1989-9-8,0,3.563935163,0.7929,469.58,26.5,11.5,1360.26
1989-9-9,0,3.778303442,0.7929,465.8,29,13.02,1483.59
1989-9-10,0,4.032414106,0.7646,413.73,32.5,18.82,2171.71
1989-9-11,0,4.057770094,0.7362,389.92,33.42,20.5,2400
1989-9-12,0,3.390142419,0.7362,338.22,28.71,19,2200.71
1989-9-13,0,3.160104852,0.7362,321.95,27,18.04,2083.07
1989-9-14,13.31,2.943417615,0.7929,201.47,26.5,19.2,2231.8
1989-9-15,0,3.11626535,0.9061,292.1,28,19.75,2299.78
1989-9-16,20.03,2.920609258,0.9911,215.09,26.22,18.31,2105.03
1989-9-17,0,2.802810121,1.5291,284.55,25.15,17.36,1977.58
1989-9-18,0,2.71759229,1.9255,312.53,23.5,14.85,1695.46
1989-9-19,59.74,2.620964523,2.4919,209.53,23.6,16,1800
1989-9-20,14.66,2.729765574,6.0032,169.01,27.35,20.96,2473.45
1989-9-21,0,2.917947588,5.3236,237.31,29.5,22.5,2720
1989-9-22,0,2.710299608,3.8228,216.22,28.22,22,2640
1989-9-23,0,3.110455348,2.7184,444.79,28.28,9.81,1224.75
1989-9-24,0,2.444700448,1.9822,428.14,20.08,5.25,899.93
1989-9-25,7.55,2.391034988,1.5574,321.95,19.81,4.75,859.74
1989-9-26,36.56,2.327508798,2.3503,216.9,21.57,13.25,1519.55
1989-9-27,0,2.258797324,3.7378,404.11,19,5.49,918.78
1989-9-28,0,2.229013465,3.2281,428.29,19,2.94,755.24
1989-9-29,0,2.407622926,2.4636,355.36,22.52,10.69,1295.29
1989-9-30,0,2.251219199,1.9539,299.68,21.65,12.4,1432.2
1989-10-1,4.34,2.234951247,1.6141,239.45,21.48,11.38,1350.38
1989-10-2,24.08,1.981317112,1.8406,130.86,22.26,17.14,1946.41
1989-10-3,0,2.268416277,2.6335,296.57,23.35,14,1600
1989-10-4,0,1.990340266,2.5202,373.85,18.5,5.8,920
1989-10-5,0,1.948151449,1.9822,361.35,18.38,6.21,937.19
1989-10-6,0,2.019526972,1.6424,316.83,20.5,10.27,1261.36
1989-10-7,0.25,1.93823845,1.4725,330.33,19.5,8.7,1136.13
1989-10-8,0,1.748344618,1.3592,385.07,16.5,2.52,721.29
1989-10-9,0,1.560629726,1.2743,351.77,13.5,2,720
1989-10-10,0,1.639211553,1.2176,398.36,15.85,0.08,606.14
1989-10-11,0,1.769256967,1.2459,365.18,18.6,5.18,894.59
1989-10-12,0,1.853706108,1.2176,392.54,21.5,4.08,806.14
1989-10-13,0,2.1094201,1.161,366.6,26.03,9.82,1225.28
1989-10-14,0,1.997319232,1.1044,330.49,24.29,11.12,1329.33
1989-10-15,0,2.119718538,1.1044,318.03,26.76,13.64,1571
1989-10-16,0,2.12620664,1.0477,319.26,27.5,13.74,1579.22
1989-10-17,3.86,1.965175364,1.0477,165.91,26,17.61,2017.06
1989-10-18,6,1.656740835,1.076,214.25,20.5,9.58,1206.08
1989-10-19,18.82,1.352083506,0.9061,141.41,15.64,9.19,1174.97
1989-10-20,34.01,1.563151316,2.1238,212.03,19.83,8.75,1140.05
1989-10-21,0,1.31342138,3.5396,280.7,15,4.23,818.67
1989-10-22,0,1.302487739,3.3414,282.55,15.38,4.23,818.14
1989-10-23,0,1.324576404,2.6335,342.54,18,1.77,701.88
1989-10-24,0,1.328311389,2.0954,347.49,19.45,1.89,710.92
1989-10-25,0,1.345258795,1.7273,354.78,22.03,2.05,720
1989-10-26,0,1.421063181,1.5291,340.89,23.98,4.84,867.2
1989-10-27,0,1.374786553,1.4158,330.58,23.08,5,880.36
1989-10-28,0,1.417906426,1.3309,308.72,23.5,7.5,1040
1989-10-29,0,1.352730546,1.3026,302.17,22.58,7.01,1000.54
1989-10-30,0,1.328041161,1.2459,291.02,22.39,7.44,1035.01
1989-10-31,10.45,1.249138802,1.2743,92.37,20,14.72,1675.55
1989-11-1,0,1.158096593,1.5008,207.07,17.5,8.3,1103.85
1989-11-2,0,1.015027062,1.5291,243.26,14.8,3.65,800
1989-11-3,5,0.950292823,1.5008,171.17,13.19,2.94,754.88
1989-11-4,0,0.824980161,1.4725,270.18,11,-2,520.45
1989-11-5,0,0.889222101,1.3875,274.3,14.4,0.49,628.72
1989-11-6,0,1.01080113,1.3309,240.6,17.59,5.67,920
1989-11-7,0,0.976588199,1.2743,162.28,15.5,8.19,1094.81
1989-11-8,10.43,1.005118932,1.3026,100.66,16.82,10.73,1298.59
1989-11-9,21.73,1.037068864,1.8972,138.61,18.61,10,1240
1989-11-10,4.23,0.810795025,2.7751,200.31,15.5,1.49,679.16
1989-11-11,0,0.756353266,2.5485,270.2,14.48,0.22,617.22
1989-11-12,0,0.837816876,2.0388,235.3,15.98,4.39,831.08
1989-11-13,0,0.722060373,1.699,273.63,15.51,0.35,628.09
1989-11-14,0,1.008651188,1.5291,215.31,21.73,10.62,1289.38
1989-11-15,9.65,1.05091493,1.6707,108.02,21.5,14.57,1656.58
1989-11-16,6,0.875251391,1.9539,172.48,20,7.81,1064.63
1989-11-17,0,0.606937078,1.8972,186.1,8,-0.5,599.41
1989-11-18,0,0.587192951,1.699,225.13,9.77,-1.47,559.41
1989-11-19,0,0.535019383,1.5291,222.73,7.71,-3.37,480
1989-11-20,0,0.661731517,1.4442,229.64,15.32,2.98,758.42
1989-11-21,0,0.556526758,1.3592,235.27,11.72,-1,560
1989-11-22,0,0.461871983,1.3026,161.39,2.5,-4.86,440
1989-11-23,12.5,0.410750443,1.3309,138.68,0,-7.35,359.9
1989-11-24,0,0.36821798,1.3309,282.55,2.92,-10.51,280
1989-11-25,0,0.399285275,1.3309,286.52,6.83,-7.28,359.16
1989-11-26,0.31,0.577802905,1.4442,209.32,11.49,2.7,737.51
1989-11-27,0,0.517031164,1.5857,249.79,11.76,0.5,639.75
1989-11-28,0.55,0.657080613,1.6424,224.79,17.01,6.91,993.17
1989-11-29,0,0.442606406,1.5291,247.25,12,-1.64,548.97
1989-11-30,0,0.373727625,1.4158,231.48,5.35,-6.51,360.36
1989-12-1,0,0.432617044,1.3592,172.97,5,-2.85,493.12
1989-12-2,0,0.32604096,1.3026,259.99,10.25,-6.19,384.65
1989-12-3,0,0.366163616,1.2459,236.1,8.4,-4.74,440
1989-12-4,0,0.34110183,1.1893,171.83,0,-7.88,329.52
1989-12-5,0,0.399041212,1.1893,137.66,2.27,-3.76,459.22
1989-12-6,0,0.34745785,1.1893,241.26,10.19,-3.84,453.13
1989-12-7,0,0.382670644,1.1893,210.58,8,-2.9,487.96
1989-12-8,8.47,0.362472966,1.161,78.82,-0.9,-5.5,400
1989-12-9,0,0.314985103,1.161,147.58,-2,-8.61,320
1989-12-10,0,0.301649286,1.161,209.13,1.86,-8.61,320
1989-12-11,0,0.279760697,1.161,234.78,4.39,-8.76,320
1989-12-12,5,0.378205663,1.1327,90.97,1.5,-3.8,456.12
1989-12-13,6.63,0.325347126,1.1893,138.27,0.3,-7.02,360
1989-12-14,0,0.22222741,1.1893,274.73,0,-14.25,200
1989-12-15,0,0.22607833,1.1327,279.84,4.21,-11.51,249.14
1989-12-16,0,0.272350397,1.161,252.16,3.24,-9,320
1989-12-17,0,0.284709296,1.1044,152.79,-4,-10.02,280
1989-12-18,0,0.280718717,1.076,160.26,-4,-10.28,280
1989-12-19,0,0.241151367,1.0477,227.6,-3.5,-13.36,211.37
1989-12-20,0,0.28080581,1.0194,204.62,-1.44,-9.86,280
1989-12-21,0,0.229663051,0.9911,254.99,-2.04,-13.95,200
1989-12-22,0,0.232264904,0.9345,208.25,-6,-14.5,200
1989-12-23,0,0.21295563,0.9061,242.93,-5.5,-16.42,160
1989-12-24,0,0.234689143,0.9061,206.51,-6,-14.38,200
1989-12-25,0,0.226244244,0.9061,259.22,-2.51,-14.66,200
1989-12-26,0,0.312627475,0.9345,217.04,1.86,-7.26,360
1989-12-27,0,0.237303667,0.9345,259.5,-1.55,-13.69,200
1989-12-28,1,0.292298584,0.9345,225.67,0.31,-9.23,301.32
1989-12-29,0,0.268443698,0.9345,264.72,2.53,-10.22,280
1989-12-30,0.98,0.40999551,0.9628,171.85,4.89,-1.75,540.33
1989-12-31,12.93,0.402292028,1.1327,176.52,9.46,-1,560
1990-1-1,20.43,0.445056712,2.4919,151.4,10.83,1,640
1990-1-2,0,0.365092998,3.4547,209.01,5.5,-4.48,440
1990-1-3,0,0.343702777,2.8317,242.66,8.94,-4.48,440
1990-1-4,0,0.338943344,2.1521,252.8,11,-4,440
1990-1-5,0,0.483506075,1.8123,198.54,11,1.63,690.01
1990-1-6,2.61,0.457245665,1.6707,146.86,7,-0.58,593.24
1990-1-7,0,0.374275249,1.5857,226.95,5.5,-5.5,400
1990-1-8,11.46,0.452662467,1.5008,97.11,3.72,-1.53,557.52
1990-1-9,0,0.444456116,1.7556,219.33,8.38,-2,520
1990-1-10,0,0.542493415,1.8406,182.54,10.5,2.48,720
1990-1-11,0,0.482365184,1.699,202.03,8,-1,560
1990-1-12,0,0.504377841,1.5574,173.01,7,-0.26,600
1990-1-13,0,0.455344036,1.4442,166.33,3.5,-3.28,480
1990-1-14,0,0.41136697,1.3309,236.45,4.26,-6.7,360
1990-1-15,0.03,0.522169344,1.2743,204.65,8.01,-0.81,575.52
1990-1-16,0,0.486547456,1.2459,274.27,14.25,-2,520
1990-1-17,0,0.55944541,1.2459,270.18,16.17,0.68,636.97
1990-1-18,0,0.781148279,1.2176,203.75,17.5,8.33,1106.68
1990-1-19,0,0.59954801,1.1893,255.93,13.1,0.55,640
1990-1-20,2.92,0.573926959,1.1893,110.9,5.83,0.36,629.08
1990-1-21,3,0.638515922,1.2459,163.42,10.62,1.36,668.72
1990-1-22,0,0.595455594,1.2459,247.09,9.48,-1.5,560
1990-1-23,0,0.604521989,1.1893,259.91,10,-1.89,528.5
1990-1-24,0,0.749234762,1.161,213.43,13,4.23,818.67
1990-1-25,18.47,0.811209246,1.3875,117.84,13.5,7.5,1040
1990-1-26,13.79,0.738545111,2.0671,201.93,14.05,1.5,680
1990-1-27,0,0.618513948,2.322,277.27,8.31,-4.15,440
1990-1-28,0,0.75642209,1.9539,277.02,13.5,0.72,639.46
1990-1-29,4.6,0.811624525,1.5857,155.85,12.07,4.14,811.24
1990-1-30,5.57,0.836051075,1.6424,179.15,13,3.5,800
1990-1-31,0,0.749071942,1.5857,298.85,12.03,-2.16,520
1990-2-1,0,0.739048799,1.4442,307.54,11.5,-3.61,471.47
1990-2-2,0,0.952497772,1.3592,252.89,15.26,4.92,873.45
1990-2-3,0,0.880350628,1.3309,204.65,11.5,4.18,814.1
1990-2-4,6.6,0.785600723,1.4725,123.11,7.66,2.24,720
1990-2-5,0,0.722399788,1.5574,270.9,5.59,-4.5,440
1990-2-6,0,0.864648252,1.4442,329.66,12.75,-3.35,480
1990-2-7,0,0.992802127,1.3309,292.03,14,1.88,710.2
1990-2-8,0,0.974731378,1.2743,321.39,14,-0.76,579.46
1990-2-9,0,1.153946904,1.2176,303.62,17.6,4.23,818.38
1990-2-10,10,1.146164558,1.3026,211.65,16,4.6,848.15
1990-2-11,0,0.926054644,1.5291,322.69,10,-4,440
1990-2-12,1,0.888206684,1.4442,250.16,7,-2,520
1990-2-13,0,1.000657896,1.3309,340.26,11.5,-4.17,440
1990-2-14,0,1.403854777,1.2743,310.27,20.24,6.5,960.25
1990-2-15,0,1.153370214,1.2176,214.5,12.95,5.5,920
1990-2-16,1.34,1.390718347,1.1893,283.85,18,7.13,1010.16
1990-2-17,0,1.292485035,1.1893,330.55,15.72,1.96,716.91
1990-2-18,0,0.947479049,1.1327,337.33,6,-7.22,360
1990-2-19,0,1.23321134,1.1327,295.82,12.54,1.62,689.64
1990-2-20,0,1.118632786,1.076,345.59,9.55,-4.43,440
1990-2-21,0,1.059123667,1.0477,372.75,8,-8.5,320
1990-2-22,1.06,1.412834599,1.0477,368.88,15.98,-0.85,577.04
1990-2-23,2.72,1.521030642,1.076,171.03,17.49,10.25,1260.33
1990-2-24,6.44,1.386534516,1.1327,237.59,13.19,1.26,660.83
1990-2-25,0,1.007189419,1.1327,298.77,3.74,-6.5,360
1990-2-26,0,0.786333459,1.0477,295.33,-2.5,-12.22,240
1990-2-27,0,1.016859765,1.0194,373.02,3.26,-11.18,265.97
1990-2-28,0,1.197257242,1.0194,324.37,6.81,-4.5,440
1990-3-1,0,1.159844036,1.0194,354.43,5.5,-7.45,360
1990-3-2,0,1.344326248,1.0194,315.07,9.09,-1.58,547.71
1990-3-3,2.55,1.437221212,1.1044,231.57,11.03,2.5,720
1990-3-4,0,1.259129775,1.1044,333.2,6.29,-4.74,440
1990-3-5,0,1.333906415,1.0477,380.61,7.33,-6.55,360
1990-3-6,0,1.339395344,1.0194,294.44,7.35,-2.01,520.04
1990-3-7,0,1.137787786,0.9911,340.83,2.41,-8.76,320
1990-3-8,0,1.375176088,0.9628,423.03,7,-10,280
1990-3-9,0,1.609322465,0.9628,391.86,10.66,-3.71,463.29
1990-3-10,1.93,1.764831853,0.9911,316.77,13.44,3.24,779.45
1990-3-11,0,2.137229903,0.9911,389.15,18.51,4,800
1990-3-12,0,2.708306382,0.9628,416.01,26.47,8,1080
1990-3-13,0,2.927357499,0.9345,402.89,28.53,10.98,1318.21
1990-3-14,0,2.77660536,0.9345,392.41,25.97,10,1240
1990-3-15,0,2.85141195,0.9061,420.81,26.59,8.1,1088.27
1990-3-16,0,2.720987812,0.9061,330.91,24.77,12.99,1479.41
1990-3-17,16.26,2.450052372,0.9345,204.05,21.92,13,1480
1990-3-18,25.68,2.24638417,1.7556,242.82,17.5,7,1000
1990-3-19,0,2.096824155,2.2087,369.74,14.24,2.06,720
1990-3-20,4.71,1.969046322,1.6707,244.2,12.53,2.57,725.28
1990-3-21,1.01,1.946254481,1.4442,361.51,11.31,0.03,602.36
1990-3-22,0,2.269982038,1.3026,443.65,14.98,-1.36,560
1990-3-23,0,2.652037141,1.161,380.01,20.25,7.58,1046.6
1990-3-24,7.22,2.153813798,1.1044,312.88,12.69,-1,560
1990-3-25,4,1.533973055,1.2176,181.49,5.5,-1,560
1990-3-26,0,2.026427232,1.3026,372.3,10.68,-0.39,599.6
1990-3-27,0,1.967612326,1.2176,419.59,8.98,-4.2,440
1990-3-28,0,2.083934304,1.1044,467.04,10,-6.46,363.15
1990-3-29,1.52,1.770770791,1.076,230.68,8.73,2.6,728.32
1990-3-30,7.8,1.358256962,1.2459,80.56,7,4.5,840
1990-3-31,8.79,1.447201129,1.699,98.57,7,3.9,800
1990-4-1,3.24,1.501848998,1.8406,100,7.98,4.92,873.43
1990-4-2,4,1.918687085,1.6707,162.1,11.14,5.89,920
1990-4-3,17,1.660590338,2.1804,106.97,10.23,7,1000
1990-4-4,3,1.707692389,2.6901,145.77,8.35,4,800
1990-4-5,0,2.506005312,2.2653,386.15,14.43,4.51,840.47
1990-4-6,5,2.343250592,1.699,274.91,12.5,3.5,800
1990-4-7,15.87,1.920904806,1.9255,245.47,7.38,0,600
1990-4-8,0,2.289862131,2.3503,448.06,9.97,-1.5,560
1990-4-9,0,2.829245912,2.0388,524.83,15,-2.67,506.52
1990-4-10,0,3.045027082,1.6424,439.31,18.5,6.69,975.57
1990-4-11,5,2.952341233,1.5008,323.06,17.5,6.5,960.04
1990-4-12,0,2.629807259,1.4725,487.82,12.5,-0.6,592
1990-4-13,0,2.492049323,1.3309,500.45,10.5,-3.03,482.92
1990-4-14,0,2.692856395,1.2459,506.06,12.5,-1.28,560
1990-4-15,18.07,2.630454282,1.6424,251.28,15.44,8.23,1098.38
1990-4-16,0,3.305267108,2.237,464.45,19.5,7.5,1040
1990-4-17,3.37,3.705718279,1.8689,387.18,22,6,920
1990-4-18,0,2.973284099,1.6424,509.5,14.5,0.5,640
1990-4-19,0,3.039337757,1.4725,535.34,14.5,-1.68,545.9
1990-4-20,0,3.190410094,1.3026,449.9,17.5,6.25,940.05
1990-4-21,8.75,2.82647419,1.2743,227.77,17.5,11,1320
1990-4-22,0,3.287773842,1.4442,445.81,18.4,7.68,1054.51
1990-4-23,0,4.24908656,1.3309,524.29,25.3,8.5,1120
1990-4-24,0,3.745823926,1.2176,483.04,21.44,8.44,1115.35
1990-4-25,0,3.790137888,1.161,497.59,21.26,7.45,1035.65
1990-4-26,0,4.948292272,1.1044,516.92,30.5,12.74,1417.06
1990-4-27,0,5.052315407,1.0477,524.32,30.97,12.54,1339.47
1990-4-28,0,5.009434415,0.9911,504.19,30.73,14,1492.27
1990-4-29,4.21,4.270211226,0.9628,347.12,25.23,11.99,1398.83
1990-4-30,5.03,3.335554984,1.076,263.83,19.01,10.5,1280
1990-5-1,0,4.04620384,1.0477,447.77,23,10.5,1280
1990-5-2,0,3.744452082,0.9628,353.4,22.5,13.4,1544.73
1990-5-3,0,3.187437519,0.9061,307.45,17.92,10.43,1274.72
1990-5-4,4.28,2.55195109,0.9061,158.11,14,9.13,1170.12
1990-5-5,24.45,4.035943072,1.3875,329.35,22.24,10.08,1246.44
1990-5-6,0,3.827735115,1.784,423.13,20.5,9.13,1170.11
1990-5-7,0,4.011108464,1.4158,485.37,20.5,6.2,936.12
1990-5-8,0,4.556838611,1.161,443.91,25.97,12.83,1466.59
1990-5-9,0,4.626702125,0.9911,442.68,26.5,13.5,1560
1990-5-10,25.19,3.656302114,1.161,224.44,22.04,14.5,1640.06
1990-5-11,27.88,3.642624959,2.86,285.11,19.13,9.5,1200
1990-5-12,0,3.782172118,3.1715,499.77,17.5,3.24,779.45
1990-5-13,3.88,3.586840637,2.237,251.42,19.91,11.79,1383.42
1990-5-14,0,3.970245655,1.7273,384.36,21.91,12.14,1411.16
1990-5-15,0,4.168752668,1.4725,471.78,21.14,8.01,1080.89
1990-5-16,0.59,4.407514409,1.3026,420.44,24.4,13,1480
1990-5-17,3.1,4.822623662,1.2459,316.53,27.75,15.93,1794.22
1990-5-18,0,4.809807191,1.2743,504.48,25.35,10,1240
1990-5-19,0,4.619549632,1.1327,513.75,23.5,8,1080
1990-5-20,0,4.167828116,1.0477,379.08,23.16,13.5,1560
1990-5-21,5.13,3.56721288,1.1044,259.8,18.33,10,1240
1990-5-22,0,3.226148954,1.1327,336.36,15.13,7.33,1026.59
1990-5-23,0,3.959077415,1.076,475.53,18.49,6,920
1990-5-24,0,3.782584535,1.0194,384.37,19.23,10,1240.25
1990-5-25,0,4.648711639,0.9911,521.83,23,7.53,1042.59
1990-5-26,21.55,3.547683655,1.2459,231.8,19.5,12.5,1440
1990-5-27,4.33,3.64835122,1.8123,268.15,19,11,1320
1990-5-28,0,4.196799579,1.5574,472.21,20.68,8.95,1156.3
1990-5-29,51.22,3.32435223,2.237,214.21,18.49,12.5,1440
1990-5-30,0,3.89575261,4.6723,402.08,20.02,10.97,1317.52
1990-5-31,0,4.630668068,4.1059,550.79,21.98,5.73,920
1990-6-1,0,5.045463968,2.9166,543.57,25.18,8.48,1118.42
1990-6-2,0,4.969512371,1.9822,436.01,27.51,16.02,1803.39
1990-6-3,0,4.506584931,1.5291,340.45,26.87,18.5,2120
1990-6-4,0,4.90386457,1.3592,430.59,27,15.75,1779.78
1990-6-5,0,4.517889987,1.2459,493.86,22.02,8.83,1146.38
1990-6-6,0,4.590137171,1.161,478.47,23,10.44,1275.03
1990-6-7,0,4.842491049,1.1044,412.26,27.01,16.5,1880.03
1990-6-8,0,4.944585692,1.0477,470.12,26,13.42,1546.85
1990-6-9,1.53,5.432014016,1.0194,428.52,30.71,18.82,2171.52
1990-6-10,0,5.150014928,0.9911,400.88,29.5,18.86,2178.25
1990-6-11,0.25,4.650613323,0.9345,411.6,25.03,14.5,1640
1990-6-12,0,4.960702025,0.9345,500.01,25.01,10.95,1316
1990-6-13,0,5.103647926,0.9061,536.27,25.03,8.48,1118.42
1990-6-14,2.4,4.038237368,0.8778,288.08,22.86,15.33,1746.53
1990-6-15,3.22,4.483805672,0.9061,319.46,23.96,14,1600.03
1990-6-16,0,4.874481243,0.8778,439.88,26,14.5,1640
1990-6-17,0,5.11417485,0.8495,479.01,26.72,13.5,1560
1990-6-18,12.37,4.881732963,0.8212,316.23,26.76,16,1800
1990-6-19,12.29,4.930558435,0.9345,307.45,27.49,17,1920
1990-6-20,0,4.914383527,1.1893,418.17,27.04,16.27,1842.87
1990-6-21,2.03,4.763274833,1.076,353.4,27.94,19.01,2201.18
1990-6-22,0,5.408331528,0.9628,438.04,30.09,18,2080
1990-6-23,3.5,5.018357245,0.9061,282.94,29.51,19.98,2318.42
1990-6-24,0,5.025437296,0.8495,429.42,27.63,16.42,1867.85
1990-6-25,0,4.821592568,0.8212,413.2,26.5,15.96,1796.91
1990-6-26,0,5.318663685,0.7646,486,28,14,1600.03
1990-6-27,0,5.261432225,0.7646,406.61,30,19,2200
1990-6-28,0,5.550321625,0.7362,421.13,31.5,19.5,2280
1990-6-29,0,5.728480023,0.7079,410.92,33,21,2480
1990-6-30,0,5.405864295,0.6796,363.37,32.5,22.45,2712.21
1990-7-1,0,5.458472271,0.6513,411.85,31.42,20,2320
1990-7-2,3.07,4.654184586,0.6796,321.46,25.65,15.51,1761.04
1990-7-3,0,5.441375345,0.7362,513.89,28.34,12.5,1440.03
1990-7-4,0,5.824758123,0.6796,424.35,33.5,20.9,2463.87
1990-7-5,15.49,6.182652649,0.6513,313.16,36,23,2800
1990-7-6,4.19,5.183183809,0.7079,295.59,30.13,19.45,2271.78
1990-7-7,0,4.47780773,0.7079,357.45,25.87,17,1920.06
1990-7-8,0,4.566379074,0.6796,367.6,26.39,17.21,1953.61
1990-7-9,0,5.501795153,0.6513,400.24,32.5,21.25,2519.31
1990-7-10,0,5.458690303,0.623,392.6,32.5,21.51,2562.04
1990-7-11,3.28,4.588350169,0.623,254.93,28.26,20,2320
1990-7-12,15.71,4.781101175,0.6796,283.68,28.23,18.61,2137.64
1990-7-13,21.52,4.050336616,0.9061,254.02,23.65,15.88,1790.89
1990-7-14,2.03,3.95535349,0.9061,291.98,24.69,17.98,2073
1990-7-15,0,4.326652336,0.8212,285.16,28.72,21.89,2622.03
1990-7-16,0,4.700047464,0.7362,345.61,29.5,21,2480
1990-7-17,0,4.98146942,0.6796,409.74,29.59,19.1,2215.53
1990-7-18,0,5.244133225,0.623,428.57,31,19.5,2280
1990-7-19,0,5.289279402,0.5947,401.5,32.27,21.5,2560
1990-7-20,0,5.388651851,0.5947,418.74,32.5,21,2480
1990-7-21,0,5.427224229,0.5663,428.61,32.5,20.5,2400
1990-7-22,0,4.995431583,0.538,384.08,30.98,21,2480
1990-7-23,0,5.152531891,0.538,375.79,32.5,22.48,2716.65
1990-7-24,14.35,4.686608252,0.7362,290.52,28.71,19,2200.06
1990-7-25,0,5.034125069,0.8212,433.46,30.01,18.35,2107.99
1990-7-26,0,4.836040234,0.6796,423.58,29,18,2080
1990-7-27,0,4.322052526,0.623,324.69,28.45,20.7,2431.99
1990-7-28,0,3.94662711,0.6513,285.45,26.99,20.5,2400
1990-7-29,0.49,3.930939417,0.6796,282.92,27,20.52,2402.71
1990-7-30,0,4.268317132,0.6513,356.3,27.5,19.22,2235.03
1990-7-31,6.07,4.836026564,0.623,335.76,29.22,17.5,2000
1990-8-1,0,4.769842646,0.623,457.76,28.5,16.4,1864.2
1990-8-2,0,4.898755727,0.5663,497.86,28.5,14.3,1623.92
1990-8-3,0,5.124598274,0.538,491.11,30.5,16,1800
1990-8-4,0,5.217722441,0.5097,474.98,31.76,17.75,2040.64
1990-8-5,0,4.452335334,0.4814,366.51,29.5,20.5,2400
1990-8-6,11.89,4.062306448,0.538,223.2,28.98,22,2640
1990-8-7,13.33,4.005307961,0.623,226.35,28.5,21.5,2560
1990-8-8,0,4.397962862,0.623,391.71,28.78,19.14,2222.35
1990-8-9,3.75,3.880932016,0.5947,258.31,27.5,20.5,2400
1990-8-10,23.45,3.797216407,0.7646,225.19,27.25,20.5,2400
1990-8-11,11.07,4.205539801,1.0194,267.96,29,20.5,2400
1990-8-12,0,4.623867521,1.0477,418.97,30.5,19.51,2280.89
1990-8-13,13.39,4.603405924,0.8778,312.41,30.5,19.45,2271.78
1990-8-14,8.92,4.27866949,0.8495,288.74,28.95,19.26,2241.12
1990-8-15,0,4.412530203,0.9061,438.79,28.56,16.74,1899.22
1990-8-16,0,4.316303386,0.7362,403.51,29,18.5,2120
1990-8-17,0,4.520948179,0.6513,433.15,30,18,2080
1990-8-18,0,4.481708286,0.5947,429.36,29.97,18.06,2084.45
1990-8-19,31.88,4.211988628,0.623,283.36,29.5,19.72,2297.59
1990-8-20,24.37,2.882143732,1.0477,170.41,22.04,17.17,1949.6
1990-8-21,4.14,2.620373426,1.161,152.27,20.2,16,1800
1990-8-22,9.19,2.456295928,1.3309,119.34,21.42,18.19,2095.51
1990-8-23,2,2.437216809,1.4158,154.42,22,18.9,2183.62
1990-8-24,0,2.829458825,1.0194,219.2,23.5,19,2200
1990-8-25,2.39,3.719253037,0.8495,338.29,27.2,18.5,2120
1990-8-26,0,4.181396239,0.7929,421.57,30,18.85,2175.43
1990-8-27,6.87,4.291168131,0.7362,312.6,31.5,20.47,2395.04
1990-8-28,0,4.345642603,0.7646,427.96,31.47,19.2,2231.22
1990-8-29,15.28,4.135770213,0.7079,305.55,30.5,19.33,2253.04
1990-8-30,6,3.945149356,1.0194,378.87,28.5,16.77,1901.66
1990-8-31,0,3.98178362,0.8778,468.22,28.02,13.85,1587.75
1990-9-1,0,3.97849725,0.7079,458.54,28.5,14.73,1677.39
1990-9-2,0,3.957647615,0.623,423.97,29.5,17.48,1996.83
1990-9-3,0,3.604771521,0.5947,372.56,28,18.51,2120.93
1990-9-4,0,3.478746448,0.5663,433.76,25.24,13.51,1560.59
1990-9-5,0,3.629866484,0.538,475.36,26,11,1320
1990-9-6,0,3.468715895,0.538,345.28,28,18.99,2198.73
1990-9-7,0,3.818759999,0.538,361.21,31.14,20.92,2466.51
1990-9-8,0,3.438313477,0.538,405.48,26.5,15.11,1728.6
1990-9-9,0,3.082343745,0.5097,426.1,22.4,10.45,1276.04
1990-9-10,0,3.401984872,0.5097,390.56,26.98,15.77,1781.7
1990-9-11,0,3.714658102,0.5097,434.13,29.48,15,1720
1990-9-12,0,3.501024159,0.4814,408.32,28.18,15.49,1759.3
1990-9-13,0,2.95814272,0.4814,284.37,26.01,18.5,2120
1990-9-14,7.9,2.951511441,0.5663,219.77,26,18.24,2099.22
1990-9-15,4.69,3.021496453,0.5947,235.44,26.5,18,2080
1990-9-16,0,3.012100909,0.538,428.07,24,10.7,1296.12
1990-9-17,5.04,2.597587705,0.5947,294.63,19.94,9.08,1166.76
1990-9-18,0,2.565017909,0.538,458.34,18.83,3.72,800
1990-9-19,0,2.543239624,0.538,431.62,19.21,5.63,920
1990-9-20,0,2.602723453,0.538,338.8,22,12.36,1428.76
1990-9-21,0,2.682187895,0.5097,413.62,22,8.29,1103.4
1990-9-22,20.63,2.307087974,0.623,193.26,20.5,13.3,1528.43
1990-9-23,0,2.380230254,0.8212,330.49,20,10.17,1253.27
1990-9-24,0,2.339934641,0.7079,378.09,19,6.94,995.03
1990-9-25,0,2.475610783,0.623,422.04,21,5.5,920
1990-9-26,1,2.487489493,0.5663,334.7,22.54,11.77,1381.21
1990-9-27,0,2.520304416,0.5663,358.31,23.07,11,1320
1990-9-28,0,2.567132124,0.538,369.88,24.03,11,1320
1990-9-29,0,2.535871635,0.5097,333.45,24.5,13.18,1509.27
1990-9-30,0,2.41338506,0.538,293.49,24,14.5,1640
1990-10-1,0,2.249007495,0.538,322.2,21.56,11.1,1327.62
1990-10-2,0,2.231165026,0.5097,357.7,21.33,9,1160
1990-10-3,0,2.201972425,0.4814,413.04,21.53,4.4,832.02
1990-10-4,7.49,2.354953319,0.4814,248.34,24.33,12.49,1439.08
1990-10-5,0,2.338169461,0.538,378.01,24.5,9.45,1196.11
1990-10-6,0,2.516343759,0.5097,351.76,27.5,13.36,1537.62
1990-10-7,0,2.512447317,0.4814,324.51,28,15.24,1739.17
1990-10-8,0,2.419055727,0.4814,258.52,28,18.47,2120.26
1990-10-9,0,2.32313142,0.4814,221.39,28,20,2320
1990-10-10,2.89,2.252490763,0.4531,185.52,27,18.39,2111.41
1990-10-11,0,2.179689186,0.4814,218.01,26.94,19.21,2233.92
1990-10-12,1,2.091511386,0.4814,242.29,25.5,16.98,1918.25
1990-10-13,0,2.201969173,0.4814,236.77,27.67,19,2200
1990-10-14,0,2.176087558,0.4814,248.17,27.5,18.23,2098.54
1990-10-15,0,2.106400837,0.4531,297.68,26.5,14.72,1675.03
1990-10-16,0,1.8014006,0.4531,364.84,23,6.33,946.16
1990-10-17,0,1.757256225,0.4531,362.94,23,5.98,920
1990-10-18,35.15,1.863436578,0.4814,213.23,24.24,12.98,1487.52
1990-10-19,0,1.546584231,0.9061,309.72,19,6.83,986.34
1990-10-20,0,1.389677471,0.8212,340.58,16.81,2.26,720
1990-10-21,0,1.430752905,0.7079,358.92,19.5,2,720
1990-10-22,0,1.619577483,0.6513,303.05,22.47,9.27,1181.46
1990-10-23,18.79,1.423827734,0.7646,103.77,20.5,15.35,1748.27
1990-10-24,0,1.443614002,1.3026,236.29,19.64,10.49,1279.11
1990-10-25,0,1.323360052,1.2459,298.04,18,5.5,920
1990-10-26,0,1.137949053,0.9061,208.32,13.56,6,920
1990-10-27,0,1.031363818,0.7929,307.83,12,-0.96,563.17
1990-10-28,0,1.098588505,0.7362,314.48,14.96,0.9,640
1990-10-29,0,1.018368989,0.6796,246.47,12,2.5,720
1990-10-30,0,0.988248094,0.6513,336.09,15.05,-2.44,520
1990-10-31,0,1.144650958,0.623,291.16,18,4.51,840.85
1990-11-1,0,1.206690811,0.623,279.5,20,6.93,994.56
1990-11-2,0,1.267734162,0.623,304.4,23.98,7.59,1047.14
1990-11-3,0,1.308154331,0.5947,291.69,25,9.36,1188.9
1990-11-4,0,1.196796362,0.5947,295.01,23.5,7.5,1040
1990-11-5,0,1.089532392,0.5947,298.68,22,5.5,920
1990-11-6,0,1.080235658,0.5947,235.01,18.92,8.1,1087.76
1990-11-7,0,0.82704949,0.5663,275.23,13.5,0.01,610.79
1990-11-8,0,0.785063381,0.5663,216.8,10.5,1,640
1990-11-9,0,0.703113487,0.5663,287.86,11.63,-3.68,465.85
1990-11-10,29.93,0.938433548,0.9345,175.98,17.88,6.23,938.67
1990-11-11,0,0.816618075,1.2743,167.65,12.5,5,880
1990-11-12,0,0.735883711,0.9628,180.85,10.38,2.22,720
1990-11-13,0,0.678648721,0.7929,173.7,8.5,0.73,640
1990-11-14,0,0.658787877,0.7362,213.19,9.52,-0.5,600
1990-11-15,0,0.669538349,0.7079,282.99,17.26,0,600
1990-11-16,0,0.732342683,0.6796,275.82,20.5,3.23,778.67
1990-11-17,0.2,0.756647457,0.6796,218.53,16.01,4.79,863.32
1990-11-18,0,0.60269493,0.6796,197.09,9,-0.41,600
1990-11-19,0,0.545882451,0.6513,238.38,9.45,-2.92,486.65
1990-11-20,0,0.554423367,0.6513,245.7,11.5,-1.76,539.45
1990-11-21,0,0.528198037,0.623,253.19,12,-2.24,520
1990-11-22,0,0.514357436,0.623,254.56,13.05,-2,520
1990-11-23,4,0.671270091,0.6513,102.81,12.43,5.75,920
1990-11-24,0,0.620657573,0.6513,168.17,12.05,3.7,800
1990-11-25,0,0.61138273,0.623,235.74,18.55,4.31,824.87
1990-11-26,0,0.564265522,0.623,236.96,17.5,3.05,763.77
1990-11-27,0,0.660315289,0.5947,195.73,17.52,6.63,970.32
1990-11-28,0,0.728354087,0.5947,191.46,20.31,9.36,1188.9
1990-11-29,4.3,0.559448627,0.623,178.22,20.3,4.93,874.38
1990-11-30,0,0.45282887,0.5947,188.92,8.12,-1.78,537.51
1990-12-1,0,0.380594444,0.5663,241.14,11.25,-3.68,465.97
1990-12-2,0,0.435054195,0.5663,228.07,13.44,-0.25,600
1990-12-3,3.61,0.479176081,0.5947,154.64,13.33,1.67,693.87
1990-12-4,13.46,0.497231018,0.7646,161.68,16.26,3.5,800
1990-12-5,0,0.435221586,0.7929,135.64,5,-1.5,560
1990-12-6,0,0.331155812,0.7362,236.23,9.29,-5,440
1990-12-7,0,0.37174789,0.7079,220.82,10.26,-2.5,520
1990-12-8,2.31,0.466588882,0.7079,131.92,8.5,1.25,659.77
1990-12-9,0,0.417151118,0.6796,179.34,8.5,-0.75,580.01
1990-12-10,0,0.437116278,0.6513,203.27,13.2,1.82,705.52
1990-12-11,0,0.346710816,0.6513,206.28,7.46,-3.92,446.01
1990-12-12,0,0.279135314,0.623,242.32,12.22,-4.15,440
1990-12-13,0,0.422950877,0.623,214.4,16.72,3.22,777.98
1990-12-14,0,0.294167871,0.623,230.23,11,-3.98,441.5
1990-12-15,14.81,0.293187092,0.7079,169.07,9.23,-4.92,434.72
1990-12-16,5.1,0.507262309,0.9628,84.55,10.08,4.38,830.32
1990-12-17,0,0.380961751,0.8495,185.51,9,-1.12,561.78
1990-12-18,6.24,0.407929981,0.8212,158.53,16,2.86,748.9
1990-12-19,0,0.424641826,0.8212,203.77,15.5,3.19,775.44
1990-12-20,0,0.359527173,0.7646,196.89,9.33,-1.78,537.59
1990-12-21,6,0.532297293,0.7646,108.77,13.91,6.26,941.29
1990-12-22,4.68,0.6563368,0.8495,73.6,16.5,11.5,1360
1990-12-23,3.57,0.681512877,0.8212,74.14,17.52,12.5,1440
1990-12-24,6.56,0.341030388,0.9061,175.76,16.52,1,640
1990-12-25,0,0.290004064,0.8495,205.65,2.91,-8.14,320
1990-12-26,0,0.294724844,0.7929,200.18,2.22,-8.22,320
1990-12-27,13.37,0.324259056,0.7646,147.05,1.88,-6.68,360
1990-12-28,19.78,0.415987812,1.1044,104.21,4.48,-1.25,559.97
1990-12-29,0,0.458302346,1.4158,166.74,8.44,1.44,675.07
1990-12-30,0.94,0.521757799,1.3875,223.91,17.77,6.13,940.35
1990-12-31,5.28,0.34041161,1.5008,196.72,17.02,0.3,623.85
1991-1-1,0,0.324304592,1.3592,227.45,5.79,-6.26,379.45
1991-1-2,0,0.413652749,1.1044,198.74,8.5,-1.25,559.72
1991-1-3,0,0.401977306,0.9911,195.45,6.86,-2.5,520
1991-1-4,0,0.37376919,0.9061,185.56,3.5,-5.01,438.86
1991-1-5,0,0.321493029,0.8495,240.99,5.26,-7.81,334.9
1991-1-6,2.47,0.462493956,0.8495,133.94,6.28,-0.38,598.32
1991-1-7,13.45,0.430714221,0.9628,127.41,5,-2.5,520
1991-1-8,7.53,0.375140914,0.9911,160.11,2.25,-6.36,376.06
1991-1-9,33.35,0.457618671,1.8406,125.22,4.74,-1.64,545.75
1991-1-10,0,0.466749509,3.3131,200.82,6.5,-1.5,560
1991-1-11,30.95,0.487775752,2.945,161.16,8.07,-0.72,582.23
1991-1-12,24.27,0.531554652,5.3802,165.59,12.12,1.32,665.82
1991-1-13,0,0.463848243,5.9465,167.99,4.24,-2.85,491.9
1991-1-14,0,0.389700652,4.2758,249.92,4.49,-8.07,320
1991-1-15,0,0.469070932,3.0582,257.28,10.48,-3.23,480
1991-1-16,20,0.556156761,2.5202,187.16,13.5,0.56,635.55
1991-1-17,0,0.630258169,3.2564,198.2,12.02,3.23,778.7
1991-1-18,0,0.529487046,3.0582,201.33,6.7,-1.94,525.01
1991-1-19,0,0.554655015,2.5202,240.91,9.74,-1.58,552.44
1991-1-20,0,0.660682158,2.0388,220.17,12.64,2.71,738.38
1991-1-21,7,0.547164295,1.8972,197.3,9.5,-3.37,480
1991-1-22,0,0.393935001,1.9822,248.06,-1.5,-12.37,240
1991-1-23,0,0.412533964,1.6424,288.85,1.85,-13.14,228.81
1991-1-24,0,0.578668235,1.5008,199.78,5.5,-2.48,519.36
1991-1-25,0,0.483826588,1.4442,264.01,2.5,-9.26,299.46
1991-1-26,0,0.464397535,1.3592,292.79,2.57,-12,240
1991-1-27,0,0.572225833,1.3026,272.9,6.05,-6.26,379.22
1991-1-28,0,0.67502039,1.3026,276.42,10.3,-2.5,520
1991-1-29,0,0.647738432,1.2743,300.43,10.23,-5.07,434.45
1991-1-30,0.45,0.807575251,1.2743,210.86,11.5,3.23,778.62
1991-1-31,1,0.758509479,1.3026,294.5,12.3,-1.76,538.84
1991-2-1,0,0.595327394,1.2459,284.92,3.79,-8.5,320
1991-2-2,0,0.744866205,1.161,309.39,11.11,-4.27,440
1991-2-3,0,0.885458767,1.161,311.87,16.23,-0.3,599.6
1991-2-4,0,0.913135474,1.1327,327.2,19,-0.84,572.91
1991-2-5,0,0.95495041,1.1044,329.64,20,-0.5,600
1991-2-6,1.54,1.02151331,1.1044,181.78,14.23,7,1000
1991-2-7,5.94,0.892934044,1.2176,83.12,10.5,6.5,960
1991-2-8,0,0.885076295,1.3309,209.31,9,1,640.03
1991-2-9,0,0.925844846,1.2176,283.84,10.66,-1.49,560
1991-2-10,0,0.924389423,1.1327,260.69,9.5,-1,560
1991-2-11,0,0.85494186,1.1044,236.58,6.5,-2.45,520
1991-2-12,0,0.719253795,1.0477,234.61,1.5,-7.14,360
1991-2-13,3.31,0.923902199,1.0194,229.12,8.22,-4.56,440
1991-2-14,7,1.142571746,1.2459,218.71,13.51,1.5,680.04
1991-2-15,0,0.932291933,1.2743,302.61,7.08,-4.98,440
1991-2-16,0,0.712682251,1.1327,241.84,-0.56,-9,320
1991-2-17,2.84,0.806198258,1.0477,246.96,1.99,-8.29,320
1991-2-18,2,0.977673186,1.076,225.44,6.7,-0.27,600
1991-2-19,7.98,1.234389419,1.2176,172.2,12.74,4.76,861.01
1991-2-20,1,1.455803109,1.4158,281.32,17.01,6.5,960.36
1991-2-21,0,1.264195982,1.3026,342.81,12.5,-1.49,558.32
1991-2-22,0,1.549510855,1.161,367.61,19,1.89,711.51
1991-2-23,0,1.205592299,1.076,346.73,9.86,-3.97,442.19
1991-2-24,0,1.154916398,1.0194,354.98,8.13,-6.07,386.68
1991-2-25,0,1.209422667,1.0194,245.8,9,0.9,647.22
1991-2-26,3.16,1.066062974,1.0477,144.6,5.89,0,600
1991-2-27,0,1.065934619,1.0194,270.56,4.5,-4,440
1991-2-28,0,1.337327624,0.9911,371.7,10,-4,440
1991-3-1,0,1.631394647,0.9628,374.73,15.5,0.69,636.11
1991-3-2,9.24,1.815577322,1.161,221.14,18.52,8.5,1120
1991-3-3,18.15,1.872534516,1.5857,223,19.01,9,1159.9
1991-3-4,31.67,1.710022291,5.1253,211.93,15.87,7,1000
1991-3-5,0,1.678374677,5.0687,372.68,14,1,640
1991-3-6,0,1.708081455,3.7378,389,14,0.26,620.55
1991-3-7,5.9,1.667240877,3.1149,232.07,13.5,4.49,839.38
1991-3-8,0,1.48329081,2.6335,362.69,8.98,-2.09,520
1991-3-9,0,1.406668171,2.0671,371.34,7,-4.5,440
1991-3-10,0,1.55620557,1.7273,390.75,9.25,-3.5,480
1991-3-11,0,1.456492074,1.5291,331.31,7.5,-2,520
1991-3-12,0,1.475934097,1.4158,381.64,7,-4.7,440
1991-3-13,0,1.419756335,1.3592,355.92,5.79,-4.52,440
1991-3-14,8.14,1.096804411,1.5574,97.39,3.88,0.77,640
1991-3-15,4.58,1.323762069,1.8406,160.81,5.79,0.5,640
1991-3-16,0,1.781368385,1.7273,409.49,10.5,-2,520
1991-3-17,0,1.979328793,1.5291,447.04,13,-2.54,516.99
1991-3-18,21.14,1.907187028,1.8972,240.56,13,4.36,829.07
1991-3-19,7.76,1.888417981,2.945,218.99,13,5.44,915.4
1991-3-20,0,2.024817611,2.5202,355.53,13.5,3.73,800
1991-3-21,0,2.059837469,1.9822,374.5,13.33,2.84,747.17
1991-3-22,0,1.97115071,1.6707,317.31,12.71,4.49,839.42
1991-3-23,11.22,1.716889785,1.7556,174.05,10.5,5,879.6
1991-3-24,13.99,2.193797575,2.5202,257.95,15.09,6.35,948.27
1991-3-25,0,2.162698885,2.3786,389.04,13.45,3.34,787.17
1991-3-26,0,2.138244142,1.9822,437.59,12,-0.12,600.09
1991-3-27,4,2.513966034,1.784,308.51,17.17,5.94,920
1991-3-28,0,3.170642631,1.7273,425.27,24.42,11.26,1340.55
1991-3-29,14.21,2.760760113,1.6424,308.26,19.5,7.92,1073.37
1991-3-30,11.47,2.109303155,2.322,304.42,10.73,0.33,626.3
1991-3-31,0,2.04362539,2.322,444.25,9,-2.8,496.41
1991-4-1,0,2.357606974,1.9539,474.85,12.42,-1.5,560
1991-4-2,0,2.327063867,1.6707,453.28,12,-0.47,600
1991-4-3,0,2.385384781,1.5008,484.34,12,-2.5,516.97
1991-4-4,0,2.625984687,1.4158,493.99,14.5,-1,560
1991-4-5,1.98,2.839974792,1.3592,435.72,17.65,5.64,920
1991-4-6,0,3.249819319,1.3875,433.3,22,9.55,1204.33
1991-4-7,0,3.852282807,1.3309,475.25,27,10.75,1299.91
1991-4-8,0,4.077393988,1.2459,475.21,28.77,11.99,1398.95
1991-4-9,0,3.94074482,1.2176,409.15,28.49,16.09,1814.6
1991-4-10,0,3.782149029,1.161,452.5,25.69,11.5,1360
1991-4-11,0,3.259584857,1.1044,480.35,19.53,4.73,858.7
1991-4-12,0,2.888994508,1.076,462.24,15.5,2.33,720
1991-4-13,13.27,2.570136789,1.1044,324.4,12,0.36,628.72
1991-4-14,10.14,1.991222095,1.6424,152.56,10,5.3,903.91
1991-4-15,6,2.322112999,1.699,193.04,12.73,6.74,979.22
1991-4-16,0,3.353117225,1.784,438.38,19.98,7.88,1070.1
1991-4-17,0,3.942338397,1.5291,486.3,24.48,8.87,1149.21
1991-4-18,0,2.816604693,1.3875,345.04,15.66,7.15,1012.04
1991-4-19,0,2.293397101,1.2743,281.46,10.71,4.24,819.22
1991-4-20,0,2.205731706,1.2176,248.67,10.5,4.95,875.91
1991-4-21,39.04,1.967614453,2.5202,135.84,9.8,5.93,920
1991-4-22,7.09,2.575699819,4.2475,240.79,12.79,5.43,914.72
1991-4-23,0,3.314390129,3.5679,483.44,17,3.46,796.97
1991-4-24,16.82,3.240446471,2.8317,310.99,17.48,6.92,993.8
1991-4-25,0,3.746815477,3.1149,474.3,20.97,7.5,1039.6
1991-4-26,0,3.977932768,2.6618,491.3,22.5,7.78,1062.49
1991-4-27,0,4.203228067,2.0388,482.14,24.48,9.94,1235.55
1991-4-28,0,3.651372273,1.699,388.58,21.49,11.5,1360
1991-4-29,0,2.799306331,1.5291,256.98,16.37,10.5,1280
1991-4-30,0.23,4.069657565,1.5008,453.51,23.44,10.9,1311.62
1991-5-1,0,4.186227068,1.4442,463.93,24.03,10.95,1316.26
1991-5-2,0,4.032508397,1.6707,453.09,22.73,10.38,1270.4
1991-5-3,4.27,3.69370677,1.6141,325.88,20,9,1160
1991-5-4,0,3.986497092,1.4158,518.91,20.5,5.17,893.93
1991-5-5,0,4.1136794,1.3026,514.21,21.51,6.28,942.44
1991-5-6,11.12,4.005051549,1.4442,295.13,23.5,13.53,1562.08
1991-5-7,9.58,4.07732992,1.8406,337.16,22.5,10.72,1297.53
1991-5-8,0,4.37353467,1.5857,527.78,23,6.94,995.55
1991-5-9,0,3.927806437,1.3875,425.71,21.53,10.91,1313.04
1991-5-10,0,4.224832468,1.3026,465.6,23,10.69,1294.91
1991-5-11,0,4.53864523,1.1893,541.83,23.59,6.5,960
1991-5-12,0,5.10560084,1.1044,511.05,28.58,12.48,1438.32
1991-5-13,0,5.161857274,1.0477,447.51,30.5,17.5,2000
1991-5-14,0,5.236400167,0.9911,437.37,31.07,18.22,2097.3
1991-5-15,0,5.070555111,0.9628,450.71,29.22,16,1800
1991-5-16,0,5.16060544,0.9345,507.94,28.27,12,1400
1991-5-17,0,5.084262625,0.9061,479.87,28.25,13.74,1579.22
1991-5-18,0,4.550545804,0.8778,446.12,24.72,12.39,1431.09
1991-5-19,0,3.561312671,0.8778,400.48,16.86,6.92,993.93
1991-5-20,0,4.164223802,0.8778,531.98,19.12,2.7,735.77
1991-5-21,0,4.710823989,0.8495,526.06,23.45,6.26,940.85
1991-5-22,0,5.229418065,0.8212,451.98,28.93,14.75,1679.55
1991-5-23,0,5.343232313,0.8212,442.96,29.88,15.92,1793.8
1991-5-24,0,5.354240018,0.7929,466.58,29.23,14.16,1612.79
1991-5-25,0,5.537881084,0.7646,423.69,31.52,18,2080
1991-5-26,0,5.342198885,0.7362,388.05,31.05,19.15,2224.72
1991-5-27,0,5.538443627,0.7362,411.37,31.74,18.83,2173.18
1991-5-28,0,5.368688344,0.7079,335.68,32.78,22.5,2720
1991-5-29,0,5.640358466,0.6796,443.86,31.31,16.84,1907.42
1991-5-30,0,5.865606412,0.6513,420.37,33.36,19.48,2277.1
1991-5-31,0,5.889370369,0.6513,381.5,34.5,22,2640
1991-6-1,0,5.776638227,0.623,405.93,33,19.85,2308.26
1991-6-2,0,5.283068161,0.623,405.53,29.4,16.94,1919.16
1991-6-3,0,4.602888562,0.623,302.58,27.55,19,2200
1991-6-4,4.26,4.332294382,0.6513,245.46,24.34,15.5,1760
1991-6-5,0,4.34207901,0.6513,404.1,21.92,10.83,1306.8
1991-6-6,0,4.36216363,0.623,444.05,21,8.5,1120
1991-6-7,0,5.025500683,0.623,522.84,24.5,7.5,1000
1991-6-8,0,5.490985839,0.5947,494.49,28.49,12.3,1357.38
1991-6-9,0,5.510400071,0.5663,463.15,29.27,14.48,1598.45
1991-6-10,0,5.933146802,0.5663,473.7,32,16.15,1744.47
1991-6-11,0,5.636966484,0.5663,393.06,32,19.75,2299.67
1991-6-12,0,5.3754258,0.538,380.4,30.53,19.08,2213.25
1991-6-13,0,5.361736912,0.5097,469.09,27.99,13.35,1468.39
1991-6-14,0,5.294591251,0.5097,510.39,26.5,9.84,1128.55
1991-6-15,0,5.872149327,0.5097,496.9,30.96,14.18,1479.66
1991-6-16,0,6.013873554,0.4814,390.97,34.5,21.83,2564.98
1991-6-17,4.98,5.913448766,0.4814,292.76,33.99,21.65,2578.11
1991-6-18,15.59,4.285442851,0.8212,216.8,24.87,17.02,1923.41
1991-6-19,6.74,2.726361093,0.9911,91.88,19.8,16.96,1916.91
1991-6-20,0,4.828210594,0.8212,349.65,27.67,18.11,2088.81
1991-6-21,0,5.822157021,0.6796,432.1,32.5,19.24,2125.22
1991-6-22,0,5.31326599,0.623,397.52,29.96,18.59,2078.51
1991-6-23,5.05,4.02662638,0.6513,230,22.59,15,1720
1991-6-24,0,4.714884471,0.6513,450.79,23.99,11.76,1301.39
1991-6-25,0,5.343617912,0.5947,502.53,27.5,12.27,1263.66
1991-6-26,0,5.326212532,0.5663,497.74,27.5,12.5,1282.2
1991-6-27,0,5.336392588,0.538,460.68,28.5,15,1536.77
1991-6-28,0,5.578301361,0.4814,436.83,31.03,18.21,1840.4
1991-6-29,0,6.122710779,0.4814,422.68,35.24,22.26,2279.58
1991-6-30,3.55,6.252470736,0.4531,357.43,35.5,21.5,2340.57
1991-7-1,1,5.368963372,0.4531,399.18,30.33,18.57,1921.05
1991-7-2,4,4.715081444,0.4814,255.15,27.58,18.5,2120
1991-7-3,2.83,4.092587309,0.5097,192.38,26.48,20.24,2358.45
1991-7-4,0,3.909733913,0.5097,240.24,25,19,2200
1991-7-5,0,3.483548918,0.538,185.25,24.34,19.86,2308.41
1991-7-6,0,4.359002028,0.5663,292.42,27.08,19.7,2296.2
1991-7-7,6.71,5.339264066,0.5663,287.76,31.63,21,2480
1991-7-8,5.94,5.837061276,0.5663,328.89,33.5,20.42,2351.87
1991-7-9,0,5.337049472,0.538,405.36,31.36,20.36,2228.93
1991-7-10,0,5.06608837,0.5097,417.86,29.12,18.17,1940.03
1991-7-11,0,5.079399888,0.4814,412.26,29.5,18.71,2013.07
1991-7-12,0,5.234830248,0.4248,448.85,29.64,17.47,1802.16
1991-7-13,29.35,4.574239091,0.4531,239.71,29,21.13,2500.09
1991-7-14,17.74,4.721584156,0.623,278.49,28.5,19.35,2256.53
1991-7-15,0,5.068339681,0.5947,446.82,29.01,17.41,1877.69
1991-7-16,0,5.589162637,0.5097,510.95,30.99,15.75,1589.83
1991-7-17,0,5.557050863,0.4531,486.15,31.53,17.5,1811.45
1991-7-18,0,5.5690475,0.4248,420.65,33.5,21.74,2461.76
1991-7-19,0,5.16717804,0.3964,344.24,33.06,23.76,2942.03
1991-7-20,0,5.682908822,0.3964,397.16,34.97,23.5,2787.14
1991-7-21,0,5.943104993,0.3681,415.27,36.5,24.33,2621.5
1991-7-22,0,5.592806596,0.3681,410.31,34.5,23.02,2408.06
1991-7-23,6.06,5.937251846,0.3681,313.02,36.25,23.5,2748.09
1991-7-24,7.05,5.51747961,0.3964,304.39,34,22.34,2540.09
1991-7-25,24.36,4.495231757,0.4814,238.49,29.5,21.5,2560
1991-7-26,13.22,4.416645638,0.6796,241.58,29,21.09,2494.96
1991-7-27,20.04,3.837104685,0.9911,215.05,25.5,19,2200
1991-7-28,21.76,4.257862679,1.2176,285.12,26,17,1921.71
1991-7-29,0.65,3.977469999,0.9628,319.01,26,18.79,2165.73
1991-7-30,0,4.023415471,0.6796,364.38,25,16.8,1903.93
1991-7-31,0,4.02201873,0.5663,319.11,27,19.86,2308.73
1991-8-1,0,4.753510483,0.5097,404.89,30.17,20,2320.11
1991-8-2,0,4.909338309,0.4531,382.54,32.15,22.26,2681.2
1991-8-3,0,4.922039038,0.4248,376.17,32.5,22.64,2742.61
1991-8-4,0,4.677378912,0.4248,347.96,31.66,22.75,2759.55
1991-8-5,0,4.796196704,0.3964,446.86,29.5,17.33,1930.75
1991-8-6,0,4.649709452,0.3964,447.12,28.5,16.5,1815.7
1991-8-7,0,4.811264404,0.3681,481.97,29,15.17,1626.54
1991-8-8,0,4.785268451,0.3681,461.04,29.5,16.52,1798.02
1991-8-9,18.49,3.531398508,0.4248,180.01,26.58,21.03,2484.15
1991-8-10,14.65,3.964268522,0.4814,231.79,28,20.64,2421.83
1991-8-11,0,4.3370011,0.4248,409.13,28,17.56,2009.23
1991-8-12,0,4.550710524,0.3964,435,29.11,17.29,1967.14
1991-8-13,0,4.736370153,0.3681,442.79,30.5,17.87,2053.97
1991-8-14,0,4.59501736,0.3681,416.36,30.32,18.86,2177.09
1991-8-15,18.82,3.882009823,0.5097,233.95,28.01,20.5,2400
1991-8-16,0,4.432311035,0.5663,419.01,29.5,18.29,2103.36
1991-8-17,0,4.46676378,0.4531,402.21,30.5,19.74,2299.22
1991-8-18,13.49,4.242958968,0.4248,279.61,30.21,21,2480
1991-8-19,39.53,4.305223552,0.7929,283.05,30.36,20.5,2400
1991-8-20,26.26,3.833653618,1.161,249.03,28,20,2320
1991-8-21,5.92,4.03835413,1.2743,285.06,28.5,18.94,2191.13
1991-8-22,0,4.231008982,0.9628,444.3,28.5,16.29,1845.78
1991-8-23,0,4.32796497,0.6513,443.69,29.55,17.02,1923.05
1991-8-24,0,4.181481777,0.5663,424.63,29,17.35,1976.07
1991-8-25,0,3.591073658,0.538,338.33,26.38,18.19,2094.17
1991-8-26,0,3.772115462,0.4814,394.85,26.51,16.31,1849.99
1991-8-27,0,4.161193412,0.4531,440.89,29,16.12,1819.5
1991-8-28,0,4.173177414,0.4248,390.97,30.6,19.5,2280
1991-8-29,0,4.4508777,0.4248,385.25,33.22,21.6,2575.97
1991-8-30,0,4.505185605,0.4248,397.59,33.5,21.03,2484.15
1991-8-31,0,4.366499482,0.3964,364.06,33.5,22.44,2709.74
1991-9-1,0,3.898587658,0.3964,453.29,27.5,13.22,1515.18
1991-9-2,0,3.395687946,0.3964,458.59,22.66,8.88,1150.54
1991-9-3,0,3.630383928,0.3964,478.09,25,8.96,1156.82
1991-9-4,0,3.710112733,0.3681,405.23,27.5,15.24,1739.22
1991-9-5,1,3.588903419,0.3681,333.22,28.5,18.97,2194.82
1991-9-6,0,3.549649222,0.3681,386.6,27,15.63,1770.78
1991-9-7,0,3.644891846,0.3681,420.82,27.5,14.25,1619.78
1991-9-8,0,3.898497504,0.3681,433.04,30,15,1720
1991-9-9,0,3.893057805,0.3681,420,30.44,15.8,1784.08
1991-9-10,0,3.680721946,0.3681,377.71,29.5,17.23,1956.76
1991-9-11,0,3.533405674,0.3681,330.08,29.5,19.22,2235.03
1991-9-12,0,3.318308742,0.3681,402.56,26,13,1483.34
1991-9-13,0,3.341667306,0.3681,448.46,26,9.74,1218.93
1991-9-14,19.58,2.940812398,0.3964,229.48,24.51,15.47,1757.73
1991-9-15,0,3.147378633,0.4248,352.51,26.09,14.98,1716.15
1991-9-16,0,3.4625173,0.3964,320.69,30.5,19.91,2312.9
1991-9-17,0,3.480156751,0.3681,275.37,32.2,23,2800
1991-9-18,1.07,3.327994859,0.3681,277.1,30.71,21.34,2535.08
1991-9-19,7.98,3.42535818,0.3964,287.64,30,16,1800
1991-9-20,10.03,2.702231378,0.4531,288.57,22,9.22,1177.77
1991-9-21,0,2.424076531,0.4531,383.97,18.71,6.24,939.45
1991-9-22,0,2.473433719,0.4248,416.67,19.5,4.75,860.33
1991-9-23,0,2.612860108,0.3964,385.07,22.1,8.76,1140.55
1991-9-24,5.75,2.473037736,0.3964,203.02,22.73,14.22,1617.59
1991-9-25,24.25,2.297024451,0.5097,146.67,23.23,17.2,1951.84
1991-9-26,26.85,2.417199239,1.0194,214.96,22.41,13.35,1535.51
1991-9-27,0,2.327534823,1.076,388.32,20,6.26,940.55
1991-9-28,0,2.196013413,0.7646,395.35,18.5,4.24,819.22
1991-9-29,0,2.411545184,0.5663,398.61,22.22,6.83,986.38
1991-9-30,0,2.263466854,0.5097,340.39,20.88,9.06,1164.58
1991-10-1,0,2.390251537,0.4814,381.98,23,8.25,1100.33
1991-10-2,0,2.429258257,0.4531,281,25.1,15.38,1750.28
1991-10-3,2.78,2.340703191,0.4531,203.49,25.11,16.78,1902.49
1991-10-4,0,2.487883706,0.4531,301.04,26.5,15.71,1776.64
1991-10-5,2,2.351938897,0.4248,276.69,25.47,15.8,1783.91
1991-10-6,1,2.201189587,0.4248,338.35,23,10.5,1280
1991-10-7,0,1.749515563,0.4248,346.26,15.96,3.74,800
1991-10-8,0,1.75961172,0.3964,379.71,16.77,2,720
1991-10-9,0,1.879024053,0.3964,371.85,19.5,4.71,857.09
1991-10-10,0,2.003681504,0.3964,358.24,22.18,7.71,1056.45
1991-10-11,0,1.905708526,0.3681,318.64,21,9.05,1163.82
1991-10-12,0,1.73011184,0.3964,353.24,18.54,4.48,838.48
1991-10-13,0,1.644229125,0.3681,333.43,17.38,4.72,857.3
1991-10-14,0,1.550702519,0.3681,363.67,16.5,1.24,659.22
1991-10-15,7.64,1.643690478,0.3681,216.7,18.53,7.76,1061
1991-10-16,0,1.599658061,0.3964,224.21,18.83,10.89,1310.96
1991-10-17,27.89,1.367632502,0.5663,152.79,14.73,7.83,1066.65
1991-10-18,9.93,1.613932073,0.7362,219.7,19.68,8.25,1099.77
1991-10-19,0,1.758344722,0.5663,338.63,23.83,8.26,1100.83
1991-10-20,0,1.436865699,0.4814,353.67,18.5,2,719.9
1991-10-21,0,1.273211939,0.4531,349.16,15.25,-0.73,581.99
1991-10-22,0,1.398223407,0.4531,343.19,19,2.68,734.5
1991-10-23,0,1.496036968,0.4248,328.13,21.5,5.89,920
1991-10-24,0,1.569856168,0.4248,294.49,22.81,9.41,1192.49
1991-10-25,0,1.529726003,0.4248,240.58,22,11.71,1376.82
1991-10-26,0,1.464052066,0.4248,208.22,21.22,12.5,1440
1991-10-27,0,1.490129884,0.4248,254.13,22.5,11.18,1334.14
1991-10-28,0,1.339540586,0.4248,236.82,19.67,9.6,1207.96
1991-10-29,0,1.106809039,0.3964,273.22,15,3.22,777.3
1991-10-30,0,1.093515795,0.5947,305.93,16.6,1.79,703.4
1991-10-31,0,1.145791249,0.5663,196.74,16.5,8.51,1120.49
1991-11-1,0,1.040752955,0.4814,116.72,15,10.5,1280
1991-11-2,0,1.227590215,0.4531,204.71,19.72,11,1320
1991-11-3,0,1.085067766,0.4248,255.17,17.5,6.02,921.76
1991-11-4,0,0.840447812,0.4248,179.56,9.5,2.44,720
1991-11-5,0,0.749969229,0.4248,263.98,8.27,-3.26,480
1991-11-6,0,0.735925614,0.4531,301.85,10.5,-4.74,440
1991-11-7,0,0.757495933,0.4531,304.19,12.89,-3.36,480
1991-11-8,0,0.782570298,0.4531,208.14,10.1,1.36,668.48
1991-11-9,0,0.722781517,0.4248,153,7.65,1.64,690.87
1991-11-10,7.41,0.746570735,0.5097,94.55,8.93,4.02,807.77
1991-11-11,10.24,0.743686943,0.6513,95.61,9.27,4.44,834.82
1991-11-12,0,0.7105273,0.5663,190.34,9.14,1.59,687.3
1991-11-13,2,0.724876865,0.538,179.97,10,2.98,758.17
1991-11-14,0,0.710731367,0.5097,261.6,13.21,1.01,640.42
1991-11-15,0,0.722744,0.5097,277.44,16.73,1.92,713.96
1991-11-16,0,0.827302635,0.4814,237.59,18,6.5,960
1991-11-17,0,0.600190918,0.4531,274.06,13,-1.7,543.85
1991-11-18,0,0.527577522,0.4531,279.68,11,-4.52,440
1991-11-19,0,0.67010741,0.4531,256.26,16.22,2.7,739.22
1991-11-20,0,0.829753453,0.4248,231.02,20.53,8.71,1136.41
1991-11-21,0,0.972002078,0.4248,179.01,22.5,14,1600
1991-11-22,4.43,0.922872662,0.4531,86.4,20.5,15.5,1760
1991-11-23,2.41,0.840411015,0.5663,140.88,18.55,12,1400
1991-11-24,0,0.668535372,0.538,232.67,16.91,5.5,920
1991-11-25,0,0.516664625,0.4814,229.16,9.92,-0.72,582.16
1991-11-26,0,0.45402669,0.4531,211.35,5.5,-3.72,462.49
1991-11-27,0,0.391122859,0.4531,253.55,6.12,-6.78,360
1991-11-28,0,0.431406581,0.4531,254.24,10.73,-2.98,488.33
1991-11-29,0,0.579635492,0.4531,237.58,17.43,4.77,861.32
1991-11-30,0,0.646914174,0.4531,230.15,20.53,7.73,1058.67
1991-12-1,13.19,0.786933677,0.538,89.3,18.98,13.5,1560
1991-12-2,17,0.643415077,0.7929,108.9,14.5,7.99,1079.37
1991-12-3,23.94,0.602816399,1.161,147.89,16.35,6.71,976.6
1991-12-4,19.11,0.395874621,1.5008,185.6,13.5,-1,560
1991-12-5,0,0.378305649,1.2459,170.78,2.5,-4.99,440
1991-12-6,0,0.395822675,0.8495,213.02,7.75,-2.63,509.25
1991-12-7,0,0.305597742,0.7362,257.2,12.25,-4.21,440
1991-12-8,0,0.402194973,0.6796,240.49,15.84,1.34,666.86
1991-12-9,0.04,0.558773256,0.6513,211.65,19.36,7.39,1030.89
1991-12-10,21.58,0.423722508,1.1893,168.91,15,2.07,720
1991-12-11,0,0.36765007,1.2176,222.51,11.5,-1.26,560
1991-12-12,0,0.371299814,0.8778,222.48,12.5,-0.5,600
1991-12-13,0,0.542313479,0.7929,182.49,16.9,6.88,990.11
1991-12-14,3,0.601262681,0.7929,110.75,16.53,8.88,1150.21
1991-12-15,0,0.376212462,0.7646,209.75,11.04,-0.61,590.93
1991-12-16,0,0.352817614,0.7079,152.09,2.5,-4.66,440
1991-12-17,0,0.319630315,0.6513,210.83,6.2,-5.04,436.51
1991-12-18,0,0.32235033,0.6513,214.16,7,-4.5,440
1991-12-19,0,0.286843107,0.623,200.09,1.23,-8.73,320
1991-12-20,0,0.272570378,0.5947,217.34,2.15,-9.27,298.7
1991-12-21,0,0.358990574,0.623,196.67,7.36,-2.63,509.83
1991-12-22,0,0.34660471,0.5947,209.75,8.79,-2.59,512.9
1991-12-23,1.27,0.351730331,0.5947,208.72,9.16,-2.25,520
1991-12-24,0.09,0.372441693,0.623,183.8,7,-2.28,520
1991-12-25,0,0.306186255,0.5947,221.82,6.98,-5.46,403.04
1991-12-26,0,0.277670422,0.5947,231.99,6.48,-7.26,360
1991-12-27,0,0.323588989,0.5663,219.93,8,-4.38,440
1991-12-28,0,0.289840432,0.5663,236.48,8.5,-5.84,400
1991-12-29,17.62,0.416962872,0.8212,158.11,13,1.26,660.83
1991-12-30,11.16,0.442044087,1.161,134.4,10,1,640
1991-12-31,0,0.341917911,0.8778,193.17,4,-5.72,400
1992-1-1,0,0.326277589,0.7362,227.97,5.83,-6.14,382.54
1992-1-2,0,0.372144857,0.7079,230.97,10,-2.5,520
1992-1-3,0,0.543133975,0.6796,171.16,13.01,4.93,874.38
1992-1-4,16.81,0.591129067,1.1044,90.09,12.05,6.76,980.83
1992-1-5,7.81,0.550063089,1.2176,102.18,10.5,4.5,840
1992-1-6,0,0.44094361,0.9061,204.17,8.69,-1.05,560
1992-1-7,0,0.447348416,0.7929,197.78,8,-1.22,560
1992-1-8,0,0.440105549,0.7362,204.03,7.5,-2.01,520
1992-1-9,0.04,0.449524297,0.7079,208,7.93,-1.84,534.8
1992-1-10,0.91,0.512661408,0.7079,189.6,9.59,1.02,641.2
1992-1-11,0,0.518404836,0.6796,143.75,7,0.98,640
1992-1-12,0,0.434455702,0.6513,234.87,7.49,-3.97,442.45
1992-1-13,0,0.550331919,0.6513,213.41,11.57,1.61,689.1
1992-1-14,1,0.576814816,0.6513,251.56,16.89,3,760
1992-1-15,0,0.451072658,0.623,237.5,6.5,-4.76,440
1992-1-16,0,0.40109797,0.623,194.26,0.05,-8,320
1992-1-17,0,0.382344723,0.5947,254.72,1.64,-10.55,280
1992-1-18,0,0.465138072,0.5947,192.73,2.74,-5.15,427.97
1992-1-19,0,0.358449568,0.5947,250.01,-1.9,-13.21,223.54
1992-1-20,0,0.37382931,0.5663,279.33,0.79,-13.5,200
1992-1-21,0,0.485656133,0.5663,256.38,5.24,-6.59,360
1992-1-22,0,0.491809934,0.5947,265.86,5.5,-7.04,360
1992-1-23,8,0.675498521,0.6513,183.92,12.48,1.29,663.36
1992-1-24,8.03,0.655019544,0.8212,201.41,12.5,-0.5,600
1992-1-25,0,0.519717114,0.6796,217.22,2.5,-6.06,395.58
1992-1-26,1.47,0.495625676,0.623,219.74,0.33,-7.14,360
1992-1-27,0,0.494243074,0.5947,317.75,2.68,-10.56,280
1992-1-28,0,0.612635279,0.5947,281.83,6.16,-4.36,440
1992-1-29,0,0.63627018,0.5663,290.49,7.5,-4.64,440
1992-1-30,0,0.655918888,0.5663,312.16,8.85,-5.16,427.41
1992-1-31,0,0.727239282,0.5663,242.7,8.5,-0.99,560.55
1992-2-1,0,0.665725572,0.623,219.85,5,-2.97,482.44
1992-2-2,0,0.625360411,0.5947,261.41,3.5,-6.5,360
1992-2-3,0,0.700625629,0.5947,262.99,6,-4.24,440
1992-2-4,0,0.702006519,0.5947,299.09,6.55,-6.37,370.79
1992-2-5,0,0.736910226,0.5947,255.36,6,-3.69,465.15
1992-2-6,0,0.680273105,0.5947,280.67,3.71,-7.27,360
1992-2-7,0,0.763822661,0.5663,270.98,6,-4.38,440
1992-2-8,2,0.737451759,0.538,185.14,4,-2.2,520
1992-2-9,0,0.656365897,0.5097,206.11,0.6,-6.22,382.49
1992-2-10,0,0.629691166,0.4814,307.24,-0.15,-12.13,240
1992-2-11,0,0.830809381,0.4814,345.43,7.83,-8.46,320
1992-2-12,0,0.83013959,0.4814,343.16,6.85,-8.79,320
1992-2-13,1.74,0.682643312,0.4814,256.13,-0.24,-8.45,320
1992-2-14,2,0.911978707,0.5097,298.51,6.69,-3,480.25
1992-2-15,16.99,1.047161659,0.5947,242.45,10.46,-2.13,520
1992-2-16,14.83,1.171539331,1.3309,176.52,12.78,4.75,860.33
1992-2-17,0,1.079040872,1.076,319.97,10.01,-2.24,520
1992-2-18,6.46,1.062187236,0.9628,165.99,9,1.86,708.75
1992-2-19,2,1.116136495,0.9911,176.12,10.72,5.31,905.08
1992-2-20,0,1.148874144,0.8495,252.99,10.07,2.12,720
1992-2-21,0,1.212843583,0.7646,339.42,11,-1.3,559.6
1992-2-22,0,1.293772524,0.7362,359.65,12.55,-1.37,555.55
1992-2-23,0,1.495996831,0.6796,363.74,16.5,1.9,704.42
1992-2-24,3.9,1.325441387,0.7079,199.05,12.18,3.91,800
1992-2-25,3.2,0.966691645,0.7362,85.68,6.21,3.13,770.09
1992-2-26,20.55,0.951552379,1.161,87.2,5.5,2.5,720
1992-2-27,0,1.242975673,1.2459,322.96,8.45,-1.4,560
1992-2-28,0,1.451675359,0.9911,342.6,12.36,1.44,675.03
1992-2-29,0,1.494025033,0.8495,407.25,13,-3.21,480.09
1992-3-1,0,1.459862964,0.7929,425.4,12.34,-6.85,360
1992-3-2,0,1.46371442,0.7646,349.59,11.01,-0.15,600
1992-3-3,0,1.182114682,0.7646,172.54,7.5,3,760
1992-3-4,0,1.267390686,0.7646,240.6,7.5,1.14,651.34
1992-3-5,0,1.543234942,0.7362,375.31,11,-0.8,576.12
1992-3-6,1.81,1.364019752,0.7362,184.33,10,4.96,876.91
1992-3-7,12.93,1.599256694,0.9911,193.72,13,6.26,941.06
1992-3-8,9.86,1.877381803,1.2459,237.03,16.5,7.73,1058.09
1992-3-9,0,1.96759091,0.9911,329.18,17.32,8,1080
1992-3-10,0,1.868580881,0.9061,321.15,15.36,6.55,963.78
1992-3-11,10.49,1.9194314,1.2459,319.97,14.49,0,600
1992-3-12,0,1.506258995,1.161,387.18,7.28,-3.55,476.11
1992-3-13,0,1.344357703,1.0194,366.92,4.19,-5.29,417.04
1992-3-14,0,1.416414768,0.9345,410.49,4.75,-6.76,360
1992-3-15,0,1.350411275,0.8778,348.43,3.86,-4.78,440
1992-3-16,0.37,1.282884514,0.8495,394.65,1.85,-8.17,320
1992-3-17,0,1.820506891,0.8212,481.81,10.13,-6.75,360
1992-3-18,0,1.821648163,0.7929,384.24,10.5,0.41,632.5
1992-3-19,17.84,1.396860843,1.2743,182.07,5.45,0,600.09
1992-3-20,7.72,1.512571146,1.4725,249.89,5.45,-2.48,520
1992-3-21,0,1.657743518,1.1327,408.24,6.5,-4.24,440
1992-3-22,0,1.613350285,0.9911,407.73,5.5,-5,440
1992-3-23,1.7,1.465450993,1.1044,267.84,4.77,-1.48,557.52
1992-3-24,0,1.746118571,0.9628,456.15,6.5,-6.02,398.07
1992-3-25,0,2.050093234,0.8495,462.28,10.5,-2.79,498.67
1992-3-26,12.47,2.014987638,0.8778,230.34,12.49,5.41,912.9
1992-3-27,15.88,2.061880415,1.2743,240.07,12.5,5,880.03
1992-3-28,0,1.868000248,1.1327,310.5,9.5,2.5,720
1992-3-29,0,2.183312704,0.9628,410.78,11.82,1.5,680
1992-3-30,0,2.306972769,0.8778,389.82,13.73,4.36,828.75
1992-3-31,3,2.487548286,0.8495,326.23,15,4,800
1992-4-1,1.97,2.571811931,0.8212,506.29,14.5,-1.5,560
1992-4-2,0.02,2.341857525,0.7929,456.75,12,0,600
1992-4-3,0,1.986334598,0.7646,395.57,8,-1.15,560
1992-4-4,0,2.233254982,0.7362,459.58,10,-1.82,534.5
1992-4-5,0,2.436684981,0.7079,471.14,12.03,-0.74,580.55
1992-4-6,0,2.680812427,0.7079,479.23,14.5,0.91,640
1992-4-7,0,2.824925551,0.7079,469.28,16.01,2.82,745.78
1992-4-8,0,3.264329958,0.6796,500.02,20,3.87,799.45
1992-4-9,0,3.154752679,0.7646,509.07,18.36,1.63,690.37
1992-4-10,4.35,3.348691356,0.8495,361.68,20.5,5.67,918.32
1992-4-11,5,3.39938504,0.9628,341.61,21.24,8,1080
1992-4-12,0,3.31971109,0.8778,462.81,19.94,6.46,956.82
1992-4-13,0,2.764399478,0.7362,473.15,13.46,0.21,616.67
1992-4-14,0,2.490812271,0.6513,415.41,11.01,0.5,640
1992-4-15,0,2.669266729,0.6513,438.03,12.46,1,640
1992-4-16,5,2.435710571,0.6513,258.3,11.5,3.5,800
1992-4-17,3,3.923912028,0.7079,374.37,23.87,7.85,1068.17
1992-4-18,3.88,3.655730825,0.6796,367.74,21.11,6,920
1992-4-19,9,1.771903284,0.8212,105.44,8.99,6,920
1992-4-20,1,2.633616893,0.8212,314.54,13.82,6.5,960
1992-4-21,0,3.538565112,0.9061,424.16,20.78,9.5,1200
1992-4-22,4,3.527504963,0.7929,256.46,22.7,14,1600
1992-4-23,3.35,4.024806128,0.8212,332.43,24.5,11.93,1394.72
1992-4-24,0,4.274577332,0.7362,468.83,25.91,11.87,1385.49
1992-4-25,3.09,3.898340712,0.7362,367.73,22,8,1080
1992-4-26,0.49,2.688457716,0.7079,320.35,13,5.5,920
1992-4-27,4.85,2.867158428,0.7079,279.29,13.5,4.48,838.3
1992-4-28,0,3.10934488,0.7362,443.55,14.35,2.82,745.85
1992-4-29,0,3.240842825,0.6796,477.14,14.83,1.75,700.04
1992-4-30,0,3.444496867,0.6513,505.01,16.11,1.36,668.42
1992-5-1,0,3.558110689,0.6513,403.14,19.26,8.88,1150.11
1992-5-2,0.45,4.466132405,0.5663,465.45,25.82,12,1400
1992-5-3,0,4.402024093,0.623,409.66,26.5,15,1720
1992-5-4,0,3.895795649,0.5663,456.25,20.6,8,1080
1992-5-5,0,3.160998917,0.538,427.82,14,3.2,776.21
1992-5-6,0,2.899453271,0.538,360.78,12.72,4.24,819.22
1992-5-7,0,2.71570652,0.538,306.34,12.13,5.25,899.77
1992-5-8,22.87,2.673739024,1.2743,201.86,12.99,7.16,1012.87
1992-5-9,19.51,3.106637292,2.4352,237.71,16.46,9.5,1200
1992-5-10,6.02,3.429005659,1.8406,276.59,18.29,10.03,1242.45
1992-5-11,0,3.790290391,1.3026,451.71,19.4,8.5,1120
1992-5-12,0,3.983065311,1.0477,505.08,19.65,6.39,951.02
1992-5-13,0,3.918906684,0.9628,434.84,20.84,10.5,1280
1992-5-14,0,4.521539263,0.9061,484.66,24.52,11.6,1367.62
1992-5-15,0,4.087557564,0.8495,452.71,21.58,10.5,1280
1992-5-16,2.04,3.183915545,0.8495,298.72,17.36,11,1320
1992-5-17,0,3.30524155,0.8212,345.65,17.24,10,1240
1992-5-18,0,4.696200773,0.7929,528.58,24.41,9.5,1158.75
1992-5-19,0,4.130011786,0.7362,454.52,21.5,10.5,1280
1992-5-20,0,4.431754578,0.7079,565.82,20.96,3.19,740.41
1992-5-21,0,4.835063425,0.6796,598.78,26.89,0.09,560.34
1992-5-22,0,5.798876869,0.6513,565.54,31,9.01,1047.64
1992-5-23,0,5.945416116,0.623,538.62,32.35,12.86,1361.46
1992-5-24,0,6.075174365,0.5947,544.42,33,12.5,1317.28
1992-5-25,4.25,4.878399115,0.623,394.64,24.38,7.66,1052.91
1992-5-26,4,2.861511852,0.6513,197.8,12.9,6.84,986.89
1992-5-27,3.05,3.559005986,0.6796,283.56,16.5,7.22,1017.3
1992-5-28,0,4.394086252,0.6513,515.37,20.5,5.26,850.08
1992-5-29,0,4.682847064,0.623,525.94,22.5,6.24,895.02
1992-5-30,1.77,4.135509427,0.5947,438.96,19.9,8.24,1099.45
1992-5-31,20.14,3.123611258,0.9345,153.36,18.58,13.78,1582.21
1992-6-1,12.31,4.095358203,1.5008,271.54,21.84,12.81,1464.68
1992-6-2,0,4.177542331,1.076,379.83,21.99,12.45,1436.13
1992-6-3,0,4.720346996,0.9061,449.22,24.5,12.24,1419.22
1992-6-4,0,4.791597833,0.7929,474.27,24.3,10.92,1313.14
1992-6-5,39.4,3.516573275,1.2176,183.13,20.77,15,1719.75
1992-6-6,28.89,4.01726747,2.9166,211.57,23.96,17,1920
1992-6-7,0,5.037032272,2.5485,417.3,27.61,16,1800
1992-6-8,0,5.239728071,1.6141,370.54,30.5,20,2320
1992-6-9,1,4.815733805,1.1893,346.77,28.01,18.64,2142.01
1992-6-10,0,4.672376432,0.9911,405.21,24.88,14,1600
1992-6-11,0,4.901705195,0.9061,468.17,24.9,11.5,1360
1992-6-12,0,5.232961857,0.8212,499.71,26.53,11.08,1326.58
1992-6-13,0,5.253891048,0.7646,481.15,27.1,12.5,1440
1992-6-14,0,5.018625602,0.7362,421.57,26.89,14.93,1708.64
1992-6-15,0,5.423725216,0.7079,454.46,28.88,15,1720
1992-6-16,0,5.01063724,0.6796,420.14,26.63,14.48,1638.07
1992-6-17,0,4.925266154,0.6513,458.47,24.95,11.5,1360
1992-6-18,0,5.047190946,0.623,471.81,25.5,11.24,1339.22
1992-6-19,4.64,4.029034116,0.6796,190.79,24.56,17.98,2076.83
1992-6-20,4.72,4.565123826,0.7646,262.03,25.84,16.79,1903.32
1992-6-21,0,4.722587406,0.6796,456.92,24,11.73,1378.07
1992-6-22,0,4.227438025,0.6513,448.82,20.27,8.97,1157.52
1992-6-23,0,4.628725062,0.623,526.9,21.66,6.66,973
1992-6-24,2.5,4.596442842,0.5947,354.36,25,15,1720
1992-6-25,4.85,4.932016173,0.5947,317.48,27,15.95,1795.95
1992-6-26,0,4.817976138,0.5947,410.45,26.5,15.94,1795.03
1992-6-27,0,4.866410829,0.5663,396.35,27.5,17.4,1983.34
1992-6-28,0,5.203272762,0.5663,466.3,28,15.26,1709.24
1992-6-29,0,5.391305722,0.538,504.79,28.29,13.5,1493.02
1992-6-30,0,5.327889925,0.5097,445.04,29.41,17,1918.61
1992-7-1,0,5.47128084,0.5097,409.49,31.5,20,2320.57
1992-7-2,0,5.007882828,0.4814,414.06,27.96,16.89,1911.33
1992-7-3,0,4.562350688,0.4814,429.9,24,12.97,1477.52
1992-7-4,22.44,4.419173029,0.7362,254.27,26,17.7,2032.39
1992-7-5,0,5.150897522,0.6796,456.68,27.92,15.14,1731.27
1992-7-6,2.75,4.532818571,0.5947,272.86,26.99,18.5,2120
1992-7-7,0,4.774365726,0.5663,410.15,26.5,15.74,1779.22
1992-7-8,0,5.285746619,0.538,483.36,28.29,13.98,1596.32
1992-7-9,0.71,5.551953924,0.5097,396.3,32.14,19.99,2319.21
1992-7-10,0,5.745682922,0.4814,420.68,33.34,20.64,2421.9
1992-7-11,7.64,5.429702798,0.7646,287.59,32.73,22,2639.81
1992-7-12,0,5.211220627,0.623,384.97,31,20.33,2372.76
1992-7-13,0,4.979881257,0.538,315.18,32,23.5,2880
1992-7-14,0,5.800368565,0.4814,411.76,34.5,22.17,2666.87
1992-7-15,9.79,5.771404223,0.4814,299.7,34.78,22.89,2782.16
1992-7-16,7.57,5.039589189,0.623,293.49,30.05,19.5,2280
1992-7-17,0,4.694337837,0.5663,348.9,29.03,20.11,2336.99
1992-7-18,0,4.88357193,0.5097,355.27,30.5,21.25,2519.55
1992-7-19,12.25,4.926047533,0.5097,300.13,29.5,19.04,2206.37
1992-7-20,0,4.889494465,0.5663,391.82,29.39,19.01,2200.87
1992-7-21,0,5.355844095,0.5097,406.05,32.5,21,2480
1992-7-22,0,4.414314115,0.4814,334.75,27.82,19.5,2280
1992-7-23,22.04,3.949540731,0.538,211.81,26.11,19.5,2280
1992-7-24,16.76,3.584210037,0.7079,196.56,23.62,17.77,2042.41
1992-7-25,4.63,3.31604461,0.7362,180.84,22,16.8,1903.91
1992-7-26,2.85,3.957090273,0.6796,278.14,24.78,17.21,1953.46
1992-7-27,6.07,4.1319062,0.6796,225.26,28,21,2480
1992-7-28,0,4.540020796,0.623,414.25,27.5,17.26,1961.11
1992-7-29,0,4.968232585,0.538,497.68,28.5,14.26,1620.55
1992-7-30,0,4.77084084,0.5097,419.44,29.51,18.75,2160
1992-7-31,13.39,4.389557417,0.5097,265.33,28.87,20.42,2386.86
1992-8-1,14.37,4.631821345,0.623,333.76,27.95,16.5,1880
1992-8-2,0,4.633402786,0.5663,481.69,27,13.97,1597.76
1992-8-3,0,4.552095772,0.5097,429.48,28,17,1920
1992-8-4,0,4.477134119,0.4814,401.21,28.5,18.5,2120
1992-8-5,0,4.710884582,0.4531,500.54,27.5,12.92,1473.61
1992-8-6,0,4.494835062,0.4531,479.87,26.45,13.21,1513.5
1992-8-7,0,4.502493401,0.4248,486.33,26.52,12.87,1469.85
1992-8-8,0,4.588621817,0.4248,482.39,27.5,13.76,1580.6
1992-8-9,2,4.489526202,0.4248,386.8,29.71,19.69,2294.89
1992-8-10,0,4.773621208,0.3964,432.06,30.74,18.67,2147.3
1992-8-11,8.06,4.880307333,0.3964,316.49,32,20,2320
1992-8-12,0,4.581852786,0.4248,415.4,30,18.61,2138.59
1992-8-13,0,3.794938907,0.4248,352.5,25.31,16.86,1908.57
1992-8-14,13.87,3.22129232,0.538,199.28,23,17.11,1937.76
1992-8-15,30.98,2.771677338,0.7929,147.25,21.5,17.34,1974.4
1992-8-16,16.14,3.110540818,1.2176,191.94,22.81,17.27,1962.46
1992-8-17,47.08,2.89146478,1.8406,156.12,23.01,18.58,2133.46
1992-8-18,29.84,3.430600218,7.1642,219.34,25.5,19,2200
1992-8-19,0,3.862974711,6.1448,361.18,27.5,18.92,2187.48
1992-8-20,0,3.985515772,3.7378,435.63,26.5,15.39,1750.96
1992-8-21,0,4.043455217,2.2653,477.22,26,12.66,1452.53
1992-8-22,0,4.155703632,1.5008,482.64,27,12.71,1456.75
1992-8-23,0,4.175923383,1.161,461.88,27.86,14.36,1628.73
1992-8-24,0,4.141694998,0.9061,463.67,27.66,13.75,1579.78
1992-8-25,0,4.236035589,0.7646,429.26,29.5,16.79,1902.89
1992-8-26,0,4.196795304,0.7646,367.51,31,20.48,2396.52
1992-8-27,0,4.295293122,0.8212,391.39,31.38,19.71,2296.62
1992-8-28,0,3.754312088,1.0194,311.21,29.37,21.05,2487.73
1992-8-29,0.02,3.733259281,0.8778,406.97,26.5,15.14,1731.28
1992-8-30,0,3.626296908,0.7646,452.96,24.57,11.07,1325.23
1992-8-31,0,3.798972572,0.7079,410.41,27.5,15.5,1760
1992-9-1,0,3.756429625,0.6513,449.52,26.5,12.52,1441.69
1992-9-2,0,3.464021536,0.623,398.61,25,13.76,1580.41
1992-9-3,17.53,3.300148809,0.7646,216.38,26.89,19.23,2236.16
1992-9-4,9,3.58492403,0.9345,243.43,29,20,2320
1992-9-5,0,2.82430473,0.8778,212.54,25.5,20.21,2353.34
1992-9-6,2.04,2.29812186,0.8495,150.11,22.43,18.93,2188.64
1992-9-7,5,2.547429685,0.9345,145,23.89,19.39,2263.03
1992-9-8,0,2.998088141,0.9628,266.48,26.55,20.03,2324.09
1992-9-9,0,3.13624777,0.8495,280.04,28,21,2480
1992-9-10,5.19,3.171388216,0.7646,215.35,28.5,21.28,2524.75
1992-9-11,10.39,3.221956161,0.7362,270.46,26.96,17.56,2008.8
1992-9-12,0,3.054119719,0.6796,434.23,23.49,11.05,1324.32
1992-9-13,0,2.972728032,0.6513,443.09,22.66,9.46,1196.75
1992-9-14,0,2.990377396,0.6513,445.88,23.11,9.1,1168.33
1992-9-15,0,3.021462002,0.623,433.39,24,10.25,1260.33
1992-9-16,0,3.131548433,0.623,408.7,25.99,13,1480
1992-9-17,0,3.190369578,0.623,374.84,27.58,15.8,1783.93
1992-9-18,0,3.155451614,0.5947,318.58,28.82,19.14,2222.83
1992-9-19,1,2.915481965,0.5947,311.9,26.64,17.5,2000
1992-9-20,0,2.816301984,0.5947,406.97,23.86,10.64,1290.99
1992-9-21,0,2.705038022,0.5947,346.22,24,13.82,1585.26
1992-9-22,0,2.65624873,0.5947,241.59,26.92,20.13,2341.08
1992-9-23,6,2.735754957,0.5947,292.82,24.44,12,1400
1992-9-24,0,2.201735632,0.623,363.23,18,7.77,1061.78
1992-9-25,38.45,1.960396221,1.1327,176.14,17.82,11.9,1392.39
1992-9-26,39.05,2.179855572,2.6335,188.97,21.35,14.77,1683.13
1992-9-27,2,2.375356672,2.6618,299.99,23.23,14.88,1700
1992-9-28,6.58,2.147466464,1.784,171.57,22.5,16.5,1880
1992-9-29,3.14,2.125188414,1.4442,244.49,19.82,10.93,1314.15
1992-9-30,0,1.966891313,1.1044,408.62,16.5,3.55,794.01
1992-10-1,0,1.906534979,0.9345,408.04,16,2.95,756.13
1992-10-2,0,2.081051659,0.8495,421.84,19.43,3.99,801.99
1992-10-3,0,2.276050082,0.7929,383.18,23,9.85,1227.93
1992-10-4,0,2.122743586,0.7362,333.99,21.67,11.4,1351.93
1992-10-5,0,1.806714173,0.7362,323.01,17,7.5,1040
1992-10-6,0,1.725286651,0.6796,372.23,15.51,3.2,776.35
1992-10-7,0,1.807448362,0.6796,403.89,17.8,1.78,702.66
1992-10-8,0,1.911893475,0.6796,393.16,20.25,4.27,821.21
1992-10-9,2.79,1.95731815,0.6513,246.83,21.54,11.18,1334.41
1992-10-10,2.44,2.022723472,0.6796,266.85,23.13,12.53,1442.21
1992-10-11,0.29,1.843512371,0.6513,319.72,20.5,9,1160
1992-10-12,0,1.711032215,0.6513,300.06,18.74,8.35,1107.71
1992-10-13,0,1.734460404,0.6513,328.66,19.66,7.5,1040
1992-10-14,0,1.715661507,0.623,360.55,20.29,5.37,909.45
1992-10-15,0,1.924868456,0.623,342.78,24.5,10.02,1241.59
1992-10-16,0,1.970498165,0.623,307.51,25.49,13.2,1514.32
1992-10-17,0,1.679267178,0.5947,361.15,22.05,5.53,920
1992-10-18,0,1.313748448,0.5947,325.24,14,1.5,680
1992-10-19,4,1.165882024,0.6513,178.65,11,3,760
1992-10-20,0,1.106536537,0.6513,316.77,10.05,-1.89,531.34
1992-10-21,0,1.335376116,0.623,316.51,16.42,3.68,798.32
1992-10-22,0,1.292535654,0.623,329.34,16.5,2.25,720
1992-10-23,0,1.236363404,0.623,331.44,16,1.26,660.6
1992-10-24,0,1.342336524,0.623,316.94,18.99,4.79,863.39
1992-10-25,8,1.238527421,0.7079,214.13,16.5,4.5,840.25
1992-10-26,0,1.103015802,0.7079,302.72,14.13,0.74,640
1992-10-27,0,1.136262746,0.6513,274.82,15.14,3.35,787.73
1992-10-28,0,1.078047799,0.6513,280.03,14.44,2.02,708.73
1992-10-29,0,1.158774746,0.6513,258.56,16.9,5.41,913.04
1992-10-30,0,1.142342952,0.623,166.63,16.5,9.69,1214.84
1992-10-31,12.52,0.973164084,0.7929,100.33,12.5,7.33,1026.24
1992-11-1,0,0.8120982,0.8778,76.34,9.11,6.5,960
1992-11-2,5,0.915062038,0.7929,97.61,11.71,6.88,990.4
1992-11-3,28,1.12690244,1.2176,187.34,19,8,1080
1992-11-4,0,1.067896149,1.699,245.5,18,7.17,1013.95
1992-11-5,12.95,1.075742342,1.699,171.05,18.42,8.54,1123.55
1992-11-6,10,0.842460114,1.8972,176.3,12,2.24,720
1992-11-7,0,0.756013741,1.699,202.16,8.82,1,640
1992-11-8,0,0.700840848,1.3309,233.17,7.92,-1.52,554.72
1992-11-9,0,0.644858676,1.1327,264.16,7.37,-4.2,440
1992-11-10,0,0.681853172,1.0194,277.7,10.7,-2.5,520
1992-11-11,0,0.783217824,0.9628,275.14,15.85,2.01,720
1992-11-12,3,0.963569108,0.9061,161.16,19.15,9.5,1200
1992-11-13,5.64,0.8432389,0.9628,194.57,18.5,5.5,920
1992-11-14,0,0.641347581,0.9628,228.85,9.31,-0.6,592.33
1992-11-15,0,0.568836392,0.9061,241.32,7.21,-3.5,480
1992-11-16,0,0.525425262,0.8778,255.29,6.5,-5.27,418.7
1992-11-17,0,0.561354579,0.8495,259.11,9.66,-2.84,493.17
1992-11-18,0,0.679366847,0.8495,205.09,12.48,3.5,800
1992-11-19,0.99,0.639176001,0.8495,149.74,9.35,3.35,787.93
1992-11-20,0,0.572513313,0.8212,214.83,9.2,-0.12,601.82
1992-11-21,0,0.623281282,0.8212,252.52,15.67,2.71,740.05
1992-11-22,2.34,0.832468976,0.8212,121.98,18,12.18,1414.36
1992-11-23,7,0.866279085,0.8212,150.89,21.51,12,1399.82
1992-11-24,0,0.651289907,0.8212,243.3,18,5.48,916.66
1992-11-25,3.39,0.699090938,0.8212,113.49,14.42,8.26,1100.83
1992-11-26,10.93,0.73806625,0.9061,84.68,15.49,11,1320.25
1992-11-27,4.98,0.64164715,1.0477,161.04,16,6.31,944.76
1992-11-28,0,0.580931991,0.9628,170.17,11,4.2,817.3
1992-11-29,0,0.532647744,0.8778,171.04,9,2.24,720
1992-11-30,0,0.457439455,0.8495,211.86,7.94,-1.21,560
1992-12-1,0,0.461928229,0.8212,220.81,9.98,-0.25,600
1992-12-2,0,0.462880889,0.8212,208.1,9.5,0.01,600.86
1992-12-3,0,0.4888459,0.7929,169.94,8.48,1.33,666.52
1992-12-4,0,0.399567232,0.7929,224.03,7.95,-2.67,506.12
1992-12-5,4.95,0.450769174,0.7929,128.72,7.05,-0.19,600
1992-12-6,0,0.391980047,0.7929,179.21,4,-3.5,480
1992-12-7,0,0.454985426,0.7646,129.42,5.36,0.24,619.45
1992-12-8,0,0.402596034,0.7646,186.15,5.76,-2.17,520
1992-12-9,0,0.334836157,0.7362,214.1,3.5,-6.14,388.41
1992-12-10,18.43,0.284747861,0.8495,216.95,7.31,-7,360
1992-12-11,37.67,0.469425529,5.0404,165.97,12,2.91,752.56
1992-12-12,14.7,0.469898935,4.9271,116.82,7.58,2,720
1992-12-13,3.45,0.464772223,2.8883,88.67,5,1.5,680
1992-12-14,0,0.448593899,2.6335,127.99,5.05,0.74,640
1992-12-15,0,0.350220716,1.8689,227.82,4.5,-4.23,441.04
1992-12-16,0,0.392964922,1.5574,232.25,8.29,-0.88,570.27
1992-12-17,8.58,0.5108953,1.4158,145.65,13,5.23,898.01
1992-12-18,0,0.374993816,1.6707,240.73,12,0,600
1992-12-19,0,0.33224576,1.6707,241.23,10.17,-2.5,519.6
1992-12-20,6.51,0.456712846,1.5574,133.04,9.5,2.24,720
1992-12-21,0,0.343198781,1.6141,225.17,6.5,-3.72,462.44
1992-12-22,0,0.335243538,1.4442,237.72,9,-3.02,480
1992-12-23,2.01,0.362357331,1.3026,231.34,10,-1.5,560
1992-12-24,0,0.323217725,1.2743,239.57,8,-4.17,440
1992-12-25,0,0.243414895,1.161,255.6,4.38,-10.38,280
1992-12-26,0,0.343609148,1.1327,208.48,4.48,-4.83,440
1992-12-27,0,0.280868785,1.076,237.17,2.48,-9.26,299.45
1992-12-28,1,0.372567495,1.0477,220.33,8.12,-2.42,510.96
1992-12-29,4.39,0.507856561,1.1327,115.78,10.27,3.82,800.21
1992-12-30,7.23,0.576446057,1.4158,79.42,11.17,6.99,999.37
1992-12-31,5.81,0.549298924,1.4442,97.6,10.72,5.41,899.79
1993-1-1,0,0.418311843,1.3026,275.58,16,2,720
1993-1-2,0,0.333346585,1.161,266.69,4.96,-6.34,372.48
1993-1-3,0,0.343813297,1.1044,268.86,5.75,-5.77,400
1993-1-4,0,0.497378621,1.076,229.02,14.15,3.24,779.22
1993-1-5,18.84,0.594046537,1.2743,166.85,17.61,7,1000
1993-1-6,0,0.469409173,1.6707,239.88,13,1.32,665.41
1993-1-7,0,0.501167197,1.4725,171.12,8,1.42,673.79
1993-1-8,10.08,0.52439067,1.4725,89.1,6.81,2.5,720.04
1993-1-9,13.11,0.475889122,1.9255,113.8,5,-0.56,594.82
1993-1-10,2.37,0.435208321,2.1521,101.9,1.07,-2.83,493.96
1993-1-11,1,0.471392752,1.8123,131.54,3.37,-1.27,558.5
1993-1-12,5,0.540274948,1.8123,86.73,6.26,2.24,719.37
1993-1-13,4,0.597517192,2.0388,69.66,8.41,5.16,892.83
1993-1-14,0.14,0.545213625,2.0105,182.18,7.78,1.06,644.44
1993-1-15,0,0.528675388,1.7556,131.15,5,0.5,640
1993-1-16,0,0.513979221,1.5291,157.31,4.5,-0.97,562.08
1993-1-17,0,0.52991461,1.3875,188.87,5.8,-1,560
1993-1-18,0,0.513660652,1.3026,204.81,5,-2.46,518.32
1993-1-19,0,0.470587727,1.2176,238.5,3.47,-5.69,400
1993-1-20,0,0.467468762,1.161,282.02,6,-7.1,360
1993-1-21,0,0.502056039,1.1327,284.8,7.66,-5.83,400
1993-1-22,10.84,0.667811789,1.4725,174.18,11,2.14,720
1993-1-23,0,0.657621348,1.7273,202.9,9,1.87,709.31
1993-1-24,0,0.670827689,1.5008,277.32,12.52,0.26,620.83
1993-1-25,0.4,0.656103823,1.3875,270.07,11.03,-1,560.25
1993-1-26,0,0.544244193,1.2743,260.54,3.75,-5.95,400
1993-1-27,0,0.618112358,1.1893,249.05,6.15,-2.81,495.44
1993-1-28,0,0.62944878,1.161,257.16,6.24,-3.06,480
1993-1-29,0,0.661947426,1.1044,267.47,7.31,-2.58,513.59
1993-1-30,0,0.613860174,1.076,304.47,6.31,-6.64,360
1993-1-31,0,0.736473669,1.0477,292.81,9.94,-1.72,542.16
1993-2-1,0.87,0.66674603,1.0477,357.91,9.5,-7.07,360
1993-2-2,0,0.523404147,0.9911,341.96,0,-12.52,240
1993-2-3,0,0.651508441,0.9628,369.1,7.72,-9.77,280
1993-2-4,0,0.768252845,0.9628,286.74,8,-2.5,520
1993-2-5,0,0.796830725,0.9628,332.26,10.76,-4.72,440
1993-2-6,1.58,0.764769758,0.9628,365.53,9,-6.87,360
1993-2-7,0,0.597009061,0.9628,371.5,1.53,-14.31,200
1993-2-8,0,0.759551501,0.9628,331.16,5.69,-6.14,388.72
1993-2-9,0,0.767464674,0.9911,310.36,5,-5.49,400.61
1993-2-10,0,0.876072369,0.9628,363.58,9.53,-5.51,400
1993-2-11,0,0.937437932,0.9628,339.97,9.96,-2.95,483.6
1993-2-12,19,0.848087635,1.2743,125.67,6,0.45,636.36
1993-2-13,17.04,0.799129346,2.3786,100.63,4.48,0.23,618.06
1993-2-14,0,0.850658284,2.5768,185.54,5.03,-1,560
1993-2-15,0,0.884143311,1.8689,300.41,5.5,-5.71,400
1993-2-16,6.14,1.047162471,1.5574,217.5,9.52,-1.25,560
1993-2-17,8.34,1.089008101,1.8406,207.4,10,0,600
1993-2-18,0,0.837789843,1.7556,235.64,2.5,-5.26,419.32
1993-2-19,0,0.692311086,1.4158,283.33,-2.5,-12,240
1993-2-20,0,0.811043802,1.2176,340.86,0.94,-11.8,240
1993-2-21,11.7,0.926066306,1.161,202.01,3.55,-5.27,418.67
1993-2-22,7.65,1.201516707,1.6707,220.36,10.06,-0.08,601.26
1993-2-23,0,1.101599297,2.0388,318.17,7.08,-4,440.03
1993-2-24,0,0.846206186,1.699,218.65,0.5,-6,400
1993-2-25,0,0.824732532,1.3592,291.52,-1,-10.09,280
1993-2-26,3.71,0.80638579,1.2176,165.46,-1.03,-6.64,360
1993-2-27,0.06,0.893390881,1.1893,245.85,0.75,-5.5,400
1993-2-28,0,1.012032426,1.1327,369.13,2.5,-8,320
1993-3-1,0,1.161323799,1.1044,391.96,5.51,-6.02,398.32
1993-3-2,0,1.416201888,1.1327,435.73,10.62,-4.06,440
1993-3-3,0,1.415510762,1.161,336.13,10.31,0.88,640
1993-3-4,38.4,1.274067484,2.0954,160.52,8.5,2.73,738.38
1993-3-5,21.9,1.241612632,5.4935,164.82,7.4,1.72,697.28
1993-3-6,1.87,1.181005044,4.7855,215.33,5.34,-0.69,585.05
1993-3-7,0,1.495156193,3.5962,379.83,9.63,-1.78,537.3
1993-3-8,0.41,1.743190597,2.6051,374.46,13.68,1.74,698.86
1993-3-9,0,1.621018108,2.0671,350.45,11.5,2,720
1993-3-10,0.43,1.421153127,1.784,381.89,7,-3.5,480
1993-3-11,0,1.320947563,1.6141,296.84,5.83,-1.23,560
1993-3-12,0,1.438024845,1.4725,414.94,6.29,-5.5,400
1993-3-13,50.89,1.413216592,2.2937,243.56,6.62,-1,560
1993-3-14,29.31,1.308328105,6.2014,330.69,3.4,-6.48,361.35
1993-3-15,0,1.089289226,5.6351,412.85,-1.01,-9.77,280
1993-3-16,0,1.469641925,4.5024,475.97,5.32,-6.24,380.83
1993-3-17,11.2,1.665168461,4.0493,293.93,9.36,0.96,640
1993-3-18,14.87,1.513217535,5.4652,388.48,5.15,-8.26,320
1993-3-19,0,1.247513122,5.2103,465.89,0.5,-9.77,280
1993-3-20,0,1.467963742,4.2475,451.48,4.24,-5.59,400
1993-3-21,1,1.818348482,3.4263,464.29,9.52,-1,560
1993-3-22,0,2.049057878,2.8883,528.57,11.93,-2.25,520
1993-3-23,0,1.823615541,2.5485,454.81,9.03,-1,560
1993-3-24,14.96,1.95473163,2.9166,304.02,11.5,3,760
1993-3-25,0,1.971678386,3.7378,407.25,11.44,3,760
1993-3-26,0,2.171020131,3.398,435.7,13.5,4,800
1993-3-27,0,2.148596188,2.8034,465.47,12.34,1.9,711.96
1993-3-28,12.45,2.013372789,2.6335,219.71,13.64,7.87,1069.76
1993-3-29,8.28,1.857550026,2.86,180.48,12.46,7.87,1069.21
1993-3-30,3.79,1.858589979,3.4547,170.74,12.5,8.09,1086.95
1993-3-31,0,2.353019524,3.6246,384.09,15,6.5,960
1993-4-1,15.71,2.576826939,3.5679,307.2,16.83,7,1000
1993-4-2,9.7,2.148758109,4.3325,266.42,12.08,4.5,840
1993-4-3,1.49,1.848419954,4.1909,293.19,8.85,3,760
1993-4-4,0,2.066149063,3.5396,420.1,8.98,-0.47,600
1993-4-5,0,2.160247772,2.86,444.71,9.5,-1,560
1993-4-6,0,2.059244729,2.322,351.95,9.78,2.48,720
1993-4-7,0,2.559794101,1.9255,475.21,13.5,1.5,680
1993-4-8,0,2.912160359,1.784,522.09,16.36,-0.14,600
1993-4-9,0,2.999810231,1.8406,510.08,17.21,2.01,720
1993-4-10,6.68,2.663729347,1.8689,288.15,15.82,7.14,1011.49
1993-4-11,4.89,2.756421626,2.1238,326.31,15.5,5.17,893.7
1993-4-12,0.42,2.874771601,2.0954,460.54,16,4.5,840
1993-4-13,0,3.024514431,1.8972,478.08,17,4.5,840
1993-4-14,0,3.099870543,1.5008,506.45,16.91,2.5,720.03
1993-4-15,0,3.404328874,1.5008,482.8,20.3,7,1000
1993-4-16,0,3.099742,1.6141,364.53,19.87,11.47,1357.4
1993-4-17,11.82,2.899181449,2.1521,271.89,17.5,9.5,1200
1993-4-18,0,3.043826975,2.322,476.98,16,4,800
1993-4-19,0,3.561880935,2.0671,522.46,19.99,4.26,820.83
1993-4-20,0,3.559983243,1.8689,456.45,21.26,9.5,1200
1993-4-21,0,3.643013425,1.6707,434.37,22.5,11.66,1372.72
1993-4-22,13.01,3.229450621,2.1521,340.09,17.56,6.55,963.77
1993-4-23,0,2.852905107,2.6051,412.98,14.23,4.98,878.07
1993-4-24,0,3.481313814,2.3503,524.12,18,3,760
1993-4-25,0,3.831519493,2.0671,487.97,21.87,8.5,1120
1993-4-26,0,3.727671464,1.8689,438.1,21.96,10.96,1317.09
1993-4-27,13.12,3.507873466,2.4352,369.57,18.17,4.98,878.32
1993-4-28,0,3.417631756,2.4069,531.86,16.24,0.5,640
1993-4-29,0,3.793807135,2.0671,543.16,19.25,1.5,680
1993-4-30,0,4.067273465,1.8689,538.81,21.51,3.5,800
1993-5-1,0,4.144617637,1.699,509.75,22.45,6.5,959.71
1993-5-2,0,4.311939177,1.6424,488.26,24.07,9.01,1160.53
1993-5-3,0,3.780245567,1.4725,403.87,20.94,10,1240
1993-5-4,0,3.559437228,1.3026,359.41,19.82,10.5,1280
1993-5-5,2.58,3.550446093,1.3026,283.07,20.47,12,1400
1993-5-6,2.96,4.141305766,1.3026,287.81,24.5,14.13,1610.21
1993-5-7,0,4.235711342,1.2459,431.11,23.73,11.5,1360
1993-5-8,0,4.176988025,1.1893,484.82,21.84,7.5,1040
1993-5-9,0,4.652002832,1.161,506.55,25.22,9,1160
1993-5-10,0,4.94335275,1.1044,474.9,28.01,12.95,1475.89
1993-5-11,0,5.144956137,1.0477,487.49,29.07,12.89,1470.92
1993-5-12,8.95,5.063259463,0.9911,352.34,29.5,16,1800
1993-5-13,13.78,4.383385097,1.3592,293,25,14,1600
1993-5-14,0,3.874585512,1.3592,402.3,20.03,9.26,1180.55
1993-5-15,0,4.321033772,1.1893,458.56,22.5,9.28,1182.43
1993-5-16,8.44,4.874123303,1.076,329.15,27.49,14.5,1640
1993-5-17,1.78,4.356993872,1.076,388.45,23.5,11.76,1381.11
1993-5-18,10.16,3.350359098,1.076,224.13,17.44,9.98,1238.67
1993-5-19,11.5,2.77842746,1.3875,143.55,15.98,11.5,1360.05
1993-5-20,5.06,2.8858631,1.5857,161.78,16,11,1320
1993-5-21,0,3.833947608,1.5857,451.65,17.87,5.94,920
1993-5-22,0,4.203778756,1.4158,472.43,20.5,7.36,1028.73
1993-5-23,0,4.469806098,1.2176,497.12,22,7.3,1024.2
1993-5-24,0,4.542716177,1.0477,419.36,24.5,13,1480.29
1993-5-25,0,4.859407101,0.9628,398.75,27.63,16.5,1880
1993-5-26,0,4.641918862,0.9345,407.98,25.51,14.37,1629.36
1993-5-27,0,4.841718381,0.8778,482.87,25,10.76,1300.55
1993-5-28,0,5.1422247,0.8495,472.59,27.5,13.34,1534.35
1993-5-29,0,4.874617173,0.7929,417.22,27,15.5,1760
1993-5-30,0,4.807404394,0.7646,525.38,23.59,7.47,1037.62
1993-5-31,8.67,4.344518369,0.7362,364.17,21.75,9.97,1237.28
1993-6-1,12.51,4.265349362,0.9628,311.59,22,11.5,1360
1993-6-2,0,4.442366798,0.9345,505.53,21,6.74,979.22
1993-6-3,3,4.015806337,0.8778,276.47,21,12,1400
1993-6-4,0,3.884358638,0.8495,332.34,20.96,13,1480
1993-6-5,2,3.899443196,0.8495,335.12,21,13,1480
1993-6-6,0,4.291471643,0.8212,423.61,21.72,11.01,1320.49
1993-6-7,0,4.972789131,0.7646,524.04,24.5,8.7,1135.99
1993-6-8,2.06,4.561511122,0.7362,386.44,25,15.09,1727.31
1993-6-9,2,5.436420096,0.7646,442.35,30.19,17.66,2025.63
1993-6-10,0,5.645810033,0.7362,416,32.5,20.67,2426.65
1993-6-11,0,5.4700597,0.6796,425.13,31,19.17,2227.92
1993-6-12,0,5.032894507,0.623,466.33,26.5,13.79,1583.53
1993-6-13,0,4.657867391,0.623,451.19,23.95,12.25,1420.33
1993-6-14,0,5.128147494,0.623,516.16,25.77,10.59,1246.55
1993-6-15,0,4.853188767,0.5947,417.36,26.5,15.7,1776.07
1993-6-16,0,5.130862052,0.5663,421.66,28.5,17.24,1958.45
1993-6-17,0,5.466973602,0.5663,493.09,28.83,14.31,1529.97
1993-6-18,0,5.610179039,0.5097,446.09,31,18,1976.27
1993-6-19,0,5.945616865,0.5097,414.86,34,21.4,2472.17
1993-6-20,0,5.502992675,0.4814,382.32,31.98,21,2476.11
1993-6-21,0,5.198177329,0.4814,362.69,30.5,20.5,2400
1993-6-22,1.76,5.319243074,0.4814,372.82,30.45,19.5,2268.82
1993-6-23,0,5.408275262,0.4531,467.23,29,15.5,1634.21
1993-6-24,0,5.292837675,0.4531,502.35,27.18,12.18,1291.97
1993-6-25,0,5.496891886,0.4531,505.18,28.57,13,1356.55
1993-6-26,0,5.344120109,0.4248,418.5,29.84,17.99,1984.53
1993-6-27,3.06,5.146629817,0.4531,286.72,29.52,19,2200
1993-6-28,0,5.553539245,0.4531,454.67,30.5,17.25,1765.79
1993-6-29,0,5.491234449,0.4531,425.01,31.02,18.99,2001.79
1993-6-30,8.96,4.936636951,0.5097,267.16,29,19.5,2280
1993-7-1,0,4.707765369,0.5097,350,27.53,18.5,2080.64
1993-7-2,0,4.119017922,0.4814,278.53,25.5,18.74,2158.45
1993-7-3,1.21,4.842799974,0.5097,306.39,29.32,20.54,2347.37
1993-7-4,0,5.601867081,0.4531,407.73,32.77,21.33,2240.27
1993-7-5,0,5.681141566,0.4248,419.03,32.96,20.98,2166.46
1993-7-6,0,5.41312159,0.3964,384.39,32.16,21.5,2327.92
1993-7-7,0,5.536425046,0.3964,364.09,33.85,23.65,2690.02
1993-7-8,0,6.045142762,0.3964,404.8,36,23.95,2604.67
1993-7-9,0,6.324320351,0.3681,421.73,37.31,24.26,2593.36
1993-7-10,0,6.307568834,0.3681,414.62,37.5,24.73,2633.87
1993-7-11,0,5.894357454,0.3681,397.38,35.5,23.88,2537.02
1993-7-12,9.72,5.814135721,0.3964,304.51,34.5,22.4,2590.65
1993-7-13,0,5.750238086,0.3681,419.35,34,21.8,2263.43
1993-7-14,0,5.84680677,0.3681,465.81,33.5,19.5,1872.73
1993-7-15,13.14,5.355048933,0.4531,292.96,32,20.9,2449.92
1993-7-16,0,5.341953327,0.4531,470.36,29.87,16.2,1607.44
1993-7-17,0,5.135600056,0.3964,469.73,28.5,15.21,1469.99
1993-7-18,0,5.174848987,0.3964,484.55,28.5,14.48,1386
1993-7-19,11.63,4.49614873,0.5097,253.6,27.5,18.79,2166.53
1993-7-20,26.4,4.731705224,0.9345,266.29,29,19.62,2289.6
1993-7-21,0,4.895273351,0.9911,381.54,29.5,19.17,2213.55
1993-7-22,0,4.895025852,0.6796,417.07,28.58,17.22,1864.55
1993-7-23,0,5.223754506,0.5663,492.75,29.18,14.36,1460.01
1993-7-24,0,5.283239997,0.5097,483.14,30,15.5,1585.66
1993-7-25,0,5.100144435,0.4814,412.26,30.73,19.22,2114.19
1993-7-26,0,4.499321234,0.4531,338.13,28.5,19.76,2295.54
1993-7-27,0,4.545599893,0.4531,326.36,29.5,21,2473.89
1993-7-28,0,5.377647294,0.4531,424.02,32.99,20.77,2221.05
1993-7-29,4.23,5.313496804,0.4248,291.9,33.47,22.19,2669.53
1993-7-30,0,5.185999888,0.4248,432.89,31.56,19.14,2024.88
1993-7-31,0,4.858894741,0.4248,437.97,29,16.75,1757.89
1993-8-1,0,4.78809962,0.4248,395.25,29.69,18.76,2067.83
1993-8-2,0,5.15435606,0.3964,427.56,31.71,19.09,2037.5
1993-8-3,0,5.28334733,0.3964,419.62,33,20.37,2208.57
1993-8-4,0,5.174779276,0.3681,397.77,32.96,21.18,2355.95
1993-8-5,0,4.930025229,0.3681,432.97,30.3,17.58,1838.54
1993-8-6,15.1,4.152280369,0.4248,268.87,26,16.5,1880
1993-8-7,13.85,3.698918138,0.5663,219.49,24.32,17,1920
1993-8-8,0,4.112383961,0.5097,339,26.84,18,2080.25
1993-8-9,0,4.24554708,0.4531,377.6,27.02,16.98,1918.02
1993-8-10,0,4.40095504,0.4248,437.74,26.83,14.5,1628.96
1993-8-11,0,4.369584849,0.4248,428.77,27,15,1665.63
1993-8-12,0,4.360940925,0.3964,416.6,27.5,15.95,1737.61
1993-8-13,3.41,4.226722135,0.4531,281.21,28,18.16,2092.33
1993-8-14,0,4.465612785,0.4814,393.05,29.49,18.5,2080.33
1993-8-15,0,4.631724043,0.538,416.13,30.5,18.5,2001.33
1993-8-16,17.06,4.258220363,0.5947,252.83,29.96,20.85,2455.94
1993-8-17,18.81,4.015331229,0.6796,234.27,29,20.86,2457.52
1993-8-18,0,3.718908016,0.9061,295.85,27.02,19.58,2286.77
1993-8-19,0,3.964063708,0.8778,353.95,27.49,18.24,2098.18
1993-8-20,0,4.211514414,0.7079,375.86,29.27,19,2178.56
1993-8-21,13.75,4.106615951,0.7362,271.64,29,19.24,2238.45
1993-8-22,0,4.150732814,0.7646,448.19,27.28,14.35,1592.69
1993-8-23,0,4.059201474,0.623,417.96,27.5,15.91,1792.44
1993-8-24,0,3.910468897,0.538,362.08,28,18.42,2113.78
1993-8-25,0,4.261395136,0.4814,375.04,30.92,20.29,2366.88
1993-8-26,0,4.636606562,0.4531,400.36,33.44,21.03,2461.31
1993-8-27,0,4.438760439,0.4248,377.13,32.72,21.44,2549.56
1993-8-28,0,4.373142187,0.4248,371.14,32.58,21.51,2561.7
1993-8-29,0,4.253020593,0.4248,373.66,31.78,20.76,2441.66
1993-8-30,0,4.179135049,0.3964,415.72,30.35,17.77,1992.36
1993-8-31,0,3.998504864,0.3964,379.14,29.96,19.03,2172.5
1993-9-1,0,4.075480939,0.3964,340.25,32,22.11,2658.06
1993-9-2,0,4.049762076,0.3964,354.89,31.65,21.3,2513.86
1993-9-3,0,3.971005578,0.3681,298.78,33,24.36,3058.13
1993-9-4,8.13,3.544988058,0.3681,193.87,31.01,24,3000
1993-9-5,0,3.754664884,0.3964,387.33,29,17.83,2027.11
1993-9-6,0,3.919288899,0.3681,447.98,29.48,14.76,1590.09
1993-9-7,0,3.790453979,0.3681,399.32,29.5,17.26,1933.14
1993-9-8,4.86,3.364801264,0.3681,250.26,27.26,18,2080
1993-9-9,14.2,3.20956612,0.3964,248.43,26,17,1920
1993-9-10,10.56,3.316224771,0.3964,242.92,27.73,18.76,2161.66
1993-9-11,0,3.284502917,0.3964,448.49,24.75,10.24,1259.22
1993-9-12,0,3.090336183,0.3681,464.97,22.7,7,1000
1993-9-13,0,3.297841138,0.3681,397.35,26.47,14.2,1616.12
1993-9-14,0,3.366866536,0.3681,375.49,28,16.4,1863.94
1993-9-15,0,3.447741069,0.3398,338.73,29.99,19.5,2280
1993-9-16,0,2.996831719,0.3398,291.05,26.78,18.46,2116.66
1993-9-17,2.42,2.110396021,0.3964,142.86,20.7,16.66,1889.38
1993-9-18,6.28,2.209815758,0.3964,143.25,20.81,15.92,1793.99
1993-9-19,0,2.674496399,0.3964,374.68,21.83,10.88,1310.21
1993-9-20,0,2.611943181,0.3681,431.51,20.5,6.28,942.71
1993-9-21,8.18,2.302277106,0.4248,210.61,19.72,12.27,1421.7
1993-9-22,0,2.236529473,0.4531,236.53,20.66,14.5,1640
1993-9-23,0,2.694181997,0.4248,403.92,23.23,10.06,1244.92
1993-9-24,0,2.595223007,0.4248,362.83,23,11.96,1396.97
1993-9-25,0,2.44279229,0.3964,361.74,21.38,10.53,1282.76
1993-9-26,8.85,2.781498431,0.4531,266.19,26.34,14.96,1706.21
1993-9-27,4.7,2.688640675,0.4531,232.57,26.5,17,1920
1993-9-28,4.86,2.380007048,0.4531,283.23,21.55,9.47,1197.52
1993-9-29,0,2.179560744,0.4248,380.66,19.03,7,1000.25
1993-9-30,2.6,1.976226819,0.4248,297.95,16.3,4.46,836.44
1993-10-1,0,1.970773843,0.4248,409.15,16.5,2.35,720
1993-10-2,0,2.176294434,0.3964,395,20.34,6.32,946
1993-10-3,1.97,2.099302205,0.3964,325.82,20.26,10,1240
1993-10-4,0,2.178966674,0.3964,389.8,21.5,6.95,995.96
1993-10-5,0,2.032230596,0.3681,365.7,19.73,6.89,991.11
1993-10-6,0,1.917850876,0.3681,401.81,18.5,2.72,737.28
1993-10-7,0,2.048286386,0.3964,402.99,21.5,4.48,838.78
1993-10-8,0,2.085789679,0.4531,330.23,22.34,10.5,1280
1993-10-9,0,2.175088719,0.3964,344.09,24.24,10.94,1315.55
1993-10-10,3.78,1.953812213,0.4248,301.65,21.5,6,920
1993-10-11,0,1.502189552,0.4248,331.98,13.4,1.74,699.22
1993-10-12,23.3,1.580436567,0.538,211.35,15.83,6.47,957.78
1993-10-13,0,1.565671563,0.623,293.07,15.95,6,921.52
1993-10-14,0,1.532042996,0.4814,288.83,15.83,6.01,930.79
1993-10-15,0,1.642647252,0.4531,304.24,18.5,7.56,1045
1993-10-16,0,1.648183478,0.4248,336.97,19.34,5.98,920
1993-10-17,0,1.626506716,0.4248,258.42,19.5,10.19,1255.48
1993-10-18,0,1.702204505,0.3964,253.37,21.49,12,1400
1993-10-19,0,1.520760381,0.3964,247.78,18.5,9.47,1197.62
1993-10-20,13.72,1.280539057,0.5097,86.33,16.99,13.16,1509.21
1993-10-21,7,1.65300341,0.5947,165.38,22.5,14.35,1628.06
1993-10-22,14.48,1.525991278,0.7079,237.05,20.73,7.19,1015.48
1993-10-23,0,1.26195733,0.623,319.95,15.5,2.14,720
1993-10-24,0,1.26162712,0.538,339.42,17,1.29,663.09
1993-10-25,0,1.408604108,0.5097,326.4,21,5.48,918.32
1993-10-26,0,1.357790673,0.538,261.6,19,8.28,1102.11
1993-10-27,16.22,1.215041702,0.7079,124.28,16.52,10.35,1267.93
1993-10-28,2.74,1.152059309,0.6796,197.42,15.01,6,920
1993-10-29,0,1.117983062,0.5663,319.46,16.74,1.52,681.52
1993-10-30,12.27,1.135071896,0.5947,153.44,15.66,7.74,1058.83
1993-10-31,10.88,0.990208383,0.8212,120.78,12.31,6.45,955.64
1993-11-1,1.39,0.903764482,0.7362,187.29,10,3.23,778.67
1993-11-2,0,0.857614797,0.623,275.29,10,-1.27,560
1993-11-3,0,0.847205829,0.5663,262.36,10,-0.5,600
1993-11-4,0,0.879892172,0.538,294.18,12.99,-0.26,600
1993-11-5,5.5,0.984772745,0.538,179.78,15.24,5.53,914.87
1993-11-6,6.09,0.981794292,0.623,170.81,15.5,6.5,960
1993-11-7,0,0.767922159,0.623,251.37,9.5,-0.5,600
1993-11-8,0,0.696447091,0.5663,301.61,9.84,-4.47,440
1993-11-9,0,0.712978853,0.538,304.23,12,-3.26,480
1993-11-10,0,0.74391232,0.5097,283.31,12.5,-0.77,578.38
1993-11-11,0,0.698678662,0.5097,301.52,14,-2.33,520
1993-11-12,0,0.840995436,0.5097,272.05,17.62,4,800
1993-11-13,1.94,0.815897686,0.4814,261.82,16.84,4,800
1993-11-14,0.26,1.002799557,0.5097,220.89,21.17,10.73,1298.08
1993-11-15,0,1.175663759,0.4814,204.54,25.43,15.44,1755.58
1993-11-16,0,0.817799581,0.4814,272.76,21.5,5.84,920
1993-11-17,8.62,0.745282055,0.4814,182.77,16.36,4.26,820.88
1993-11-18,7.64,0.778845268,0.5947,144.19,15.5,6.74,979.22
1993-11-19,0,0.729871209,0.5663,214.02,15.45,5.14,891.42
1993-11-20,0,0.661739317,0.5097,227.49,14.4,3,760
1993-11-21,0,0.504120399,0.4814,256.09,10,-3.66,467.41
1993-11-22,0,0.52949531,0.4814,260.03,13.42,-1.29,560
1993-11-23,0,0.507104021,0.4814,267.4,15.5,-1,560.25
1993-11-24,0,0.577237621,0.4814,239.69,15.09,2,720
1993-11-25,0,0.526988202,0.4814,228.74,12,0,600
1993-11-26,0,0.470481125,0.4814,187.35,6.13,-2.77,500.05
1993-11-27,0,0.565974476,0.4531,215.66,14.37,2.89,754.45
1993-11-28,21.88,0.699603342,0.623,133.1,17.5,8.47,1117.73
1993-11-29,0,0.450125371,0.6513,240.82,13,-1,560
1993-11-30,0,0.438178601,0.5663,200.51,7.74,-2.57,514.72
1993-12-1,0,0.419709599,0.538,202.47,7.5,-3.15,480
1993-12-2,0,0.472848675,0.5097,197.34,11,0.46,636.64
1993-12-3,0,0.497552277,0.5097,205.13,13.96,2.52,721.67
1993-12-4,9.03,0.507561231,0.538,143.15,13.25,3,760
1993-12-5,41.65,0.576934732,1.076,125.18,15,6.17,933.7
1993-12-6,46.33,0.429535272,2.8317,148.97,10.5,-0.28,600
1993-12-7,0,0.43820147,2.8317,186.95,10.27,0.25,619.65
1993-12-8,0,0.430337411,1.7273,195.83,11.14,0.44,635.25
1993-12-9,0,0.336752816,1.1893,230.12,10.74,-3.25,480
1993-12-10,0,0.383208492,0.9911,216.91,12.26,-0.51,588.72
1993-12-11,9.58,0.368427638,1.1044,164.85,12,-1,560
1993-12-12,0,0.338958942,1.1044,181.24,3.74,-5.5,400
1993-12-13,0,0.359275104,0.9345,197.11,7.5,-3.02,480
1993-12-14,0,0.404847382,0.8778,187.7,9.97,-0.02,600
1993-12-15,4.93,0.475451261,0.8778,88.75,8.24,2.56,724.47
1993-12-16,5.12,0.493186194,0.9345,86.3,9,3.57,800
1993-12-17,0,0.335312307,0.8778,210.61,7.74,-3.62,470.2
1993-12-18,0,0.348555641,0.8212,195.59,6.76,-3.38,475.55
1993-12-19,2.56,0.416040725,0.8212,136.87,7.72,0,600
1993-12-20,0,0.325379643,0.7929,218.27,8.73,-3.5,480
1993-12-21,33.52,0.423722519,1.5008,141.19,11.25,1.5,680
1993-12-22,0,0.409671533,2.6335,159.86,7,-0.51,599.46
1993-12-23,0,0.389140765,1.8689,135.91,3.5,-2.43,520
1993-12-24,0,0.294404148,1.3309,216.24,3.23,-7.67,346.16
1993-12-25,0,0.333458107,1.1327,179.09,2.24,-5.85,398.42
1993-12-26,0,0.322875882,1.0194,180.37,1.3,-6.8,360
1993-12-27,0,0.301114812,0.9345,117.83,-4.32,-9.06,313.76
1993-12-28,0,0.322286924,0.8778,68.21,-5,-7.54,355.55
1993-12-29,3.6,0.321663015,0.8778,124.08,-1.86,-7.75,339.77
1993-12-30,3,0.322798325,0.8495,114.86,-2.53,-7.84,333.13
1993-12-31,0,0.250583338,0.8495,277.26,-0.15,-13,240
1994-1-1,0,0.291328601,0.8212,242.69,4.46,-8.66,320
1994-1-2,7,0.419767758,1.1327,147.96,8.07,-1.1,560
1994-1-3,6.43,0.445714701,1.2459,124.71,6.87,-0.38,600
1994-1-4,11.84,0.42459198,1.5291,141.38,6.86,-1.66,546.93
1994-1-5,0,0.391843823,1.6141,180.25,3.58,-4.24,440
1994-1-6,0,0.352868602,1.2743,219.81,3.49,-6.85,360
1994-1-7,10.67,0.442682423,1.161,110.03,4.21,-1.85,537.28
1994-1-8,16.42,0.391154976,1.5857,146.5,3.16,-5.29,417.04
1994-1-9,0,0.333526456,1.7556,207.85,-0.67,-9.75,280
1994-1-10,0,0.326216624,1.3309,199.56,-2.18,-10.64,280
1994-1-11,0,0.344467529,1.1327,246.34,2.27,-9.73,280
1994-1-12,6,0.473077096,1.1044,117.8,4.49,-1.84,534.93
1994-1-13,0,0.493341574,1.2176,144.02,4.72,-1,560
1994-1-14,1.34,0.466459564,1.161,163.3,3.5,-3,480
1994-1-15,0,0.332157113,1.076,249.16,-1.5,-12.97,240
1994-1-16,0,0.282568615,0.8778,181.97,-8.48,-15.5,200
1994-1-17,18.51,0.346774108,0.9345,246.85,6.08,-12.72,240
1994-1-18,13.7,0.357207294,1.6707,251.37,5.41,-13,240
1994-1-19,0,0.254918131,1.5857,264.35,-10.5,-19.98,120
1994-1-20,0.03,0.269247595,1.4725,229.8,-10.49,-18.21,160
1994-1-21,0,0.310912474,1.1893,295.68,-6.27,-17.61,160
1994-1-22,0,0.388343158,1.076,293.03,-1.7,-12.82,240
1994-1-23,0,0.451621884,0.9911,309.48,2.38,-10,280
1994-1-24,0,0.603908059,0.9061,302.63,9.47,-2.64,508.73
1994-1-25,3.95,0.604730152,1.0194,218.19,8,-3,480
1994-1-26,11.57,0.578488267,1.1893,188.43,4.73,-3.81,455.44
1994-1-27,2.99,0.506019567,1.2743,220.24,1.69,-8.73,313.23
1994-1-28,17.46,0.740349605,1.699,238.97,13,0.08,614.78
1994-1-29,0,0.727080323,2.8883,293.81,10.34,-0.36,600
1994-1-30,0,0.630050128,2.5768,240.72,4.5,-3.17,480
1994-1-31,0,0.589184538,1.8123,262.4,2.48,-5.85,398.32
1994-2-1,0,0.554859095,1.4725,300.9,1.05,-9,320
1994-2-2,0,0.525286272,1.4158,301.57,-0.84,-10.79,280
1994-2-3,0,0.599108909,1.4158,361.16,3.89,-11,280
1994-2-4,0,0.681842304,1.3875,344.98,5.86,-7.29,358.42
1994-2-5,0,0.73584549,1.3309,296.54,6,-3.82,456.2
1994-2-6,0,0.73820213,1.2743,342.1,6.51,-6.21,383.53
1994-2-7,0,0.828874479,1.1044,354.18,9.57,-4.31,440
1994-2-8,0,0.768340833,1.161,283.65,5.3,-3.84,456.72
1994-2-9,21.58,0.623894536,1.1893,137.38,-0.48,-5.67,400.61
1994-2-10,6.87,0.543170232,1.1044,198.38,-4.14,-11.74,240
1994-2-11,28.75,0.644691235,1.076,210.97,-0.69,-8.77,319.36
1994-2-12,14.76,0.663691767,1.1044,141.47,-0.14,-5.14,428.71
1994-2-13,0,0.712943362,1.076,162.47,1.51,-2.73,501.66
1994-2-14,0,0.747879535,1.0194,303.73,1.5,-6.99,360
1994-2-15,0,0.874715154,0.9911,411.02,6.08,-8.85,314.72
1994-2-16,0,0.939593623,0.9345,355.54,6.5,-4.17,440
1994-2-17,0,0.942327009,0.9911,409.28,6.55,-7.19,360
1994-2-18,0,1.114086729,1.0194,426.99,11.22,-4.65,440
1994-2-19,0,1.279731572,1.076,439.38,15.63,-2.74,500.83
1994-2-20,0,1.404172744,1.3592,421.98,16.94,0.87,641.04
1994-2-21,0,1.429150461,1.8972,383.27,16.01,3.26,780.83
1994-2-22,0,1.237652566,2.2937,322.26,11,1.81,705.05
1994-2-23,23.68,1.066822097,2.7751,184.53,7,0.65,639.36
1994-2-24,17.87,1.075266138,4.5307,181.78,6.88,0.76,640
1994-2-25,0,1.110021743,4.4457,325.39,6.48,-2.11,520
1994-2-26,0,1.084433476,3.4547,324.98,5.42,-3,480
1994-2-27,0,0.859005068,2.5485,362.34,-0.89,-10.27,280
1994-2-28,0,0.923725647,1.8972,387.96,0.32,-10,280
1994-3-1,0,1.002523231,1.6141,359.69,1.98,-7.17,360
1994-3-2,29.09,1.074354085,1.699,232.73,3.71,-3.77,458.7
1994-3-3,39.21,1.180730525,10.0242,221.92,6,-1,560
1994-3-4,0,1.297201588,9.2879,337.12,7.69,-0.51,599.16
1994-3-5,0,1.389390153,6.3147,357.09,9.03,0.33,626.16
1994-3-6,0,1.362618733,4.3325,426.28,7.5,-3.74,460.55
1994-3-7,0,1.80297693,3.2564,476.65,15.23,-0.32,600
1994-3-8,4,1.851357308,2.7184,323.17,15.57,3.5,800
1994-3-9,6,1.372435159,2.6051,245.45,7.5,0.1,607.87
1994-3-10,31.36,1.67047493,3.3131,308.86,11.68,1.26,660.6
1994-3-11,0,1.451306823,5.4368,325.06,8.32,0.98,640
1994-3-12,0,1.471848597,4.8705,436.56,7,-4.17,440
1994-3-13,0,1.689641554,3.936,450.37,10.33,-1.73,541.38
1994-3-14,0,1.854152756,3.1715,446.03,12.65,0.5,640
1994-3-15,3,1.9489888,2.6901,344.66,13.52,-0.38,600
1994-3-16,0,1.811819898,2.5485,434.91,11,-1.5,560
1994-3-17,0,1.433154126,2.3786,404.82,4.5,-5.98,400
1994-3-18,0,1.40774076,2.1521,315.91,4.79,-2.68,505.85
1994-3-19,0,1.537891207,2.0105,326.12,6.73,-0.95,564.15
1994-3-20,0,1.81169028,1.8689,404.72,9.83,-0.59,592.6
1994-3-21,15.75,1.841081457,1.8406,334.08,9.5,-2.5,519.91
1994-3-22,8.09,1.994813004,2.9733,295.01,12.31,2.74,739.17
1994-3-23,0,2.723075609,3.6812,497.41,20.61,3,760
1994-3-24,0,3.027482101,3.2281,472.69,24,8.2,1096.28
1994-3-25,10.32,2.671577123,3.0016,334.07,19.52,6.5,960
1994-3-26,0,2.011000987,3.0865,410.05,10.61,0,600
1994-3-27,9.18,2.062977988,2.8317,263.72,11.86,2.98,758.17
1994-3-28,50.15,2.04182198,5.182,214.73,12.77,5.89,920
1994-3-29,25.51,1.955758082,10.902,236.47,10.49,3,760
1994-3-30,0,2.065847805,10.9303,392.52,10.3,0.35,627.92
1994-3-31,0,2.229314046,7.5889,438.65,11.5,-0.51,598.97
1994-4-1,15.68,2.374163648,6.0881,272.42,14.5,5.39,911.07
1994-4-2,0,2.641404513,5.5784,451.86,15.87,2.74,739.22
1994-4-3,0,2.761852568,4.7289,376.98,18.47,8.5,1120.36
1994-4-4,0.51,2.793522916,4.021,436.04,17.28,4.88,870.41
1994-4-5,0,2.697593476,3.483,466.71,15.32,1.5,680
1994-4-6,2.29,2.583738446,3.1432,335.13,15.72,6.66,973
1994-4-7,6.62,2.594583506,3.1715,261.74,16,7.5,1040.03
1994-4-8,0,2.550179732,3.1998,465.92,12.75,-0.26,600
1994-4-9,0,2.771136541,2.9166,489.04,14.68,-0.01,600
1994-4-10,6.37,2.908573743,2.7184,296.37,17.7,7.38,1030.42
1994-4-11,0,2.962155364,2.7467,439.51,17.08,5.01,880.88
1994-4-12,0.48,2.324494254,2.6335,263.15,13.52,7.5,1040
1994-4-13,18.55,2.587798892,2.7184,241.98,15.07,7.56,1044.88
1994-4-14,16.96,3.365459666,4.5024,324.81,21,9.38,1190.49
1994-4-15,0,4.00258673,4.9271,475.89,26,11.24,1339.22
1994-4-16,4,3.595777831,4.2758,312.95,23.2,12,1400
1994-4-17,0,3.330784224,3.5679,447.76,19.44,7.35,1027.75
1994-4-18,0,3.487212448,2.9733,490.95,19.81,5.19,895.44
1994-4-19,0,4.127639508,2.5202,482.8,25.77,10.5,1280
1994-4-20,1.88,4.178472019,2.2653,505.36,25.5,8.54,1123.19
1994-4-21,0,3.506961806,2.0388,472.1,19.5,5.86,920
1994-4-22,0,3.367692466,1.8972,494.87,17.5,3.02,761.5
1994-4-23,0,3.264350492,1.7556,510.47,16,0.82,640
1994-4-24,0,4.002479795,1.6424,505.8,22.87,6.87,989.25
1994-4-25,0,4.752192102,1.5857,510.69,28.99,10.74,1299.45
1994-4-26,0,4.691747537,1.5291,512.47,28.17,9.92,1233.45
1994-4-27,0,4.745005687,1.4725,500.47,28.49,10.89,1310.92
1994-4-28,0,4.676618641,1.4158,483.53,27.92,11.5,1360
1994-4-29,0,3.720662922,1.3875,378.65,21.53,11,1320
1994-4-30,0,4.048143131,1.3592,386.07,24.27,13.22,1515.74
1994-5-1,3,4.165757421,1.3309,306.82,24.5,12.5,1440
1994-5-2,0,3.969384409,1.3026,505.23,20.5,4.22,817.51
1994-5-3,0,3.511981425,1.2459,450.99,17,4,800
1994-5-4,10.62,2.867476944,1.2459,209.54,14.5,7.5,1040
1994-5-5,0,3.426418391,1.5857,362.02,18,8.5,1120
1994-5-6,3,3.854875593,1.5291,314.88,20.5,8.73,1138.17
1994-5-7,6.19,3.763891084,1.4442,363.99,18.07,3.5,800
1994-5-8,9.9,3.395055551,1.784,255.13,17.75,8.9,1152.06
1994-5-9,0,4.034765836,1.9822,449.16,20.99,8.05,1083.89
1994-5-10,0,3.90805998,1.5574,413.62,20.5,9.04,1163.6
1994-5-11,0,4.240673371,1.5857,521.21,21,4,800
1994-5-12,4,4.164977882,1.5291,321.06,22,9.57,1205.58
1994-5-13,0,4.07432438,1.5008,458.17,20.3,6.62,969.83
1994-5-14,0,4.300874649,1.4158,539.15,20.67,1.83,706.03
1994-5-15,0,4.695113964,1.3309,497.8,24.39,7.81,1064.49
1994-5-16,2.88,4.68693818,1.3875,308.73,26.5,14.47,1637.61
1994-5-17,0,4.114215235,1.3592,413.24,21,8.98,1158.32
1994-5-18,9.98,3.645666635,1.2459,269.85,18,8.23,1098.01
1994-5-19,10.96,2.919940379,1.4158,179.7,14.5,8.5,1120.25
1994-5-20,2.1,2.621136682,1.5008,225.1,11.5,6,920
1994-5-21,0,3.926960365,1.4158,496.56,17.47,2.88,750.38
1994-5-22,0,4.815184091,1.2743,542.81,23.81,5,880
1994-5-23,0,5.58905426,1.1044,546.99,29.5,8.5,1120
1994-5-24,0,5.527708934,1.076,487.32,30,13.5,1560
1994-5-25,12.76,4.944077057,1.2459,294.37,28.02,16.49,1878.1
1994-5-26,5.76,5.110986959,1.3592,330.49,27.97,14.65,1663.35
1994-5-27,6.92,4.561549081,1.4442,358.67,22.66,8.6,1128.16
1994-5-28,0,4.264685832,1.2743,515.82,19.36,3.78,800
1994-5-29,0,4.676012761,1.076,493.55,23.01,8,1080
1994-5-30,0,4.733075759,0.9911,422.71,25.1,12.96,1476.97
1994-5-31,0,4.852504986,0.9061,441.74,25.47,12.5,1440
1994-6-1,0,5.332575182,0.8778,428.29,29.49,16.5,1880
1994-6-2,0,5.062565651,0.7929,461.84,26.5,12.56,1444.7
1994-6-3,0,4.982838902,0.7646,513.9,24.52,7.85,1068.25
1994-6-4,0,5.2170841,0.7362,497.36,26.5,10.22,1257.59
1994-6-5,0,5.096498365,0.7079,474.48,26,11,1319.79
1994-6-6,0,4.424489758,0.7079,304.11,25.7,17.24,1958.45
1994-6-7,0,5.197148567,0.7362,341.88,30.5,20.23,2356.59
1994-6-8,5.83,5.129011312,0.7362,310.04,28.53,17.04,1926.13
1994-6-9,0,5.023868287,0.7362,471.41,25.35,10.71,1297.19
1994-6-10,0,5.309003844,0.7079,492.31,27.01,11,1320
1994-6-11,0,5.103121652,0.6796,465.8,26,11.5,1360
1994-6-12,0.01,4.497544637,0.6796,302.05,26.21,17.78,2045.53
1994-6-13,0,5.204324045,0.6513,373.58,29.49,18.5,2120
1994-6-14,0,5.313489336,0.623,347.82,31.26,21,2480
1994-6-15,3.22,5.949680595,0.623,357.56,33.91,21.11,2497.15
1994-6-16,0,5.125321995,0.623,331.23,30.47,20.92,2467.36
1994-6-17,0,4.190610144,0.623,244.98,26.52,19.99,2319.51
1994-6-18,0,4.840471177,0.623,308.1,29.14,20.5,2399.62
1994-6-19,1.66,5.857774672,0.5947,356.25,33.68,21.5,2560
1994-6-20,0,5.447055267,0.5663,384.02,30.98,19.5,2280
1994-6-21,0,5.296166175,0.5663,428.94,28.66,16,1800
1994-6-22,0,5.308535495,0.5663,378.06,30.5,19.68,2294.35
1994-6-23,0,5.764916792,0.538,481.37,30.79,15.5,1760.36
1994-6-24,0,5.348365473,0.538,355.65,31.6,21.39,2542.4
1994-6-25,0,5.316498109,0.5097,349.6,31.69,21.75,2599.45
1994-6-26,0,5.727849416,0.4814,475.16,30.82,16,1799.31
1994-6-27,11.49,5.128384994,0.4814,288.96,29.21,18.56,2130.36
1994-6-28,0,5.02160562,0.5097,373.04,29,18.96,2135.17
1994-6-29,0,5.024218657,0.5097,374.86,29.05,19,2139.37
1994-6-30,7.9,4.592555517,0.5663,251.93,27.06,18.5,2120
1994-7-1,0,4.945257051,0.538,381.51,28.49,18.5,2036.99
1994-7-2,0,5.433080974,0.4814,457.61,29.97,17.09,1729.5
1994-7-3,13.54,5.345290355,0.4814,299.62,31,20,2320
1994-7-4,0,4.863310559,0.538,383.5,28.16,18.38,2070.5
1994-7-5,0,5.054540792,0.5097,393.96,29.49,19.31,2163.94
1994-7-6,0,5.440332692,0.4814,404.73,32,20.99,2345.32
1994-7-7,0,5.841496202,0.4531,448.8,33.51,20.5,2146.35
1994-7-8,0,5.581086923,0.4248,378.14,33.93,23.43,2729.46
1994-7-9,0,5.838211285,0.4248,403.29,35,23.5,2672.46
1994-7-10,0,5.642383647,0.3964,416.3,33.5,22,2392.97
1994-7-11,0,5.320450148,0.3964,462.65,29.96,17.41,1748.57
1994-7-12,0,5.444525743,0.3964,509.83,29.5,14.5,1392.54
1994-7-13,0,5.674224993,0.3681,468.95,32.42,19,1802.22
1994-7-14,42.68,5.445410111,0.3964,301.43,32.63,21.5,2410.43
1994-7-15,44.29,5.21101313,0.9345,288.48,31.5,21.08,2492.77
1994-7-16,0,4.812531388,1.4158,330.91,30.54,22,2639.8
1994-7-17,0,5.26067021,0.9345,414.95,31,19.48,2257.58
1994-7-18,13.54,4.412050271,0.7079,217.82,29,21.71,2594.12
1994-7-19,0,4.790691615,0.7646,347.65,29.99,21,2479.76
1994-7-20,0,5.100766709,0.6513,361.42,32,22.28,2684.79
1994-7-21,0,4.726987833,0.5663,307.25,31.42,23.5,2880
1994-7-22,0,4.681579278,0.4814,315.35,30.9,22.87,2778.92
1994-7-23,6.51,4.435001479,0.4814,230.61,29.5,22,2640.6
1994-7-24,7.86,4.720763676,0.4814,268.95,30,21,2480
1994-7-25,0,5.07807806,0.4531,404.68,31.27,20.5,2400
1994-7-26,12.95,4.870134385,0.5097,303.29,29.92,19.5,2280
1994-7-27,11.13,4.37703676,0.7079,257.6,28.22,20,2320.7
1994-7-28,4.79,3.914696368,0.6796,200.04,27.59,21.5,2559.89
1994-7-29,5.14,4.160602411,0.5663,243.94,27.5,20,2320
1994-7-30,0,4.445573466,0.538,353.69,29,20.5,2400
1994-7-31,3.88,4.128976987,0.538,226.95,28.5,21.5,2560
1994-8-1,0,4.436249977,0.5097,364.08,29,20.32,2371.21
1994-8-2,2,4.377189442,0.4814,343.04,29.5,21.4,2543.44
1994-8-3,1.55,4.3603134,0.4814,342.02,29.57,21.5,2560
1994-8-4,0,4.641512354,0.4814,384.24,30.5,21,2480
1994-8-5,35.91,4.627164733,0.538,311.26,29.53,19.14,2222.6
1994-8-6,0,4.132355274,0.9345,476.79,23.64,11.77,1381.38
1994-8-7,0,4.329028731,0.8212,510.13,24.5,10.5,1280
1994-8-8,0,4.428544664,0.5947,511.02,25.44,10.98,1318.68
1994-8-9,0,4.543531463,0.5097,511.96,26.5,11.5,1360
1994-8-10,0,4.401142011,0.4814,443.32,27.47,16,1800
1994-8-11,0,4.325229588,0.4531,462.63,26.5,14.4,1631.84
1994-8-12,8.46,4.32975585,0.4814,311.34,28.23,17.85,2056.15
1994-8-13,0,4.457267136,0.4814,380.24,30.6,21,2480
1994-8-14,27.45,4.566531969,0.4814,289.16,31.5,21.54,2565.7
1994-8-15,25.64,4.369999272,0.8212,338.88,27.99,15.95,1796.36
1994-8-16,0,4.019394229,0.8212,455.75,25,13.28,1524.42
1994-8-17,10.1,3.580695867,0.6796,247.17,25,17.5,2000
1994-8-18,0,3.529637598,0.7362,278.76,26.84,20.5,2400
1994-8-19,0,3.959696927,0.6796,358.37,28.17,19.5,2280
1994-8-20,0,4.134752991,0.5663,404.41,28.38,18,2080
1994-8-21,13.12,3.81095664,0.538,249.85,28.01,20,2320
1994-8-22,16.24,3.677101059,0.623,257.8,26.49,18.3,2103.85
1994-8-23,0,3.523979082,0.5947,411.8,23,13,1480
1994-8-24,0,3.834040837,0.5947,484.27,24.28,10.46,1277.16
1994-8-25,0,3.88027621,0.5947,481.61,25,11,1320
1994-8-26,7.91,3.733822252,0.5097,286.62,26.5,16.74,1899.1
1994-8-27,0,4.07838986,0.4814,410.69,29,17.47,1995.71
1994-8-28,0,4.118069754,0.4531,393.37,30,18.84,2175.08
1994-8-29,0,4.073048889,0.4531,424.45,29,16.5,1880
1994-8-30,0,3.828572227,0.4531,465.27,26,11.55,1363.77
1994-8-31,0,3.739121615,0.4248,443.24,25.84,12.5,1440
1994-9-1,0,3.686924263,0.4248,365.73,27.49,17.2,1952.24
1994-9-2,0,3.535951861,0.3964,412.82,25,13,1480
1994-9-3,0,3.42986408,0.3964,443.49,23.5,9.98,1238.31
1994-9-4,0,3.178230775,0.3964,398.87,22.01,10.74,1299.22
1994-9-5,0,3.268657589,0.3964,437.47,22.5,9.19,1174.93
1994-9-6,0,3.384378831,0.3964,458.53,23.71,8.71,1136.4
1994-9-7,0,3.472501745,0.3964,416.08,25.74,12.82,1465.88
1994-9-8,0,3.538790315,0.4248,448.2,26.22,11.19,1335.04
1994-9-9,0,3.536203048,0.3964,424.35,26.9,13,1480
1994-9-10,0,3.395731753,0.3681,411.34,26,12.86,1468.73
1994-9-11,0,3.216155019,0.3681,445.09,23.85,8.81,1145.05
1994-9-12,0,3.171938517,0.3681,441.64,23.75,8.62,1129.58
1994-9-13,0,3.51649111,0.3681,431.64,28,12.27,1421.93
1994-9-14,0,3.717901286,0.3681,402.42,30.74,16.03,1805.26
1994-9-15,0,3.317800366,0.3681,325.11,28.47,17.94,2070.85
1994-9-16,0,3.086020233,0.3681,283.1,27.37,18.49,2119.16
1994-9-17,12.25,3.346607619,0.3681,248.78,29.23,18,2080
1994-9-18,18.52,3.110845492,0.538,248.75,27,16,1800
1994-9-19,0,2.970570384,0.538,418.22,24.5,9,1160
1994-9-20,0,2.891430935,0.4531,414.05,24,8.48,1118.07
1994-9-21,0,2.844790804,0.4248,393.49,24,9.5,1200
1994-9-22,48.1,2.433528891,0.538,191.98,21.52,13.35,1536.53
1994-9-23,17.36,2.03439191,1.2743,112,20.5,16,1800
1994-9-24,0,2.389806031,1.4158,223.31,22.98,16,1800
1994-9-25,0,2.56643755,0.8495,283.49,24,14.73,1677.28
1994-9-26,5.83,2.183362788,0.6796,136.92,23,17.72,2035.88
1994-9-27,15.67,2.365414921,1.0194,149.83,24.83,18.5,2120
1994-9-28,0,2.630985781,1.1044,352.32,25,12.5,1440
1994-9-29,0,2.315726909,0.7646,324.13,21.5,10.81,1304.86
1994-9-30,0,2.193541882,0.623,335.21,19.99,8.92,1153.45
1994-10-1,0,2.287619125,0.5663,357.61,21.62,9,1160
1994-10-2,2,2.210400365,0.5663,327.91,21.26,10.14,1251.24
1994-10-3,0,1.976988385,0.538,352.05,17.81,5.72,920
1994-10-4,0,1.864669005,0.5097,340.83,16.5,4.99,878.88
1994-10-5,0,1.792818055,0.5097,322.83,15.91,5.27,901.66
1994-10-6,0,1.807949499,0.4814,390.58,16.5,1.5,680
1994-10-7,0,1.91765923,0.4814,381.99,19,4,800
1994-10-8,0,2.014712462,0.4814,383.79,21.35,5.5,920
1994-10-9,0,2.148475175,0.4814,342.92,23.83,10.5,1280.03
1994-10-10,0.52,1.938755686,0.4814,329.37,20.99,8.77,1141.33
1994-10-11,0,1.65272541,0.4814,366.18,16.5,2.2,720
1994-10-12,0,1.636865822,0.4531,376.35,17,1.48,678.42
1994-10-13,0,1.671336132,0.4531,351.45,18,4.25,819.77
1994-10-14,0,1.570142615,0.4531,249,17.01,8.71,1136.99
1994-10-15,0,1.55941554,0.4531,275.9,17,7.5,1040
1994-10-16,0,1.580726586,0.4531,362.51,18.5,2.86,748.81
1994-10-17,0,1.573886147,0.4531,359.8,19.08,3.26,780.55
1994-10-18,0,1.613635998,0.4531,360.8,20.92,4.02,801.52
1994-10-19,0,1.694759252,0.4531,336.16,22.5,7.48,1038.11
1994-10-20,0,1.649019935,0.4531,272.07,21.5,10.88,1310.15
1994-10-21,0,1.618522914,0.4531,277.64,21.5,10.49,1279.37
1994-10-22,0,1.519647653,0.4531,328.87,21.02,6.16,932.91
1994-10-23,16.01,1.460126495,0.4814,167.65,19.5,10.9,1312.17
1994-10-24,0,1.423979527,0.538,307.07,19.94,6.26,940.87
1994-10-25,0,1.381431703,0.5097,298.85,19.56,6.21,936.75
1994-10-26,0,1.187729451,0.4814,263.22,15,4.05,803.88
1994-10-27,0,1.114959108,0.4814,280.42,14.06,1.85,707.96
1994-10-28,0,1.103218497,0.5947,320.45,15.98,0,600
1994-10-29,0,1.161779496,0.4814,302.81,17.73,2.83,746.17
1994-10-30,0,1.339538739,0.4531,276.14,22,8.34,1107.36
1994-10-31,0,1.327506594,0.4531,265.45,22.11,9.03,1162.74
1994-11-1,9.73,1.28382608,0.5097,144.41,20.5,11.83,1386.57
1994-11-2,0,1.144405308,0.5947,225.46,17.99,7.72,1057.28
1994-11-3,0,1.06906282,0.5097,288.45,19.04,3.91,805.11
1994-11-4,0,1.194197863,0.5097,264.11,22,8.24,1099.22
1994-11-5,0,1.250662204,0.4814,239.18,23,10.87,1309.26
1994-11-6,0.05,1.217153511,0.5097,164.73,21.5,13.82,1585.58
1994-11-7,0,1.019213877,0.538,244.76,18.5,6.5,960
1994-11-8,0,0.859763006,0.5097,300.41,18.98,1,640
1994-11-9,0,1.105089189,0.4814,251.06,22.93,9.31,1185.02
1994-11-10,7.14,0.916647947,0.538,196.24,19,4.86,868.73
1994-11-11,0,0.722434878,0.538,240.55,11.36,-0.46,597.52
1994-11-12,0,0.698485817,0.5097,260.29,12.44,-1.17,560
1994-11-13,0,0.788993266,0.4814,260.63,17.44,2.84,747.41
1994-11-14,0,0.840301831,0.4814,232.75,18,5.5,920
1994-11-15,0,0.902062195,0.4814,213.96,19.53,8.23,1098.38
1994-11-16,2.09,0.861998261,0.4814,148.48,16.5,9.21,1176.52
1994-11-17,4.58,0.76716009,0.538,68.89,12.81,8.72,1137.95
1994-11-18,6.1,0.848165325,0.5663,70.1,16.38,12.15,1411.96
1994-11-19,5.55,0.798511548,0.6513,154.02,17.75,7.5,1040
1994-11-20,0,0.651748568,0.5947,230.87,14.51,2.58,731.24
1994-11-21,19,0.702307624,0.5663,171.43,17.21,5.11,889.02
1994-11-22,0,0.725773365,0.7079,215.6,17.86,6.5,960
1994-11-23,0,0.533255055,0.623,229.39,11,-0.93,565.53
1994-11-24,0,0.45711244,0.5663,227.64,7,-4.57,440
1994-11-25,0,0.522960396,0.5663,211.99,10.3,-0.39,592.9
1994-11-26,0,0.502305376,0.5947,223.59,11,-0.74,580.55
1994-11-27,14.18,0.461397568,0.6513,173.1,9.96,-2.31,520
1994-11-28,13.04,0.609423642,0.7929,163.31,17.21,5.3,900.04
1994-11-29,0,0.547075211,0.7929,229.22,16.5,3.5,800
1994-11-30,0,0.510670901,0.6796,213.61,13.06,1.75,700.08
1994-12-1,0,0.39830338,0.623,238.8,10.5,-3.22,480
1994-12-2,0,0.378309112,0.5663,241.74,10.98,-3.5,480
1994-12-3,0,0.422260139,0.5663,234.64,13.74,-0.26,600
1994-12-4,3.75,0.521976285,0.5663,172.6,16.43,4.34,826.86
1994-12-5,12,0.671597031,0.6513,111.24,17.5,9.85,1228.27
1994-12-6,0,0.655267378,0.7079,161.08,18,9.5,1200
1994-12-7,0,0.560139006,0.6513,205.34,18.79,6.88,990.59
1994-12-8,0,0.358568428,0.5947,236.26,13,-1.5,560
1994-12-9,0.21,0.330784319,0.5663,224.42,7.81,-4.92,440
1994-12-10,13.64,0.452787392,0.6796,131.5,10.26,1.45,675.61
1994-12-11,8.87,0.442746537,0.9911,141.38,11.32,1.54,682.98
1994-12-12,0,0.34095953,0.8778,192.34,4.53,-5.14,428.72
1994-12-13,0,0.36343579,0.7362,181.56,5.19,-3.64,468.45
1994-12-14,0,0.425138572,0.6796,167.49,8.3,0.27,621.24
1994-12-15,2,0.443730948,0.6796,127.69,6.5,0.75,639.7
1994-12-16,0,0.416457257,0.6513,134.31,5.26,-0.75,580.05
1994-12-17,3.05,0.45822395,0.6513,113.05,9.24,2.16,720
1994-12-18,0,0.448154831,0.6513,164.55,10,2,720
1994-12-19,0,0.369965344,0.623,197.74,8.41,-1.74,541.11
1994-12-20,0,0.306847306,0.5947,225.25,7.98,-4.7,440
1994-12-21,0,0.300223428,0.5663,232.91,9.85,-4,440
1994-12-22,0,0.281456097,0.5663,240.68,11.51,-3.83,453.47
1994-12-23,0,0.424886302,0.5663,201.06,13,2.14,715.03
1994-12-24,3.47,0.527297935,0.5663,96,11.5,5.5,920
1994-12-25,4.45,0.501774556,0.6513,116.87,12,4.5,840
1994-12-26,0,0.36385425,0.623,221.98,11.36,-1,560
1994-12-27,0,0.268709653,0.5947,248.53,11.5,-4.81,440
1994-12-28,0,0.31677474,0.5663,239.11,12,-2.74,500.6
1994-12-29,0,0.358852661,0.5663,223.74,10.5,-2,520
1994-12-30,0,0.30681671,0.5663,223.87,4.95,-7.1,360
1994-12-31,0,0.274516987,0.5663,245.06,6.23,-8.5,320
1995-1-1,4.37,0.474898023,0.623,175.9,11.5,2.37,727.7
1995-1-2,0,0.421683852,0.623,253.09,9.79,-0.5,600
1995-1-3,0,0.349188108,0.5663,240.25,2.47,-6.38,369.32
1995-1-4,0,0.367587617,0.5663,222.12,2.24,-5.57,400.07
1995-1-5,0,0.303791911,0.5663,260.95,-0.5,-10.5,280
1995-1-6,0,0.302669687,0.5663,299.5,6.58,-8.7,320
1995-1-7,26.43,0.436865819,1.1893,208.56,11.73,-0.67,586.34
1995-1-8,0,0.445115864,1.4158,225.95,6,-1.96,523.01
1995-1-9,0,0.405162439,0.9911,254.48,5.41,-4.58,440
1995-1-10,0,0.404090831,0.8212,241.89,4,-5.22,422.16
1995-1-11,0,0.463567638,0.7362,199.29,5.43,-2.09,520
1995-1-12,0,0.54966575,0.7079,230.18,11.76,2.05,715.4
1995-1-13,0,0.685434269,0.6796,225.21,17,7.23,1018.32
1995-1-14,0,0.797162242,0.6796,202.86,19.19,10.78,1302.23
1995-1-15,0,0.843856521,0.6513,166.79,19.12,12.68,1454.46
1995-1-16,3.05,0.786544392,0.7079,143.58,17.37,9.93,1234.58
1995-1-17,2,0.708920092,0.6796,179.62,13.58,7,1000
1995-1-18,0,0.657823818,0.6796,132.95,10,5.5,920
1995-1-19,0.36,0.628214535,0.6513,95.41,7.92,4.81,865.19
1995-1-20,18.78,0.701010671,0.8778,173.07,13.5,4.5,840.25
1995-1-21,1.65,0.642677509,1.1044,188.74,9,2.5,720.36
1995-1-22,0,0.571535974,0.8778,199.65,5.5,-1.26,560
1995-1-23,0,0.539888929,0.7646,227.12,4.17,-3.77,458.14
1995-1-24,0,0.547149753,0.7079,242.34,4.42,-4.26,440
1995-1-25,0,0.614945961,0.7079,227.82,6.54,-1.33,560
1995-1-26,0,0.595378477,0.6796,265.08,6.25,-3.66,467.26
1995-1-27,0,0.576981605,0.6796,231.88,3.79,-4,440
1995-1-28,0,0.562313367,0.6513,187.95,2,-3.82,454.42
1995-1-29,0,0.548052964,0.623,255.32,1.83,-6.88,360
1995-1-30,0,0.619507795,0.623,266.62,4.69,-4.64,436.82
1995-1-31,0,0.655550862,0.6513,296.58,6.69,-4.93,431.97
1995-2-1,0,0.728794313,0.623,305.21,9.49,-3.1,480
1995-2-2,0,0.760240199,0.5663,284.02,8.92,-1.51,558.99
1995-2-3,0,0.622473988,0.623,315.22,3.9,-8.86,320
1995-2-4,21.2,0.654758913,0.7929,190.57,3.07,-5.13,429.36
1995-2-5,0,0.592195865,0.7646,293.21,0.5,-9.5,280
1995-2-6,0,0.474038418,0.6513,274.14,-5.33,-13.81,200
1995-2-7,0,0.541418922,0.6796,297.26,-2.65,-12.38,240
1995-2-8,0,0.568168597,0.6796,312.72,-1.85,-12.46,240
1995-2-9,0,0.606775983,0.6796,283.13,-1.14,-9.83,280
1995-2-10,0,0.753930995,0.623,299.56,3.82,-5.86,395.03
1995-2-11,0,0.920576375,0.623,305.6,8.72,-1.46,555.03
1995-2-12,0,0.77499992,0.623,361.7,4.99,-10.66,280
1995-2-13,0,0.599265845,0.5947,290.07,-3.19,-11.89,240
1995-2-14,0,0.738027723,0.5663,347.26,1.7,-10.9,277.52
1995-2-15,9.53,0.800246717,0.5947,282.52,3,-8.68,320
1995-2-16,10.08,0.896790327,0.7929,183.9,5.5,-0.65,588.27
1995-2-17,0,1.012268112,0.8495,344.92,7.93,-2,520
1995-2-18,0,1.009293804,0.7646,387.87,7.6,-5.01,438.85
1995-2-19,0,1.159949686,0.7079,410.22,11.5,-3.57,467.9
1995-2-20,0,1.239638853,0.7079,396.68,12.5,-1.26,560
1995-2-21,3.94,1.12415318,0.7646,208.79,8.86,0.57,640
1995-2-22,0,1.072359762,0.7646,289.46,6.94,-2,520
1995-2-23,2,1.196994125,0.7362,286.25,9.55,0.73,640
1995-2-24,2.53,1.31014592,0.7079,278.32,11.49,1,640
1995-2-25,0,1.116887885,0.6796,363.9,6.5,-6.26,379.45
1995-2-26,0,1.035910494,0.6796,255.6,4.5,-2.81,496.2
1995-2-27,0,1.150456671,0.7079,264.98,6.77,-0.9,570.13
1995-2-28,11.37,1.411619225,0.7646,205.23,12.11,3.99,805.41
1995-3-1,4.53,1.351351685,0.8495,219.76,10.13,1.5,680
1995-3-2,0,1.1831728,0.7362,293.41,6,-2.3,520
1995-3-3,0,1.175628076,0.7079,291.02,5.49,-2.5,520
1995-3-4,0,1.139963545,0.6796,206.74,5.74,0.5,639.36
1995-3-5,0,1.376501897,0.6513,339.78,8.5,-1.15,560
1995-3-6,0,1.604458714,0.6796,341.42,12.5,2.6,727.77
1995-3-7,0,1.745944318,0.623,374.59,14.28,2.63,730.52
1995-3-8,12.98,1.917572162,0.6513,284.11,16.72,4.73,858.36
1995-3-9,14.16,1.769561256,0.9911,326.84,13.65,-3.03,480.53
1995-3-10,0,1.241791128,0.9061,357.52,3.56,-6.41,367.6
1995-3-11,0,1.486988141,0.7646,422.47,7.5,-6.49,360.91
1995-3-12,0,1.915966032,0.6796,438.19,14.49,-1.92,527.83
1995-3-13,0,2.215529952,0.7079,451.55,19,-0.28,600
1995-3-14,0,2.250398571,0.6796,432.55,18.64,2.5,720
1995-3-15,0,2.409043028,0.6513,436.71,20.46,3.5,800
1995-3-16,0,2.494223318,0.623,443.13,21.17,3.5,800
1995-3-17,0,2.662138541,0.5947,435.94,22.89,5.68,920
1995-3-18,0,2.34854132,0.5947,438.96,18,1.5,680
1995-3-19,0,2.079515216,0.5947,419.27,13.66,-0.65,588.19
1995-3-20,0,2.129269255,0.5947,417.03,13.98,-0.06,600
1995-3-21,7.43,2.272268749,0.7362,262.89,16.5,5.88,920
1995-3-22,5.53,2.176749965,0.7362,275.12,14.5,3.5,800
1995-3-23,0,1.932189722,0.8495,335.55,10.98,1.5,680
1995-3-24,0,1.976493464,0.8212,351.39,11.05,1.02,641.78
1995-3-25,0,2.176442255,0.8212,427.78,12.6,-1.17,560
1995-3-26,0,2.409772962,0.8212,425.64,15.4,1.52,681.29
1995-3-27,0,2.38854136,0.9061,414.52,14.87,1.8,704.23
1995-3-28,0,2.300998896,0.9628,394.28,13.57,1.58,686.69
1995-3-29,0,2.404420751,0.8778,453.04,13.93,-1.5,560
1995-3-30,1,2.085324781,0.8212,259.94,12.54,5.43,914.4
1995-3-31,0,2.247868255,0.8495,362.92,12.29,1.76,700.83
1995-4-1,0,2.313563417,0.7929,421.31,12,-1.13,560.07
1995-4-2,0,2.261522722,0.7929,417.45,11.03,-1.87,530.17
1995-4-3,0,2.399484204,0.7929,468.9,12,-4.28,440
1995-4-4,0,3.017015613,1.0194,481.04,18.9,0.71,623.83
1995-4-5,0,2.542251336,0.8495,481.88,13.01,-4.59,439.67
1995-4-6,0,2.317905666,0.5663,435.53,10.24,-4,440
1995-4-7,0,2.903126131,0.5097,446.37,16.75,1.35,667.23
1995-4-8,0,3.02192599,0.5097,481.18,17.5,-0.11,554.51
1995-4-9,2.3,3.382761938,0.5097,408.24,21.43,5.99,863.79
1995-4-10,3.56,2.946214344,0.7079,306.5,16.76,3.5,800
1995-4-11,0,2.424562852,0.5947,296.65,12.5,4,800
1995-4-12,9.09,3.084210226,0.623,283.49,18.43,6.85,988.25
1995-4-13,20.02,3.223167737,1.8689,292.97,19.5,7.5,1040
1995-4-14,0,2.874670067,1.8972,393.81,15.36,3.76,800
1995-4-15,0,2.866791539,1.2176,427.76,14.5,1.71,696.67
1995-4-16,0,3.270444521,0.8778,510.01,17.54,-0.44,561.93
1995-4-17,0,3.13828286,0.7362,465.82,16.38,1.69,679.11
1995-4-18,0,3.293428597,0.6796,462.96,17.79,3.24,752.85
1995-4-19,0,3.718401474,0.538,412.97,22.76,10.16,1206.81
1995-4-20,0,3.955350127,0.538,425.98,24.5,11.1,1256.67
1995-4-21,0,3.276723056,0.5663,313.01,20.29,11.59,1366.98
1995-4-22,1,4.145975597,0.623,460.84,25.13,10.12,1072.48
1995-4-23,0,3.72638295,0.538,471.77,20.68,5.54,806.6
1995-4-24,9.47,2.676084241,0.7929,214.4,13.49,6,920
1995-4-25,0,3.031306641,0.8212,354.67,15.59,6,920
1995-4-26,0,3.54555945,0.7079,434.93,19,6.26,902.98
1995-4-27,0,3.944036792,0.5663,494.68,21.49,5.39,798.97
1995-4-28,0,3.885629601,0.538,394.86,22.79,11.35,1273.77
1995-4-29,0,3.868821769,0.5097,483.57,20.5,5.18,795.23
1995-4-30,14.93,3.324629604,0.5947,278.2,17.26,7,1000
1995-5-1,8.7,2.782976327,1.161,205.63,14,7,1000
1995-5-2,11.22,2.44859942,0.9628,164.7,11.9,6.53,962.05
1995-5-3,0,3.634467926,0.9061,449.05,18.31,5.5,910
1995-5-4,0,3.927515368,0.7362,446.81,21,8.19,1075.04
1995-5-5,2.21,3.663195047,0.6796,362.78,20,9.9,1232.19
1995-5-6,0,3.886420952,0.623,444.58,20.5,8.23,1043.31
1995-5-7,0,4.132956381,0.5947,539.78,20.65,3,680
1995-5-8,0,3.99399035,0.538,496.42,20.06,5.53,835.94
1995-5-9,0,4.149179905,0.5097,534.73,20.54,3.5,700.32
1995-5-10,35.05,3.742434071,1.1327,292.93,19.88,9.75,1219.83
1995-5-11,1.77,3.625301372,1.4158,346.43,19.85,11.08,1326.08
1995-5-12,0,4.040537811,0.9911,404.89,22,11.22,1337.69
1995-5-13,0,4.353678348,0.8212,468.39,23,9.55,1165.41
1995-5-14,5.39,3.583138675,0.7646,272.71,18.58,9.5,1200
1995-5-15,4.27,3.86247071,0.8495,284.88,20.75,11.08,1326.08
1995-5-16,0,4.560017074,0.7362,526.05,23.13,6.76,941.41
1995-5-17,19.98,3.988776948,0.8495,272.08,22.38,13.27,1523.52
1995-5-18,9.05,3.926352141,1.6707,223.13,24.24,16.94,1915.56
1995-5-19,8,4.568030751,1.699,349.41,24.37,11.5,1360
1995-5-20,0,4.877533518,1.6141,536.39,25,7.86,1028.74
1995-5-21,0,4.92428074,1.1893,480.16,26.5,12.38,1429.38
1995-5-22,0,4.822411298,0.9061,465.18,26,12.76,1460.83
1995-5-23,0,4.829829029,0.7646,524.73,24.5,8.29,1063.32
1995-5-24,0,4.93355496,0.7079,458.62,26.73,13.5,1548.95
1995-5-25,7.69,5.12542777,0.6796,334.11,28.5,15.6,1768.26
1995-5-26,14.81,4.221964525,0.8212,281.96,23,13.35,1536.53
1995-5-27,0,4.190121551,0.7646,435.15,21.02,9.7,1216.13
1995-5-28,3.12,4.076780349,0.6796,309.33,20.67,10.33,1266.55
1995-5-29,2.08,4.343171604,0.6513,362.61,24.31,15,1720
1995-5-30,5.66,4.260381984,0.6513,256.69,24.51,16.03,1805.5
1995-5-31,0,5.113107596,0.623,501.64,26.48,11.39,1330.48
1995-6-1,0,5.159229419,0.538,491.09,26.88,12,1399.28
1995-6-2,0,4.85859979,0.5097,401.5,27,16.02,1802.77
1995-6-3,2.61,4.710532732,0.5097,286.85,27.97,19,2200
1995-6-4,0,4.909836565,0.5097,407.5,27.15,16,1800
1995-6-5,0,4.989949505,0.5097,468.85,25.96,12.5,1440.03
1995-6-6,3.56,4.591921804,0.4814,312.24,24.55,13.85,1588.27
1995-6-7,24.83,4.831884622,1.0194,274,28,18.4,2112
1995-6-8,0,5.294412614,1.0194,398.68,30.5,19.53,2281.91
1995-6-9,0,4.682845229,0.6796,386.62,26.14,16.26,1841.11
1995-6-10,0,3.804864118,0.5947,270.18,22.8,16.5,1880
1995-6-11,0,4.69375196,0.538,373.22,26.7,17.25,1960.65
1995-6-12,8.69,4.856027373,0.538,292.46,27.5,17.5,2000
1995-6-13,7.85,3.858136518,0.5663,239.72,21.31,14,1600
1995-6-14,9.51,4.148192381,0.623,271.18,22.5,14,1600
1995-6-15,0,4.865791604,0.5947,475.99,25,12.33,1426.24
1995-6-16,0,5.267239776,0.538,525.12,26.54,10.64,1290.52
1995-6-17,0,5.341217178,0.4814,524.93,26.96,10.67,1293.98
1995-6-18,0,5.538370974,0.4248,502.46,28.92,13.51,1559.71
1995-6-19,0,5.68325434,0.3964,491.86,30.24,15.17,1733.2
1995-6-20,0,5.633898349,0.3681,434.41,31.55,19,2199.89
1995-6-21,0,4.981851732,0.3681,359.41,29.36,19.98,2318.31
1995-6-22,0,4.328369642,0.3964,324.26,25.5,17.75,2040.65
1995-6-23,11.5,3.368468942,0.4814,156.07,22.05,17.51,2000.93
1995-6-24,4.28,3.731358417,0.538,186.57,23.84,18.36,2108.54
1995-6-25,0,4.560198542,0.4814,338.82,27.5,19.5,2280
1995-6-26,0,4.61434389,0.4248,331.41,28.35,20.5,2400
1995-6-27,0,4.182570982,0.4248,338.35,24.4,16.84,1907.22
1995-6-28,0,3.930410341,0.4248,358.23,21.37,13.59,1567.21
1995-6-29,0,4.780323095,0.3681,486.66,24.5,11.98,1398
1995-6-30,0,5.139486389,0.3398,495.89,27,13.55,1564
1995-7-1,4.19,4.893561182,0.3398,307.85,28,18,2080
1995-7-2,3.68,4.742604228,0.3681,293.51,27.55,18.26,2100.87
1995-7-3,0,4.917331156,0.3964,464.31,26.5,14.73,1676.94
1995-7-4,0,5.055873216,0.3398,466.77,27.5,15.4,1752.04
1995-7-5,0,4.927794312,0.3115,401.36,28.8,19,2200
1995-7-6,0,5.053058288,0.2832,415.47,29.32,18.95,2192.71
1995-7-7,9.41,4.826163115,0.2832,294.33,28.45,19,2200
1995-7-8,0,5.041793823,0.3115,415.5,29.37,19,2200
1995-7-9,0,5.152087017,0.3115,499.7,27.5,13.74,1579.45
1995-7-10,1.6,4.925686596,0.3115,475.51,26.5,14,1600
1995-7-11,24.28,4.999161882,0.7079,323.6,28.46,17.36,1977.43
1995-7-12,0,5.258701235,0.9345,444.95,30,18.01,2080.8
1995-7-13,0,5.211755071,0.5663,403.79,30.96,20.25,2359.55
1995-7-14,0,5.410283488,0.4814,385.82,33,22.47,2715.04
1995-7-15,0,6.045530003,0.3681,400.7,36.68,24.65,3104.32
1995-7-16,31.05,5.713819116,0.623,322.49,33.88,21.5,2560
1995-7-17,0,5.318049806,0.8778,420.44,31.68,20.35,2375.51
1995-7-18,0,5.275195599,1.1327,394.24,32.42,22,2640
1995-7-19,0,5.309116649,1.1044,435.2,31.5,19.8,2303.91
1995-7-20,0,5.419977961,0.6513,479.68,31,17.28,1964.42
1995-7-21,3.81,4.956688722,0.5097,276.91,31.3,21.94,2630.23
1995-7-22,0.58,4.723039384,0.4531,348.43,30.34,21.74,2598.45
1995-7-23,0,4.982118366,0.3964,369.17,31.56,22.01,2642.38
1995-7-24,1.66,5.292539363,0.3681,407.97,32.5,21.25,2519.55
1995-7-25,0.4,4.96528955,0.4248,329.27,32.54,23.57,2896.16
1995-7-26,0,4.777361007,0.3681,307.05,32.5,24.49,3078.1
1995-7-27,0,5.246218405,0.3115,380.3,33.32,22.77,2763.87
1995-7-28,1.49,5.191810927,0.3115,376.38,33,22.44,2709.74
1995-7-29,0,4.807109123,0.2832,305.09,33.11,25,3160
1995-7-30,0,5.416562287,0.2718,421.13,33.66,21.43,2548.91
1995-7-31,0,5.665467276,0.2605,495.47,33.45,17,1920
1995-8-1,0,5.458768998,0.2549,460.21,33,18.74,2158.45
1995-8-2,0,5.316083773,0.269,393.68,34,22.48,2716.15
1995-8-3,0,5.138048036,0.2549,373.91,33.52,22.86,2777.09
1995-8-4,0,5.317178153,0.2464,388.04,34.46,23,2800
1995-8-5,0.37,5.274344809,0.252,376.91,34.5,23.25,2840
1995-8-6,56.75,4.272178552,0.7929,236.85,29.14,21,2480
1995-8-7,29.77,3.623771955,1.8406,221.99,24,17,1920
1995-8-8,0,4.157907475,1.5008,424.5,25,14,1600
1995-8-9,0,4.259822079,0.8495,428.33,26,14.71,1672.91
1995-8-10,0,4.507234897,0.5947,437.49,28.01,15.92,1793.41
1995-8-11,0,4.645097094,0.4814,413.9,30,18.49,2118.88
1995-8-12,0,4.898681548,0.4248,422.32,31.88,19.5,2280
1995-8-13,0,4.543760598,0.4248,349.46,31.5,21.94,2631.11
1995-8-14,0,4.64105972,0.3964,396.87,31,19.83,2306.54
1995-8-15,0,4.495679036,0.3398,382.3,30.5,20,2320
1995-8-16,0,4.399239276,0.3964,363.89,30.5,20.65,2424.56
1995-8-17,0,3.886699771,0.3398,256.92,30.36,23.74,2937.67
1995-8-18,0,4.530357274,0.3115,365.65,32,21.86,2618.25
1995-8-19,0,4.425339099,0.3115,435.89,29.34,16.88,1910.42
1995-8-20,0,4.383019092,0.2832,484.86,27.94,12.82,1465.85
1995-8-21,0,4.807855779,0.2718,513.58,31.19,11.92,1393.72
1995-8-22,0,4.63797587,0.2662,414.69,31.99,19.19,2230.97
1995-8-23,0,4.461789235,0.2492,470.58,29.5,14.06,1605.13
1995-8-24,0,4.644302735,0.3115,456.42,31.5,16.11,1818.59
1995-8-25,0,4.49279252,0.2549,454.08,30.5,15.26,1741.05
1995-8-26,0,4.189291626,0.2435,486.68,27.53,10.5,1279.75
1995-8-27,0,4.052557381,0.2407,369.97,29,17.83,2053.36
1995-8-28,0,3.666113823,0.2492,298.63,27.74,19.2,2231.46
1995-8-29,0,4.006264165,0.3115,415.91,28,14.87,1698.96
1995-8-30,0,4.073863608,0.2832,417.26,28.9,15.5,1760.36
1995-8-31,0,4.282751165,0.2492,447.81,30.5,14.83,1693.04
1995-9-1,0,4.265876696,0.2237,356.29,32.5,20.93,2469.43
1995-9-2,0,3.931819121,0.2152,369.44,29.5,17.91,2065.46
1995-9-3,0,3.891605028,0.2095,409.71,28.5,15.1,1724.66
1995-9-4,0,3.862350186,0.2095,433.08,28.1,13.31,1529.04
1995-9-5,0,3.937367468,0.2095,414.92,29.38,15.03,1722.45
1995-9-6,0,3.99509313,0.2095,397.46,30.49,16.58,1882.88
1995-9-7,0,3.803220699,0.2124,362.38,29.67,17.5,2000
1995-9-8,0,3.822776454,0.2152,369.26,30.02,17.36,1977.37
1995-9-9,0,3.508457805,0.2237,315.64,28.5,18.3,2104.22
1995-9-10,0,3.417525741,0.218,376.14,26.5,14,1600
1995-9-11,0,3.261271611,0.2209,433.84,24.29,8.77,1141.38
1995-9-12,0,3.298638458,0.2152,446.97,25,8,1080
1995-9-13,0,3.376505452,0.2095,305.07,28.52,18.26,2100.63
1995-9-14,0,3.507304793,0.2039,275.4,31,21.46,2553.32
1995-9-15,0,3.472300649,0.2039,397.26,28.53,13.58,1559.5
1995-9-16,9.78,2.969152731,0.2067,242.8,24.5,13.75,1580
1995-9-17,59.65,2.222393782,0.7929,116.29,21,16.27,1843.52
1995-9-18,0,2.780836449,1.3592,299.73,23.5,13.73,1578.7
1995-9-19,0,2.851738712,0.9911,337.57,24,12.63,1450.49
1995-9-20,0,2.821217963,0.538,342.09,24,12.5,1440.36
1995-9-21,0,2.842539772,0.4248,299.78,25.56,15.65,1771.93
1995-9-22,22.24,2.728472767,0.4248,200.27,25.44,16.83,1906.36
1995-9-23,19.7,2.394636778,0.623,228.26,20.44,11,1320
1995-9-24,0,2.124066029,0.6513,277.53,17.5,9.33,1186.77
1995-9-25,9.07,2.291419333,0.5097,204.5,20.71,12.6,1447.61
1995-9-26,7.22,2.112181736,0.5947,161.89,20.15,13.91,1593.18
1995-9-27,0,2.432288337,0.5947,309.22,22.7,12.96,1477
1995-9-28,0,2.614212607,0.4814,362.68,24.74,12.08,1406.72
1995-9-29,0,2.478147412,0.4248,364.88,23.36,10.7,1296.13
1995-9-30,0,2.323395521,0.3964,342.7,21.92,10.62,1289.76
1995-10-1,0,2.321826291,0.3681,389.01,22,7.72,1057.3
1995-10-2,0,2.525636528,0.3398,391.74,25.5,9.91,1232.82
1995-10-3,0,2.600371413,0.3398,370.22,27.01,12.47,1437.5
1995-10-4,8.36,2.29492833,0.3115,174.17,25.5,17.92,2067.41
1995-10-5,34.2,2.135484289,0.5947,147.89,24.81,18.57,2131.32
1995-10-6,0,2.310898631,0.8778,197.43,27.93,21.44,2551.11
1995-10-7,5.34,2.22223864,0.7079,173.86,25.97,18.59,2138.78
1995-10-8,0,2.080900389,0.5097,315.97,22.5,12,1400
1995-10-9,0,1.96657933,0.4248,381.16,21,6.22,937.59
1995-10-10,0,1.964806149,0.3964,371.13,21.52,7.16,1012.91
1995-10-11,0,2.015025918,0.3964,369,23,8.28,1102.49
1995-10-12,0,2.164975597,0.3964,367.82,26.14,10.44,1275.55
1995-10-13,0,2.162744087,0.3681,352.58,26.5,11.76,1381
1995-10-14,28.57,2.109294844,0.3398,237.72,26,13.71,1576.82
1995-10-15,32.08,1.807524843,0.6796,230.06,21.58,10.5,1280
1995-10-16,0,1.490347022,0.7929,300.34,16.02,5.74,920
1995-10-17,0,1.49144281,0.5947,353.91,17,2.65,732.2
1995-10-18,0,1.543320898,0.5097,361.92,19.2,3.17,773.66
1995-10-19,0,1.63318419,0.4531,356.55,21.87,5.3,903.97
1995-10-20,11.61,1.686277106,0.4531,260.65,23.5,7.07,1005.48
1995-10-21,40.57,1.645406981,1.2176,208.09,22.02,10.92,1313.71
1995-10-22,0,1.410303273,1.8689,340.39,19,3.35,788.04
1995-10-23,0,1.475820272,1.5574,338.99,21.5,4.93,874.32
1995-10-24,0,1.562931512,0.9911,320.37,23.5,7.9,1072.4
1995-10-25,0,1.470566739,0.7929,294.72,21.5,8,1080
1995-10-26,0,1.216511546,0.6796,300.29,16.5,2.8,744.14
1995-10-27,0,1.257888305,0.5947,320.89,19.47,3,760
1995-10-28,17.8,1.41313343,0.8778,184.96,21.48,10.28,1262.01
1995-10-29,0,1.22478497,1.161,259.91,18,6.23,938.67
1995-10-30,0,1.094838865,0.9345,268.56,15.5,3.23,778.32
1995-10-31,0,1.119732418,0.7646,203.93,15.85,7.18,1014.03
1995-11-1,4.28,1.169511618,0.6796,133.72,17.68,10.18,1254.5
1995-11-2,5.82,1.307272946,0.7362,120.75,21.7,14.75,1680.1
1995-11-3,2.81,1.373502028,0.7362,166.75,23.66,14,1600
1995-11-4,5.34,0.980158861,0.7079,231.64,18.93,1.5,680
1995-11-5,0,0.773582796,0.6796,232.16,8.61,-1.69,544.49
1995-11-6,0,0.773692997,0.623,248.57,9.85,-1.8,536.2
1995-11-7,14.81,0.781369454,0.7079,198.99,11.76,-1.56,555.4
1995-11-8,14.36,0.804245006,1.1044,130.2,10.5,2.86,748.73
1995-11-9,0,0.671128029,1.1044,221.51,7,-3,480
1995-11-10,0,0.674161806,0.8495,280.95,10.94,-4.02,440
1995-11-11,20.86,0.86146341,0.7929,187.77,17,4.15,813.7
1995-11-12,20.7,0.723950005,1.3592,189.96,12.86,0,600
1995-11-13,0,0.611864507,1.6141,238.57,7.87,-3.66,467.54
1995-11-14,22.57,0.700803759,1.8972,141.11,10.37,1.74,699.22
1995-11-15,17.33,0.674301305,2.2937,132.35,9.5,1.5,680
1995-11-16,0,0.568717551,2.0954,232.36,7.65,-3.65,468.07
1995-11-17,0,0.528369197,1.5008,244.78,7.06,-5.2,423.92
1995-11-18,0,0.557833579,1.2176,242.86,9.28,-3,480
1995-11-19,2,0.619576253,1.1044,198.3,10.14,0.95,640.09
1995-11-20,0,0.57304035,1.0194,214.87,9.5,-0.79,576.67
1995-11-21,0,0.604946475,0.9628,221.74,12.14,1.22,657.46
1995-11-22,0,0.539481284,0.8778,222.6,9.5,-1.28,560
1995-11-23,6.01,0.480324912,0.8495,184.72,8.54,-3.77,458.67
1995-11-24,5.13,0.550485106,0.9628,104.85,6.92,0.96,640
1995-11-25,0,0.50824285,0.9911,151.18,5.5,-0.87,570.67
1995-11-26,0,0.481120578,0.9061,215.15,7.78,-2.15,521.05
1995-11-27,0,0.515098936,0.8778,243.78,13.91,0.88,640
1995-11-28,0,0.625854637,0.8212,228.99,18.29,6,920
1995-11-29,13.81,0.471621104,0.9628,186.82,14.59,0.35,628.35
1995-11-30,0,0.428161463,1.0477,165.85,3.74,-3.51,478.81
1995-12-1,0,0.417436642,0.9628,239,10.67,-2.33,520
1995-12-2,0,0.478557632,0.8778,213.04,11.86,0.91,640
1995-12-3,0,0.350995354,0.8212,255.42,13.27,-3.14,480
1995-12-4,0,0.44493683,0.7929,230.6,14.09,1,640.35
1995-12-5,2.92,0.400570595,0.7646,172.16,11.2,-1.48,560
1995-12-6,4,0.468243867,0.8212,126.29,9.11,1,640
1995-12-7,0,0.434204509,0.8495,147.85,5.7,-1,560
1995-12-8,0,0.35936392,0.7929,198.64,5,-4.78,440
1995-12-9,10,0.37737109,0.8495,144.06,6.2,-3.29,480
1995-12-10,0,0.300252067,1.076,208.97,1.69,-8.75,320
1995-12-11,0,0.295686506,0.9628,140.13,-3.65,-9.76,280
1995-12-12,0,0.275490806,0.8495,196.81,-1.62,-10.92,280
1995-12-13,0,0.321126804,0.7929,145.8,-1.27,-7.53,352.44
1995-12-14,2.38,0.35555938,0.7929,176.96,5.62,-3.77,458.67
1995-12-15,0,0.377623684,0.8212,213.11,10.26,-0.89,576.2
1995-12-16,14.83,0.429149027,0.9911,116.44,7.47,0.38,629.92
1995-12-17,0,0.388365294,1.3309,165.56,5.45,-2,520
1995-12-18,0,0.344451404,1.1893,190.75,4.48,-4.42,440
1995-12-19,12.29,0.394875597,1.2459,91.19,2.87,-2.21,520
1995-12-20,16.73,0.336844416,1.9255,117.23,-0.23,-6,399.6
1995-12-21,0,0.321998441,1.6707,178.32,-0.32,-6.93,360
1995-12-22,0,0.349387976,1.3309,171.55,1.24,-5.02,438.42
1995-12-23,0,0.336126627,1.1327,209.72,2.5,-5.5,400.53
1995-12-24,0,0.396791052,1.0477,132.75,2.37,-2.28,520
1995-12-25,0,0.394809067,0.9911,130.26,1.99,-2.5,520
1995-12-26,0,0.359867121,0.9345,153.14,0.5,-4.76,440
1995-12-27,0,0.34179216,0.8778,176.96,0.06,-6,400
1995-12-28,0,0.36369969,0.8495,179.14,1.5,-4.59,440
1995-12-29,0,0.342006478,0.8212,242.23,3.74,-5.43,405.27
1995-12-30,0,0.284918736,0.8212,285.01,6.18,-7.72,342.49
1995-12-31,0,0.334018124,0.7929,277.62,8.5,-4.37,440
1996-1-1,0,0.45648016,0.8212,158.25,7.5,0.67,640
1996-1-2,9.01,0.498349647,0.9061,67.11,6.19,2.53,722.67
1996-1-3,9.59,0.446726051,1.3026,117.15,6.21,-0.43,600
1996-1-4,0,0.320325215,1.3875,215.75,1.13,-8.75,320
1996-1-5,0,0.322611102,1.1327,197.87,-0.48,-9.11,310.85
1996-1-6,0,0.288000677,0.9628,210.21,-3.02,-12.26,240
1996-1-7,20.9,0.324107756,0.9061,166.65,-1.26,-9.69,280
1996-1-8,16.71,0.340353224,0.9911,170.99,-0.24,-8.84,317.62
1996-1-9,0,0.334951022,1.0194,228.43,-1.19,-9.61,281.82
1996-1-10,0,0.365240157,0.9628,237.73,1.07,-7.86,331.37
1996-1-11,0,0.318616437,0.9061,263.7,-1.5,-11.85,240
1996-1-12,5.99,0.357193939,0.9911,217.83,3.29,-9.24,300.55
1996-1-13,0,0.452526895,1.2459,200.56,3.5,-3.47,480
1996-1-14,0,0.439065503,1.1893,251.41,4.48,-4.95,440
1996-1-15,0,0.471364743,1.1327,270.5,7.04,-3.59,472.49
1996-1-16,0,0.427754223,1.1044,302.45,6.54,-6.71,360
1996-1-17,0,0.523773041,1.161,223.01,6.28,-1.57,554.32
1996-1-18,0,0.57307292,1.3592,294.31,12.64,0,600.97
1996-1-19,18.85,0.557270428,2.7751,240.31,15.5,-0.77,578.16
1996-1-20,0,0.450864161,5.0121,300.55,4.07,-8,320
1996-1-21,0,0.469263192,3.8794,269.57,2.72,-7,360
1996-1-22,0,0.548984869,2.8883,183.8,4.03,-1.9,527.84
1996-1-23,0,0.597406761,2.1238,214.89,6.4,-0.74,580.59
1996-1-24,4.98,0.711859858,1.7273,195.17,12.05,2.56,724.97
1996-1-25,0.06,0.593319365,1.7273,315.29,8.93,-4,440
1996-1-26,0,0.53459786,1.6141,334.81,6.33,-8,320
1996-1-27,21.89,0.704334702,1.5857,244.15,13.02,-0.78,577.51
1996-1-28,0,0.635705106,2.4352,298.89,7.36,-3.5,480
1996-1-29,0,0.589005673,2.4069,297.3,4.48,-6,400
1996-1-30,0,0.681186998,1.9539,273.41,7.17,-2.03,520
1996-1-31,0,0.658588653,1.6707,291.99,6.05,-4,440
1996-2-1,0,0.514127921,1.4725,284.6,-1,-10.45,280
1996-2-2,9.14,0.519998689,1.3875,136.51,-2,-7.28,360
1996-2-3,14,0.485702146,1.3309,147.88,-3.9,-9.45,287.13
1996-2-4,1,0.434251692,1.2743,243.91,-6.56,-13.5,200.04
1996-2-5,0,0.424294187,1.1893,361.15,-6.23,-19.12,120.36
1996-2-6,0,0.486433581,1.1893,379.98,-3.14,-18,160
1996-2-7,0,0.573822369,1.1893,398.54,1.33,-16.46,160
1996-2-8,4,0.788113506,1.1893,185.96,5.76,-1.66,547.2
1996-2-9,2.09,0.887157677,1.5291,205.43,8.5,1.5,680
1996-2-10,0,0.903172033,2.0105,266.33,8.48,0.5,639.86
1996-2-11,0,0.977337932,2.0671,252.31,10.2,2.85,747.96
1996-2-12,0,0.870905057,2.0954,356.31,7,-5,440
1996-2-13,0,0.677922352,1.8689,306.04,-0.37,-9.33,293.51
1996-2-14,1.49,0.908244444,1.5857,377.81,7.2,-5.86,398.17
1996-2-15,0,0.90813369,1.4442,309.29,6,-3,480
1996-2-16,11.99,0.792279456,1.3592,218.35,2,-6,400
1996-2-17,5.17,0.731988776,1.3309,208.17,-0.28,-7.5,360
1996-2-18,0,0.804304919,1.2743,366.17,1.46,-8.98,320
1996-2-19,0,0.908733057,1.2176,437.42,4.95,-11.02,278.07
1996-2-20,3.39,1.222472098,1.3309,234.68,11.8,3.25,779.75
1996-2-21,6.82,1.372833946,1.6707,215.06,15,7.17,1013.51
1996-2-22,2.8,1.314977881,1.7273,199.8,13.5,6.64,971.41
1996-2-23,3,1.207034074,1.699,153.13,11.51,6.45,956.23
1996-2-24,2,1.400075417,1.6424,304.08,13.97,6,920
1996-2-25,0,1.661106997,1.4725,377.54,18.25,7,1000
1996-2-26,0,1.673039542,1.3309,417.56,18,4.26,820.6
1996-2-27,0,1.530937605,1.2459,404.1,14.5,2.34,720
1996-2-28,0,1.712523514,1.1893,418.7,17.51,4,800
1996-2-29,0,1.364299679,1.161,432.9,9.99,-3.58,473.92
1996-3-1,0,1.04946411,1.1044,406.44,2.5,-8.67,320
1996-3-2,9,1.04801244,1.1044,214.74,3,-3.67,466.64
1996-3-3,0,1.113296883,1.161,345.7,3.5,-5,440
1996-3-4,0,1.113210152,1.1327,433.81,2.65,-9.78,280
1996-3-5,0,1.718927107,1.1044,467.24,14.48,-2.53,513.77
1996-3-6,11.4,1.80872642,1.3309,275.56,15.5,4.42,833.44
1996-3-7,14.48,1.458896014,2.1238,252.08,8.83,-0.7,584.04
1996-3-8,13.4,1.090135259,2.8883,279.4,1,-7.79,336.87
1996-3-9,0,0.914048802,2.5768,361.86,-3.19,-11.48,241.61
1996-3-10,0,1.097921783,2.0671,461.96,0.01,-12.57,240
1996-3-11,0,1.332110397,1.7273,458.05,4.25,-8.25,320
1996-3-12,0,1.709445849,1.5857,480.35,10.5,-4.02,440.04
1996-3-13,0,1.910460713,1.5008,508.38,13.46,-4,440
1996-3-14,0,2.009205756,1.4725,486.07,14.42,-1,560
1996-3-15,3.57,2.172495942,1.4158,348.66,16.5,2.51,720.87
1996-3-16,0,2.003987793,1.4158,460.43,13.5,0.08,606.1
1996-3-17,0,1.793237728,1.3592,431.85,10,-1.66,547.18
1996-3-18,0,1.952915251,1.3026,359.11,12.5,2.06,720
1996-3-19,9.66,2.02161682,1.3309,280.8,13,2.08,720
1996-3-20,12.65,1.530821809,1.8123,137.6,9,4.5,840
1996-3-21,0,1.698355218,1.784,313.3,8.26,0.19,614.92
1996-3-22,0,1.69124963,1.5574,339.21,7.38,-1.47,560
1996-3-23,0,1.73716353,1.4158,342.47,7.74,-1.22,560
1996-3-24,0,2.133662972,1.3026,439.04,12,-1.74,540.56
1996-3-25,0,2.422366414,1.2176,433.12,15.59,1.82,705.78
1996-3-26,0,2.515741197,1.161,367.68,17.5,6.93,994.26
1996-3-27,0,2.1706781,1.1044,433.78,11.5,-1.57,554.72
1996-3-28,14.75,1.713177618,1.1044,250.04,6,-2.47,520
1996-3-29,25.28,1.346669684,1.9255,117.95,4.24,0.71,640
1996-3-30,0,2.052112645,2.9733,402.2,9.5,-1.11,560
1996-3-31,0,2.48533794,2.6335,466.13,14,-0.28,600
1996-4-1,0,2.135168619,2.322,283.16,12.58,5.72,920
1996-4-2,24.14,2.164612738,4.7289,249.17,11.5,3.32,785.57
1996-4-3,0,2.573123061,4.644,475.6,14,-0.51,599.41
1996-4-4,0,2.562928335,3.6812,417.44,14.53,3.37,789.39
1996-4-5,0,2.266063659,2.9166,342.13,12,3.78,800
1996-4-6,0,2.171550671,2.322,388.52,9.54,0.02,601.38
1996-4-7,5.22,1.795945277,2.1238,175.14,7.61,2.5,720
1996-4-8,0,2.145299272,2.1804,387.64,8.77,-0.5,600
1996-4-9,11.86,2.049760715,2.322,264.05,8,0,600
1996-4-10,11.48,1.936565866,3.5962,247.85,6.73,-0.5,600
1996-4-11,0,2.911776772,4.1343,481.16,15.74,2.5,720
1996-4-12,0,3.767326243,3.6529,495.5,24.06,8.5,1120
1996-4-13,0,3.401883077,3.0582,460.33,20.96,8.5,1120
1996-4-14,0,2.965458968,2.4636,442.13,16.5,5.59,919.9
1996-4-15,0,2.890538084,2.0954,514.67,14,-0.53,597.91
1996-4-16,24.95,2.956568642,2.945,316.03,16.43,6.45,956.36
1996-4-17,0,2.716280627,4.0776,422.36,13.45,3.72,800
1996-4-18,0,3.220588309,3.5679,526.53,16.5,0.93,640
1996-4-19,0,3.727424507,3.0016,508.33,21.5,6.24,939.22
1996-4-20,0,3.476701004,2.4636,392.08,21.61,11.91,1393.11
1996-4-21,0,4.009255016,2.1238,448.4,25,12.6,1447.62
1996-4-22,0,4.251381513,1.8689,489.31,25.87,10.91,1312.85
1996-4-23,0,4.320271317,1.699,454.07,27.1,14,1600
1996-4-24,3.76,3.94057924,1.6424,384.62,22.11,6.5,960
1996-4-25,0,3.635222558,1.5291,467.86,20,7.41,1032.48
1996-4-26,0,3.470517458,1.4725,371.99,20.72,11.74,1379.22
1996-4-27,0,3.502453285,1.4725,453.02,18.66,7,1000
1996-4-28,0,3.69116761,1.3875,532.12,18.5,2,720
1996-4-29,0,3.57694369,1.3309,379.61,20.71,11.24,1339.22
1996-4-30,5.88,3.720023602,1.3026,286.52,22.01,12.5,1440
1996-5-1,0,3.867838696,1.3875,515.87,19.79,4.4,831.79
1996-5-2,0,3.943999021,1.3592,479.84,20.99,7.42,1033.37
1996-5-3,5.36,3.810788063,1.3026,317.52,21,10,1240
1996-5-4,5.25,3.974063629,1.3592,316.25,22.41,11.35,1347.68
1996-5-5,14.7,3.992910818,1.7556,312.73,22.47,11.5,1360
1996-5-6,7.56,3.522392808,2.322,293.79,18.5,8.82,1145.52
1996-5-7,5.92,3.269690913,2.3786,319.13,14.9,4.25,820
1996-5-8,11.45,3.175232393,2.6051,267.35,15.5,7,1000
1996-5-9,7.82,2.582689186,3.0299,156.63,14,9.36,1188.57
1996-5-10,0,3.618434491,2.7184,384.75,19,9.5,1200
1996-5-11,15.25,4.812175101,2.237,361.86,26.75,12.24,1419.22
1996-5-12,10.98,4.194138769,2.2937,362.9,21.5,8,1080
1996-5-13,0,3.481669874,2.1238,465.73,15.34,3.35,787.96
1996-5-14,0,3.677611795,1.7273,523.88,15.84,0.8,640
1996-5-15,0,3.734177745,1.5008,462.21,17.5,5.48,918.07
1996-5-16,9,3.380675447,1.5008,271.28,16.55,8,1080
1996-5-17,0,3.391945546,1.7556,311.08,18.24,11,1320
1996-5-18,0,3.812182933,1.699,356.07,21,12.5,1440
1996-5-19,0,5.430122639,1.5574,509.65,29.83,13.5,1560
1996-5-20,0,5.947636256,1.3875,476.98,34,18.26,2100.6
1996-5-21,0,5.608777475,1.2459,420.64,33.13,20.5,2400
1996-5-22,10.15,5.516505254,2.0671,368.5,30.5,15.07,1720.85
1996-5-23,0,5.211117036,2.2087,517.13,27.5,11.16,1332.48
1996-5-24,0,4.92603441,1.6424,434.86,27.46,15.47,1757.72
1996-5-25,0,4.470594583,1.3309,469.82,22.72,10,1240
1996-5-26,0,4.127513513,1.1893,458.46,19.97,8.01,1080.55
1996-5-27,3.99,3.42396262,1.161,246.28,17.06,9.5,1200.3
1996-5-28,9.87,2.647271625,1.2743,142.95,14.53,10.53,1282.63
1996-5-29,7.51,2.473078269,1.3875,129.52,13.5,10,1240
1996-5-30,0,3.96442358,1.4725,479.24,18.09,6.1,927.71
1996-5-31,0,4.747471844,1.3592,557.58,22.5,5,880
1996-6-1,0,4.848980674,1.1893,524.74,24,8.68,1134.06
1996-6-2,0,4.90139184,1.076,535.53,24,7.76,1060.76
1996-6-3,18.68,4.131708238,1.161,320.92,20.5,9.99,1239.41
1996-6-4,16.96,4.052499186,1.5857,277.81,21.52,12.74,1458.8
1996-6-5,4,4.98128603,1.5857,331.48,27,15.13,1730.08
1996-6-6,0,5.106750837,1.4442,488.89,26.5,12.5,1440
1996-6-7,0,4.791619177,1.2176,422.51,25.88,14.77,1683.22
1996-6-8,0,4.962473568,1.0477,388.27,28.14,17.75,2039.55
1996-6-9,0,4.931372308,0.9628,364.26,28.68,19,2200
1996-6-10,0,4.389074341,0.9061,290.69,27.25,20,2320
1996-6-11,0.68,4.429805325,0.8778,319.49,26.51,18.67,2146.83
1996-6-12,5.05,4.789654624,0.8495,274.77,27.78,18.5,2120
1996-6-13,7.06,5.036035016,0.8778,297.34,28.77,18.5,2120
1996-6-14,0,5.326334165,0.8495,416.97,30.24,19,2200
1996-6-15,0,5.722422504,0.7929,446.84,31.97,19.02,2202.79
1996-6-16,0,5.692747214,0.7362,468.11,31.03,17.13,1940.18
1996-6-17,0,5.197958661,0.7079,371.68,30.5,20.5,2399.2
1996-6-18,3.09,4.816846159,0.7079,295.41,28.89,20.24,2358.45
1996-6-19,30.57,4.169271277,1.076,211.41,26.1,19.5,2280
1996-6-20,0.6,4.466697045,1.8406,313.53,27.45,19.97,2318.29
1996-6-21,0,5.024434788,1.8406,381.38,29.54,20,2320
1996-6-22,0,5.285937688,1.5857,453.24,29.18,17.22,1955.03
1996-6-23,0,5.092873142,1.2176,402.34,29.5,19.43,2269.47
1996-6-24,0,5.330837193,1.0194,472.39,28.98,16.28,1844.32
1996-6-25,1.68,5.465310301,0.8778,383.01,30.94,19.17,2227.6
1996-6-26,0,5.451679738,0.7362,497.84,29,14.8,1688.25
1996-6-27,0,5.324985316,0.6513,514.17,27.49,12.36,1428.75
1996-6-28,0,5.028363818,0.623,434.73,27.5,15.97,1797.52
1996-6-29,0,4.95619778,0.5947,466.16,26.03,13.44,1549.85
1996-6-30,28.75,3.854520681,0.7362,208.9,23.5,17.22,1954.6
1996-7-1,13.38,4.201231389,1.2743,242.29,25.14,17.76,2041.11
1996-7-2,15.71,4.391659905,1.3592,244.82,27,19.5,2280
1996-7-3,3.95,4.636787431,1.2459,286.82,27.02,18,2080
1996-7-4,4,4.597116475,1.1044,302.76,26,16.46,1873.63
1996-7-5,0,4.84243504,1.1044,450.09,26.5,15.26,1740.83
1996-7-6,0,5.525578628,0.8778,516.7,29.5,14.1,1607.97
1996-7-7,0,5.473038893,0.7079,456.69,30.99,18.46,2116.97
1996-7-8,8,5.290358834,0.623,308.1,31.24,20.5,2400.07
1996-7-9,3.97,5.41247158,0.7079,315.71,31.79,20.5,2400
1996-7-10,0,5.214916096,0.7079,448.35,29.5,17.48,1996.15
1996-7-11,0,5.066024753,0.6513,494.18,27,13.16,1505.06
1996-7-12,11.49,4.312985292,0.7929,269.75,25.25,16.74,1899.22
1996-7-13,58.03,4.19445022,3.7945,233.17,26.26,19.01,2201.17
1996-7-14,0,4.75050948,6.6828,352.8,29.5,20.76,2441.11
1996-7-15,9.44,4.525113003,4.8988,234.35,29.51,22,2640
1996-7-16,6.44,4.774839788,3.9077,267.44,30,21.28,2524.04
1996-7-17,0,5.004309455,2.8317,394.62,30.5,20.5,2400.49
1996-7-18,0,5.08968756,1.9255,414.62,30.51,19.74,2299.22
1996-7-19,11.64,4.831548413,1.5857,269.63,30.5,21.5,2560
1996-7-20,0.42,4.627634096,1.5857,397.14,27.5,17.62,2018.49
1996-7-21,0,4.776484011,1.3875,454.85,27.01,15.08,1721.49
1996-7-22,0,4.617344032,1.1893,434.45,26.5,15.5,1760
1996-7-23,1.1,4.01565734,1.1044,326.39,25.16,17.7,2031.99
1996-7-24,0,4.686696319,1.0194,446.6,27,15.5,1760
1996-7-25,0,4.764749885,0.9345,425.58,28.42,17.5,2000
1996-7-26,9.65,4.629408004,0.9061,297.42,28.49,18.66,2145.9
1996-7-27,0,4.79474346,0.9061,458.59,28.04,16,1800.49
1996-7-28,0,4.834582824,0.8495,473.99,28,15.18,1734.74
1996-7-29,0,4.566851321,0.7646,426.43,27.5,16.84,1906.89
1996-7-30,3.98,3.874208527,0.7646,252.99,24.5,16.91,1912.72
1996-7-31,6.35,3.935362424,0.7929,224.63,26.78,19.93,2314.01
1996-8-1,11.14,3.6873864,1.0194,191.72,26.55,20.79,2446.45
1996-8-2,0,4.518291633,1.1044,401.79,28.46,18.43,2114.32
1996-8-3,0,4.026961926,0.9061,328.39,26.95,19.34,2255.08
1996-8-4,0,4.287072493,0.8212,392.56,27.2,17.72,2035.03
1996-8-5,0,4.673887283,0.7646,441.65,29.07,17.5,2000
1996-8-6,0,4.885732277,0.7929,454.27,30.5,18,2080
1996-8-7,0,4.675608503,0.7079,429.15,29.78,18.5,2120
1996-8-8,0,4.761847773,0.6796,485.05,28.96,15.01,1720.45
1996-8-9,6.96,4.613751616,0.6796,324.15,29.5,18.03,2082.08
1996-8-10,0,4.444316035,0.8778,411.5,29,18.5,2120
1996-8-11,0,4.409268899,0.7362,455.63,27.5,15.32,1745.88
1996-8-12,19.76,3.962742358,0.6796,290.35,25.77,16.41,1865.8
1996-8-13,69.57,3.008082231,2.945,175.72,22,17,1920
1996-8-14,0,4.040709156,5.2953,432.83,25.5,14.5,1640
1996-8-15,0,4.33940391,3.5113,448.4,27.81,15.55,1764.11
1996-8-16,0,4.322914971,2.2937,442.95,27.99,15.83,1786.6
1996-8-17,13.89,4.387119763,1.9255,324.68,29,17,1920
1996-8-18,0,4.262919782,1.784,401.55,29.02,18.23,2098.67
1996-8-19,0,4.416965614,1.5008,445.62,29.27,16.35,1856.53
1996-8-20,0,4.18039903,1.1893,423.85,28.06,16.38,1861.13
1996-8-21,0,4.004326653,0.9628,395.93,27.5,17,1920
1996-8-22,0,4.087868979,0.8495,393.17,28.5,17.81,2049.04
1996-8-23,0,4.28403412,0.7646,390.57,30.51,19.5,2279.75
1996-8-24,4.18,4.207651399,0.7362,282.62,30.5,20,2320
1996-8-25,0,4.205230781,0.7079,424.28,29.36,16.93,1914.16
1996-8-26,0,4.243935818,0.6513,442.5,29.5,16,1800
1996-8-27,0,3.885019409,0.7079,364.32,28.65,18.74,2158.45
1996-8-28,0,3.693334025,0.6513,330.17,28.19,19.5,2280
1996-8-29,0,3.920933867,0.5947,415.45,28.05,16,1800
1996-8-30,0,3.974335906,0.5947,426.42,28.47,15.54,1763.58
1996-8-31,0,3.987257667,0.5947,439.9,28.5,14.5,1640
1996-9-1,0,3.940075258,0.5663,431.2,28.5,14.79,1687.18
1996-9-2,0,4.155207073,0.5663,442.3,30.5,15.23,1738.38
1996-9-3,0,4.136339824,0.5947,419.28,31,16.76,1900.88
1996-9-4,0,3.918005433,0.5663,364.24,30.5,19,2199.44
1996-9-5,0,3.598107408,0.5097,319.61,29,19.5,2280
1996-9-6,0,3.368997883,0.5097,274.39,28.48,20.56,2409.81
1996-9-7,0,3.26956661,0.538,245.25,29,22,2640
1996-9-8,0,3.77192452,0.5097,341.82,31.06,20.42,2387.82
1996-9-9,0,3.818494453,0.5097,353.01,31.5,20.23,2356.76
1996-9-10,0,3.769799623,0.5097,330.54,31.92,21.44,2551.11
1996-9-11,9.24,3.167892475,0.5097,204.07,28,20.19,2350.11
1996-9-12,25.84,2.358019866,1.1327,120.53,23.24,19,2200
1996-9-13,7.43,2.99035987,1.3026,231.19,25.44,16.7,1896.2
1996-9-14,0,3.075340256,0.9628,405.1,24.5,11.75,1379.77
1996-9-15,0,3.017833234,0.7362,405,24.21,11.38,1350.1
1996-9-16,19.07,2.908336119,0.6796,281.88,23.85,12.5,1440
1996-9-17,60.5,2.683086998,2.3503,223.49,23.26,14.88,1701.17
1996-9-18,5.46,2.619765796,4.8422,242.07,22.18,13.08,1492.11
1996-9-19,0.33,2.773608661,3.1998,356.54,23.64,12.74,1459.22
1996-9-20,0,2.886179463,1.8689,417.7,24.54,10.15,1252.22
1996-9-21,0,2.882325284,1.2459,409.85,25,10.76,1301.16
1996-9-22,13.97,2.654765146,1.1327,242.2,24.03,14.3,1623.91
1996-9-23,12.39,2.519878618,1.784,257.87,22.19,11.73,1378.7
1996-9-24,0,2.475238716,1.5857,398.06,21.19,7.94,1075.03
1996-9-25,0,2.460787997,1.2176,373.74,21.73,9.67,1213.29
1996-9-26,0,2.424681164,0.9911,388.4,21.5,8.41,1112.51
1996-9-27,0,2.326767014,0.8495,298.93,21.97,12.9,1471.97
1996-9-28,0,2.485482762,0.7646,289.29,24.87,15.84,1786.93
1996-9-29,14.01,2.370524732,0.9911,243.02,23,12.76,1461.15
1996-9-30,0,2.378596495,1.1327,387.3,22.85,9,1160.25
1996-10-1,0,2.42162186,0.9628,389.16,24,9.53,1202.08
1996-10-2,0,2.311405006,0.8212,350.57,23.15,11.26,1340.83
1996-10-3,0,2.072054276,0.7646,316.52,20.46,10.58,1286.08
1996-10-4,0,1.773464547,0.7646,383.79,15.27,2.13,720
1996-10-5,0,1.758359313,0.6796,384.35,15.54,2.01,712.83
1996-10-6,0,1.827101005,0.623,374.97,17.33,3.79,800
1996-10-7,0,1.872854843,0.5663,341.12,18.75,6.89,991.13
1996-10-8,41.47,1.683694571,0.9345,156.88,18,11.64,1371.47
1996-10-9,27.09,1.815080482,2.4069,204.5,19.5,10.7,1296.2
1996-10-10,8.55,1.75970067,3.0299,203.96,19,10.23,1258.14
1996-10-11,0,1.578943473,2.5485,340.29,15.5,3.5,800
1996-10-12,0,1.530308383,1.784,378.2,15.5,0,600
1996-10-13,0,1.677482422,1.3309,381.16,19.5,2.35,720.03
1996-10-14,0,1.916628997,1.1044,327.42,23.57,10.19,1255.48
1996-10-15,0,1.681968793,0.9628,370.81,21,3.72,800
1996-10-16,0,1.732829115,0.8778,345.91,22,6.67,973.56
1996-10-17,0,1.957185082,0.8778,330.93,26.5,11.04,1323.58
1996-10-18,4.45,1.703454038,0.8495,189.88,22,12.03,1402.21
1996-10-19,58.74,1.445739982,2.4069,179.41,17.46,8.5,1120
1996-10-20,2.2,1.23619757,5.8899,203.94,13.38,5.74,920
1996-10-21,1.3,1.317405051,4.3608,258.86,15.65,5.44,915.03
1996-10-22,1,1.35759306,3.3414,218.25,17.3,9.25,1179.78
1996-10-23,0,1.500531184,2.5768,253.81,20.83,10.72,1297.3
1996-10-24,0,1.510346941,1.9822,289.39,22,9.5,1200
1996-10-25,0,1.337015541,1.6707,261.64,18.5,7.99,1079.23
1996-10-26,0,1.336853483,1.5008,247.29,19,9.18,1174.41
1996-10-27,0,1.379952385,1.3875,250.1,20.6,10.28,1262.76
1996-10-28,0,1.354305253,1.3875,231.08,20.5,11.05,1324.31
1996-10-29,0,1.166077207,1.4442,299.41,18,4.22,817.51
1996-10-30,0,1.21149821,1.4158,304.38,20.37,5.5,920
1996-10-31,0,1.226833257,1.3592,285.91,20.67,7.2,1015.61
1996-11-1,0,1.036347022,1.3026,241.75,15.02,5,880
1996-11-2,0,0.825043456,1.2743,144.8,8.5,3.15,772.02
1996-11-3,0,0.802324575,1.2176,251.59,9,-1.26,560
1996-11-4,0,0.807514118,1.1893,294.48,11.5,-2.23,520
1996-11-5,0,0.940410013,1.1327,278.99,16.21,3.13,770.03
1996-11-6,0,1.047275804,1.076,227.32,18.23,8.36,1108.79
1996-11-7,2,1.156987695,1.076,207.39,21.35,12.11,1408.97
1996-11-8,6,1.146327577,1.1044,96.21,21.5,16,1800
1996-11-9,9.28,0.985813097,1.3026,183.31,19.16,7.61,1048.55
1996-11-10,0,0.740869915,1.4158,241.82,11.39,0.62,640
1996-11-11,0,0.643666831,1.3309,223.82,7.33,-2.07,520
1996-11-12,0,0.608928101,1.1893,228.88,6.5,-3.06,480
1996-11-13,0,0.57017498,1.1327,245.71,6,-4.66,440
1996-11-14,0,0.585447745,1.1044,173.45,5,-1.62,550.22
1996-11-15,0,0.538542899,1.076,233.32,5,-4.65,440
1996-11-16,0,0.527403681,1.0194,270.88,7.5,-5.33,416.12
1996-11-17,0,0.51041888,0.9911,294.4,12.5,-5.07,434.72
1996-11-18,0,0.568565951,0.9628,273.3,13.01,-1.65,548.2
1996-11-19,3.04,0.658595559,1.0477,162.33,12.88,3.03,762.22
1996-11-20,0,0.561241626,1.0477,238.07,10.5,-0.82,574.93
1996-11-21,0,0.492163398,1.0194,231.16,7,-3.78,457.59
1996-11-22,0,0.509531771,0.9628,196.14,6.5,-2.1,520
1996-11-23,0,0.498417882,0.9628,221.19,8,-2.27,520
1996-11-24,0,0.527031317,0.9345,208.54,9.35,-0.24,600
1996-11-25,0,0.537640783,0.9345,228.28,12.38,1,640
1996-11-26,12.68,0.586248233,1.076,170.84,15.66,3.84,800.03
1996-11-27,0,0.455553119,1.3026,217.06,8,-2.5,520
1996-11-28,0,0.360486829,1.2176,205.52,1,-8.35,320
1996-11-29,0,0.369382444,1.076,229.47,4.26,-7,360
1996-11-30,0,0.386262359,1.0477,243.36,8.5,-4.5,440
1996-12-1,12.17,0.597262739,1.161,122.91,13.5,5.97,927.36
1996-12-2,19.41,0.517381319,1.8689,163.19,15,3.5,800
1996-12-3,0,0.372887583,2.322,239.9,10,-3.44,480
1996-12-4,0,0.410813941,1.8972,220.52,10,-1.5,560
1996-12-5,0,0.407064317,1.6141,210.19,8.79,-1.79,536.83
1996-12-6,23.92,0.462268199,1.8406,131.16,9.25,1,640
1996-12-7,23.54,0.41904556,2.5202,141.44,8.05,-1,560
1996-12-8,24.49,0.425871535,4.3325,142.6,9.24,-0.15,600
1996-12-9,1.5,0.415543523,4.1909,170.87,7,-1.06,560
1996-12-10,0,0.386687103,3.398,171.11,5.15,-2.77,498.14
1996-12-11,1,0.46889276,2.7467,142.04,8.41,1.99,719.36
1996-12-12,1.16,0.535435409,2.1804,119.67,10.86,5.48,918.42
1996-12-13,17.31,0.563371433,2.1804,77.59,11.5,6.95,995.66
1996-12-14,35.55,0.499573957,4.3608,75.18,7.9,3.65,800
1996-12-15,5.7,0.502872654,4.8139,49.01,6.24,3.78,800
1996-12-16,0,0.528151734,4.3042,62.99,7.73,5.29,902.86
1996-12-17,4,0.553480036,3.7095,92.98,11.77,6.76,980.6
1996-12-18,1,0.559132611,3.1149,142.86,12.97,7.15,1012.35
1996-12-19,12.4,0.431098842,2.9166,150.71,10.43,1.5,680
1996-12-20,1.43,0.311209249,3.2564,202.77,2,-7,360
1996-12-21,0,0.268761026,2.9166,234.99,0.25,-10.26,280
1996-12-22,0,0.280254388,2.4919,245.92,3.86,-8.15,320
1996-12-23,0,0.375739542,2.1804,227.29,9.26,-1.27,559.36
1996-12-24,0,0.464966183,2.0388,219.05,14,3.75,800
1996-12-25,9.32,0.303269392,2.322,189.16,13,-2.41,519.36
1996-12-26,0,0.330117367,2.4636,224.72,5.2,-5.27,418.7
1996-12-27,7.34,0.394899308,2.5768,163.06,9,-0.98,567.04
1996-12-28,0,0.399552141,2.7184,228.35,11,-0.18,600
1996-12-29,2.95,0.546823617,2.4636,132.66,13.25,5.91,920
1996-12-30,0,0.475174403,2.237,220.62,13.62,3.19,775.08
1996-12-31,1.47,0.519706441,2.0388,176.64,13.43,4.55,847.54
1997-1-1,0,0.298384666,1.9255,230.76,2.95,-8.83,318.07
1997-1-2,0,0.396452426,1.784,201.83,7.05,-2.47,508.45
1997-1-3,0,0.562088559,1.6707,163.78,13.24,5.72,920
1997-1-4,0,0.591880711,1.6141,151.78,13.58,6.74,979.45
1997-1-5,0,0.615919235,1.5857,161.84,14.92,7.5,1040
1997-1-6,0,0.542232382,1.5574,211.59,15,4.47,837.2
1997-1-7,0,0.451245532,1.5008,200.65,8.18,-1,560
1997-1-8,0,0.407216785,1.4442,189.2,4,-4.26,440
1997-1-9,6.39,0.430506676,1.4158,130.61,4.17,-3.24,480
1997-1-10,7,0.478577323,1.6424,109.82,5.27,-0.79,578.67
1997-1-11,2.52,0.41865895,1.7556,189.68,5.2,-4.69,440
1997-1-12,0,0.365185254,1.6141,167.29,-1.64,-8.35,320
1997-1-13,0,0.3651562,1.4725,183.48,-1.42,-8.9,320
1997-1-14,0,0.368316064,1.3875,200.01,-1,-9.28,297.59
1997-1-15,0,0.372133612,1.3026,258.58,2.73,-10.02,280
1997-1-16,14.59,0.448284688,1.5008,200.58,9.21,-5.12,429.7
1997-1-17,0,0.377427409,2.0105,272.94,3.15,-11,280
1997-1-18,0,0.316054358,1.6707,181.92,-6.84,-13.82,200
1997-1-19,0,0.323188468,1.4158,237.64,-5.14,-15.2,200
1997-1-20,0,0.387117272,1.3309,272.79,0.81,-12.32,240
1997-1-21,0,0.500012509,1.2743,241.01,4.84,-5.5,400
1997-1-22,0,0.559940551,1.3026,275.08,10.19,-3.48,479.7
1997-1-23,4.5,0.713035904,1.5574,188.28,14.16,2.72,737.51
1997-1-24,0,0.608196942,1.6141,282.81,11.5,-2.69,504.91
1997-1-25,12.27,0.720573067,1.9255,188.22,12.81,1.85,706.68
1997-1-26,0,0.595542626,2.2653,249.81,6.5,-3.81,455.44
1997-1-27,0,0.563691781,1.9255,257.2,4.59,-6.01,399.41
1997-1-28,15.47,0.688320288,1.9822,206.02,10.42,-1.77,539.46
1997-1-29,0,0.589226125,2.7184,259.69,4.5,-6,400
1997-1-30,0,0.582639402,2.3503,265.07,3.68,-6.97,360
1997-1-31,0,0.675499025,1.9822,219.75,5.91,-2.04,522.75
1997-2-1,1.99,0.797999553,1.8689,258.53,10.8,0.59,638.42
1997-2-2,0,0.776185771,1.7273,278.45,10,-1.5,560
1997-2-3,0,0.834972319,1.6141,257.32,10.77,0.72,640
1997-2-4,0,0.817976593,1.5574,256.5,9.5,-0.33,598.32
1997-2-5,24.08,0.908136737,2.4352,174.31,11.5,2.98,758.42
1997-2-6,0,0.833525723,3.5962,237.59,8.5,0,600
1997-2-7,0,0.76397093,3.0299,232.05,5.5,-2.5,520
1997-2-8,8.09,0.719130984,2.5485,118.78,3.5,-1.52,558.42
1997-2-9,0,0.722752608,2.3503,224.54,3,-4.4,440
1997-2-10,0,0.7386586,2.1804,292.02,3.48,-7.16,360
1997-2-11,0,0.759732448,1.9539,284.7,3.56,-6.58,360
1997-2-12,0,0.814462232,1.784,278.48,4.77,-5.02,438.17
1997-2-13,0,0.81139474,1.7273,260.64,4.05,-4.7,440
1997-2-14,17.68,1.009661508,2.1238,230.85,9.78,-1.66,546.55
1997-2-15,13.99,1.007859282,3.7661,169.57,9.01,1.84,707.29
1997-2-16,0,0.92512438,4.0493,293.14,6,-3.71,462.99
1997-2-17,0,0.884494038,3.398,238.76,4.43,-2.77,498.01
1997-2-18,0,1.114558884,2.7184,333.64,10.31,-1.79,536.75
1997-2-19,0,1.461535115,2.2087,330.88,17.93,5.37,909.54
1997-2-20,0,1.427020628,1.9539,335.96,16.56,4,800
1997-2-21,0,1.476768308,1.784,359.88,17.42,2.76,740.83
1997-2-22,2.99,1.627523965,1.699,256.45,19.5,6.5,960
1997-2-23,0,1.318145629,1.6707,360.23,12.4,-0.95,564.17
1997-2-24,0,1.24267216,1.5857,330.59,9.93,-0.94,564.88
1997-2-25,0,1.123583602,1.5291,359.87,6.63,-5.72,400
1997-2-26,0,1.420652051,1.5008,390.21,13.23,-2.54,513.45
1997-2-27,4.8,1.834566271,1.5291,268.59,20.34,6.84,987.29
1997-2-28,0,1.862906636,1.5008,373.38,20.38,5.62,920
1997-3-1,14.66,1.405334515,1.6141,238.26,11,1.13,653.89
1997-3-2,0,1.898854025,2.237,335.96,19.73,8.17,1093.81
1997-3-3,21.13,1.814799637,2.3786,293.16,17.75,2.5,720
1997-3-4,23.03,1.079176967,3.3414,108.93,5.76,1.99,710.4
1997-3-5,2.35,1.320276395,3.4547,243.32,8.09,0.7,640
1997-3-6,3.24,1.457002656,3.1149,186.37,10.94,4.17,813.89
1997-3-7,0,1.363256762,2.5768,318.87,7.5,-1.51,559.37
1997-3-8,0,1.694394834,2.1804,420.12,12.76,-2.8,495.61
1997-3-9,0,1.600625019,1.8972,401.69,10.5,-3.09,480
1997-3-10,13.95,1.644826302,2.1238,259.32,11.2,0.73,639.37
1997-3-11,0,1.933538227,2.4919,413.33,15.24,0.22,617.59
1997-3-12,0,1.799549353,2.2937,411.23,12.5,-1.88,529.94
1997-3-13,0,1.551822555,2.0388,370.26,8,-3.41,479.81
1997-3-14,10.9,1.744177111,1.9539,252.51,11.32,1.35,667.8
1997-3-15,10.63,1.896153758,2.86,277.22,13,1.44,675.58
1997-3-16,0,1.464365204,2.9733,351.76,5.5,-4.66,440
1997-3-17,0,1.654750033,2.5485,429.61,7.85,-6.75,360
1997-3-18,0,1.991307685,2.1521,362.74,13.33,2.26,719.6
1997-3-19,5.52,1.627278342,2.0671,203.97,8.5,1.07,645.91
1997-3-20,0,1.57191893,2.0954,244.16,7.9,1.48,678.42
1997-3-21,0,1.983975222,2.0105,409.46,11.56,-1.19,560
1997-3-22,0,2.400401707,1.8689,398.46,17.27,4.72,857.51
1997-3-23,0,1.927871264,1.7556,415.39,9.95,-2.65,508.25
1997-3-24,0,1.811518645,1.6141,383.68,8.22,-2.6,510.96
1997-3-25,0,2.085966859,1.5291,421.35,11.5,-1.18,560
1997-3-26,12.84,2.249105656,1.6141,250.91,14.91,5.82,920
1997-3-27,0,2.615009199,1.8689,484.14,17.37,-0.78,577.51
1997-3-28,0,2.84286431,1.7556,442.81,20.06,5.46,907.16
1997-3-29,10.74,2.874471626,1.7273,277.26,21.5,10.94,1315.42
1997-3-30,1.07,2.92569744,2.0388,374.5,21.5,10.5,1280
1997-3-31,17,2.646670363,2.4352,341.85,16.4,2,720
1997-4-1,12,2.139257439,3.2848,305.67,10.19,-1,560.25
1997-4-2,0,2.596666436,3.483,452.94,15.16,1.45,675.96
1997-4-3,0,2.813934476,3.0865,486.56,17,0.32,625.78
1997-4-4,0,3.270322382,2.5768,431.25,22.5,8.74,1139.22
1997-4-5,0,2.9085591,2.0954,404.27,18.51,6.54,963.15
1997-4-6,5,2.675330396,1.8972,247.87,17,8.01,1080.8
1997-4-7,2.62,3.108070097,2.0388,284.15,21.9,12.51,1440.84
1997-4-8,0,3.128693989,1.8689,472.38,19,3.72,800
1997-4-9,0,2.524701973,1.6424,422.61,12.5,0.64,635.55
1997-4-10,0,2.294213001,1.5008,437.59,9.25,-2.92,486.53
1997-4-11,0,2.512986256,1.4158,449.86,11.49,-1.26,560
1997-4-12,11.61,2.690052884,1.3875,318.01,13.7,2,720
1997-4-13,11.43,3.191541966,2.237,300.77,19.57,8.36,1108.73
1997-4-14,0,3.134828565,2.5202,460.26,17.5,3.79,800
1997-4-15,0,2.87771143,2.3503,467.15,14.32,0.55,640
1997-4-16,0,3.184623715,1.8689,489.25,17.03,1.76,700.55
1997-4-17,5.54,3.081601691,1.5857,293.31,17.5,6.93,994.24
1997-4-18,9.83,2.480098835,1.784,263.15,11.16,2.33,720
1997-4-19,0.9,2.546016489,2.237,315.37,12.19,3.9,800
1997-4-20,0,2.881779596,2.0954,387.88,14.65,4.51,841.06
1997-4-21,0,3.224927659,1.8689,492.26,16.15,1.19,655.48
1997-4-22,0,2.961528674,1.699,372.08,15.5,5.93,926.76
1997-4-23,6.53,2.780925382,1.6141,257.22,14,5.5,920
1997-4-24,12.57,2.783330525,2.2937,254.75,14,5.71,920
1997-4-25,0,3.393290502,2.8883,464.68,17.49,4.36,828.74
1997-4-26,0,3.761754086,2.4352,504.91,20.12,4.54,842.98
1997-4-27,9,3.77993903,1.9539,381.25,20,4.24,818.84
1997-4-28,37,3.814388609,3.9077,331.4,21.43,9,1160
1997-4-29,0,3.812828892,6.1448,451.73,20.98,8.19,1095.44
1997-4-30,0,3.845959367,4.7006,479.18,20.51,6.5,960
1997-5-1,0,3.986026327,3.6812,437.92,22.52,10.21,1256.75
1997-5-2,0,4.085151537,2.86,469.63,22.5,8.78,1142.49
1997-5-3,3.06,3.558022382,2.4069,281.84,19.8,10.27,1261.93
1997-5-4,3.59,3.748037529,2.3503,311.17,20.5,9.69,1214.82
1997-5-5,0,3.885557376,2.0954,512.4,19.36,4.06,812.19
1997-5-6,3.82,3.93880706,1.8406,311.28,21.86,10.81,1304.68
1997-5-7,0,3.926377524,1.699,502.42,19.5,4.65,852.2
1997-5-8,0,3.813843281,1.5291,535.18,17.76,0.98,640
1997-5-9,7.47,3.918157839,1.5574,336.4,20.23,7.93,1074.32
1997-5-10,5.23,3.523323577,1.784,285.41,18.08,8.5,1120
1997-5-11,0,3.88218253,1.699,460.04,19.39,6.84,987.41
1997-5-12,0,4.206033718,1.5291,444.39,22.5,10.24,1259.22
1997-5-13,0,4.086156175,1.4442,419.68,21.94,10.74,1299.22
1997-5-14,0,4.010553066,1.4158,487.54,19.5,5.71,920
1997-5-15,0,4.199976953,1.3309,401.88,23.24,12.63,1450.21
1997-5-16,0.64,4.352328734,1.2743,497.78,22,7.51,1040.64
1997-5-17,0,4.261568375,1.2176,508.14,20.84,5.86,920
1997-5-18,0,4.068692188,1.161,460.04,20.08,7.5,1040.04
1997-5-19,0,5.313639724,1.1044,498.47,29.01,12.62,1449.76
1997-5-20,0,5.197041137,1.1044,474.76,28.5,13.5,1560.36
1997-5-21,0,4.305422597,1.076,485.87,21,6.77,981.66
1997-5-22,0,4.044960015,1.0194,452.22,19.38,6.85,987.75
1997-5-23,0,4.468770032,0.9911,512.62,21.5,5.5,920
1997-5-24,0,4.682337494,0.9345,489.25,23.5,8.27,1101.61
1997-5-25,17.37,4.487423576,0.9628,276.18,24.96,14.63,1660.99
1997-5-26,33.86,4.158781974,2.7184,279.45,22,12,1400
1997-5-27,0,3.9122787,3.398,398.9,19.01,8.5,1120
1997-5-28,0,4.416962726,2.5202,518.76,20.5,4.42,833.96
1997-5-29,0,4.523488738,1.699,530.05,21.03,4,800
1997-5-30,0,4.005281395,1.3592,347.87,21.09,12,1399.6
1997-5-31,3.52,4.005000376,1.3026,231.46,22.49,14.5,1640
1997-6-1,0.13,4.153043071,1.2459,315.55,23.68,15.5,1760
1997-6-2,7.34,3.623538831,1.3592,205.21,20.24,13.5,1560
1997-6-3,11.37,3.012751348,1.7556,182.99,15,9.35,1188.15
1997-6-4,6.17,3.549225449,1.9539,259.67,17,8.74,1139.22
1997-6-5,0,4.461917538,1.5291,515.49,20.61,5.51,920
1997-6-6,0,4.277012336,1.3026,457.18,20.44,8.26,1100.75
1997-6-7,0,3.420849832,1.161,310.15,16.99,9.86,1228.56
1997-6-8,0,4.179653846,1.076,485.89,18.98,6,920
1997-6-9,0,5.025168671,0.9911,555.03,23.99,5.5,920
1997-6-10,0,5.82588546,0.9345,538.98,30.03,10.91,1312.55
1997-6-11,0,5.790756121,0.9911,483.07,31,15.44,1755.55
1997-6-12,0,5.291829503,0.9061,408.01,29.48,17.68,2028.56
1997-6-13,6.19,4.64248058,0.8495,239.94,27.5,18.99,2198.33
1997-6-14,0,4.808493658,0.9911,371.55,27,17,1919.82
1997-6-15,0,4.759694027,1.0194,446.97,24.34,12.04,1403.16
1997-6-16,0,4.946931238,0.9628,525.66,23.8,7.56,1044.75
1997-6-17,0,5.031491525,0.8778,495.29,25.12,10.36,1268.42
1997-6-18,0,5.144203844,0.8212,411.1,28.37,16.88,1910.4
1997-6-19,2.13,5.334234551,0.8495,393.38,30,18.5,2120
1997-6-20,0,5.691853681,0.8212,480.39,30.4,15.5,1760
1997-6-21,0,5.676177239,0.7646,428,31.74,19,2200.06
1997-6-22,0,5.812818133,0.7079,402.1,33.5,21.5,2560
1997-6-23,1.87,6.212001197,0.7079,496.94,33.5,16.74,1899.22
1997-6-24,0,5.919814462,0.6796,496.91,31.52,15.22,1737.51
1997-6-25,0,6.031422198,0.6513,407.82,34.61,21.87,2618.78
1997-6-26,0,6.267708146,0.623,424.46,35.59,21.77,2603.14
1997-6-27,0,5.956393602,0.6513,468.09,32.5,17.45,1992.3
1997-6-28,0,5.79210604,0.623,506.47,30.5,13.83,1550.2
1997-6-29,0,5.686854464,0.5947,481.06,30.33,15,1701.33
1997-6-30,0,5.467553218,0.5663,446.69,29.62,16,1800
1997-7-1,0,4.81445773,0.5663,325.66,28.5,19.43,2268.9
1997-7-2,1.21,4.634607307,0.623,300.62,28,19.7,2296.12
1997-7-3,0,4.717482091,0.6513,282.32,29.47,21.5,2560
1997-7-4,0,5.78394297,0.5947,409.23,32.89,19.94,2315.03
1997-7-5,0,5.452874826,0.538,414.74,30.5,17.85,2047.45
1997-7-6,0,5.398237208,0.5097,458.56,29,14.73,1631.89
1997-7-7,0,5.370857338,0.5097,411.49,30,17.4,1979.38
1997-7-8,0,5.66444681,0.5097,436.95,31.5,17.53,1956.78
1997-7-9,0,5.429508161,0.5097,382.78,31.49,19.84,2306.99
1997-7-10,14.24,5.213249416,0.7929,300.76,29.57,17.75,2040.65
1997-7-11,0,5.442624217,0.6796,486.24,29.11,13.55,1514.8
1997-7-12,0,5.752832685,0.5663,482.07,31.5,15.56,1680.34
1997-7-13,0,5.898227708,0.5097,451.93,33.22,18.26,1991.2
1997-7-14,0,6.001293391,0.538,408.46,34.99,21.43,2489.24
1997-7-15,0,6.161212986,0.4814,411.63,36,21.99,2561.07
1997-7-16,0,6.099371666,0.4814,400.58,36,22.5,2665.21
1997-7-17,4.68,5.87265334,0.5663,291.14,34.95,22.2,2672.24
1997-7-18,12.21,6.055470746,0.5663,308.97,35.56,21.54,2566.3
1997-7-19,13.94,5.864081943,0.7079,320.6,34,19.61,2288.44
1997-7-20,0,5.236609439,0.5663,457.9,28.93,14.27,1613.42
1997-7-21,0,5.156917116,0.5097,428.47,29.14,15.74,1779.22
1997-7-22,1.01,4.560570644,0.5097,298.8,28.2,19.25,2239.55
1997-7-23,4.5,3.673822246,0.5663,171.79,24,17.97,2075.11
1997-7-24,33.95,3.013366698,0.6513,125.53,20.96,16.86,1908.79
1997-7-25,9.52,3.970014758,0.7079,240.13,23.5,15.23,1738.67
1997-7-26,0,4.95949446,0.6513,419.12,29,16.73,1898.67
1997-7-27,0,4.872825315,0.5663,351.48,30.62,20.64,2421.65
1997-7-28,0,5.186692952,0.5097,358.14,33,22.48,2716.65
1997-7-29,1.87,5.150016983,0.4814,407.84,31.45,19.5,2244.82
1997-7-30,0,5.033817614,0.4531,477.15,28.9,14.34,1568.37
1997-7-31,0,5.143137452,0.4248,498.71,29.33,13.19,1431.27
1997-8-1,0,5.346251921,0.4248,474.12,31.48,16,1728.44
1997-8-2,0,4.91725995,0.4248,370.49,31,20,2320
1997-8-3,0,5.071287256,0.4248,400.94,31.48,19.24,2208.36
1997-8-4,0,4.742089098,0.3964,353.94,30.51,20.21,2353.11
1997-8-5,9.49,4.578040001,0.4248,289.63,28.41,17.36,1977.44
1997-8-6,10.94,4.664535662,0.5663,339.78,27.5,13.75,1580.33
1997-8-7,0,4.834198348,0.5097,479.11,28.47,13.08,1470.45
1997-8-8,0,4.996031581,0.4531,477.79,29.95,14.15,1556.69
1997-8-9,0,5.150410659,0.4248,468.98,31.5,15.7,1709.86
1997-8-10,0,4.759430598,0.3964,396.49,30.34,18.23,2097.91
1997-8-11,0,4.762895957,0.4248,420.75,30,17,1911.69
1997-8-12,0,4.308392858,0.3964,321.16,29.44,20.31,2368.92
1997-8-13,6.36,4.283740195,0.3964,234.48,29.82,20.98,2476.83
1997-8-14,0,4.005220648,0.538,277.85,29,21.4,2544.03
1997-8-15,0,4.265337272,0.5097,353.65,28.87,19,2200
1997-8-16,0,4.993383688,0.4248,363.96,34.55,23.21,2833.5
1997-8-17,0,5.269092622,0.3681,377.15,36.33,23.98,2988.55
1997-8-18,5.83,4.621161618,0.4248,307.7,30.92,18.5,2120
1997-8-19,0,3.974124233,0.4531,413.28,25.5,13.98,1598.32
1997-8-20,36.82,3.563175999,0.7362,291.82,24.5,16.25,1840
1997-8-21,154.42,3.383386786,26.0515,194.79,25.35,18.8,2167.82
1997-8-22,2.79,4.032834297,24.8622,357.15,27.43,16.5,1879.78
1997-8-23,0,3.986277117,9.4578,417.18,26.37,14.2,1616.07
1997-8-24,0,4.040713399,4.8139,449.15,26.32,12.37,1429.95
1997-8-25,0,4.032040068,3.3131,426.33,27,14.01,1600.92
1997-8-26,0,4.030095748,2.322,433.51,27.04,13.5,1560
1997-8-27,0,3.968139414,1.784,420.09,27,14,1600
1997-8-28,0,3.677221414,1.5291,340.78,26.51,16.75,1899.78
1997-8-29,0,3.85200988,1.4158,384.89,27.33,15.82,1785.3
1997-8-30,0,3.835271769,1.3026,405.54,27,14.68,1668.71
1997-8-31,0,3.928757303,1.1893,415.66,27.98,15,1720
1997-9-1,0,3.713796849,1.1327,327.63,28.51,19,2200
1997-9-2,0,3.819300908,1.076,329.45,29.76,19.99,2318.81
1997-9-3,0,3.673105071,1.0194,369.31,27.5,16.5,1880
1997-9-4,0,3.289387194,0.9628,418.99,22.68,10.16,1252.58
1997-9-5,0,3.453983297,0.9061,465.52,23.94,8.24,1099.22
1997-9-6,0,3.501122999,0.8495,431.15,25.33,11.5,1360
1997-9-7,0,3.70879072,0.8495,423.91,27.91,13.89,1591.03
1997-9-8,0,3.38483139,0.8212,336.22,27,17.19,1949.87
1997-9-9,0,2.87903207,0.8212,253.22,24.35,17.53,2005.27
1997-9-10,2.51,2.586107889,0.8212,169.29,23.76,18.7,2152.39
1997-9-11,3.97,2.594922785,0.8495,135.74,25.05,20.27,2362.41
1997-9-12,0,3.420043767,0.8212,368.48,28,16.8,1903.86
1997-9-13,0,3.335797144,0.7929,366.53,27.44,16.24,1838.45
1997-9-14,0,3.296834516,0.7362,382.35,27,15,1720
1997-9-15,0,3.273080879,0.7079,394.15,26.86,14.13,1610.66
1997-9-16,0,3.411765451,0.7079,421.11,28.32,13.4,1543.87
1997-9-17,0,3.353723569,0.6796,390.76,28.5,15.27,1741.67
1997-9-18,0,3.152064055,0.6796,347.61,27.5,16.5,1880
1997-9-19,0,3.233402165,0.6796,416.02,27.67,12.53,1442.08
1997-9-20,0,3.362455677,0.6513,385.9,29.76,15.73,1778.7
1997-9-21,5.22,2.917757191,0.6796,363.42,24.82,9.24,1179.22
1997-9-22,0,2.566917123,0.6513,433.95,20.72,4.57,845.67
1997-9-23,0,2.75776316,0.623,396.35,23.9,9.71,1216.44
1997-9-24,0,2.358485521,0.623,343.67,19.65,8.76,1140.55
1997-9-25,0,2.323838116,0.623,390.07,19,5.73,920
1997-9-26,0,2.59277274,0.623,391.12,23.21,9,1160
1997-9-27,0,2.579407387,0.5947,398.8,23.5,8.38,1110.01
1997-9-28,12.32,2.413331921,0.6513,263.87,22.01,9.81,1225.12
1997-9-29,12.8,2.2547673,0.8778,166.24,23.04,16.03,1806.93
1997-9-30,0,2.440295259,0.7646,266.1,24.85,16.07,1811.95
1997-10-1,0,2.317984867,0.6796,365.38,22,8.74,1139.46
1997-10-2,0,2.034380188,0.6513,416.38,18.27,1.19,655.48
1997-10-3,0,2.119902523,0.623,390.53,20.05,4.62,849.79
1997-10-4,0,2.359309118,0.5947,342.2,24.24,11.2,1336.12
1997-10-5,0,2.511273299,0.5947,319.33,27,14.76,1681.21
1997-10-6,0,2.718446029,0.5947,352.79,30.18,14.87,1699.61
1997-10-7,0,2.583072319,0.5663,351.77,29,13.83,1586.37
1997-10-8,0,2.372291555,0.5663,349.12,26.67,11.9,1391.61
1997-10-9,0,2.304144408,0.5663,320.5,26.16,13,1479.81
1997-10-10,0,2.432447817,0.5663,312.34,28.5,15,1720.36
1997-10-11,0,2.101762916,0.5947,365.96,25,7.57,1045.52
1997-10-12,0,1.865641782,0.5663,361.81,21.54,4.73,858.7
1997-10-13,0,1.893842932,0.538,347.09,22.49,6.4,952.13
1997-10-14,0,1.979050754,0.5663,259.52,23.99,13.07,1496.98
1997-10-15,13.8,1.793573279,0.623,179.48,21.5,11.77,1381.31
1997-10-16,6.24,1.262563678,0.7362,83.86,14.3,10.33,1266.02
1997-10-17,0,1.42792566,0.7079,194.33,15.96,8.73,1138.37
1997-10-18,6.01,1.416829416,0.6796,148.31,16.16,8.76,1140.83
1997-10-19,8.63,1.318358574,0.7929,126.99,15,8.85,1148.27
1997-10-20,6.74,1.398963522,0.9061,223.79,16.5,4.26,820.83
1997-10-21,0,1.345612183,0.7646,315.26,16.19,2.7,736.12
1997-10-22,0,1.227002535,0.6796,267.85,13.5,3.13,770.33
1997-10-23,0,1.115999999,0.6513,324.46,12,-2,520
1997-10-24,0,1.198901577,0.623,339.73,15.7,-0.64,587.18
1997-10-25,17.27,1.263157535,0.8778,175.67,16.08,6.82,985.41
1997-10-26,14.32,1.207938178,1.0477,186.37,15.35,5.42,913.9
1997-10-27,11.77,1.268985095,1.3026,179.87,17.4,7.77,1061.32
1997-10-28,0,1.118875625,1.2743,269.68,14.5,3.37,789.93
1997-10-29,0,1.030370463,0.9911,315.79,14.2,-0.83,573.73
1997-10-30,0,1.081409067,0.8495,324.42,17.5,0.5,640
1997-10-31,0,1.111346848,0.7929,320.56,19.36,1.99,719.37
1997-11-1,15.27,1.200620217,0.9628,131.44,18.5,11.21,1337.09
1997-11-2,14.53,1.155986889,1.4725,146.91,17.88,9.72,1217.39
1997-11-3,9.47,1.065686894,1.5857,206.8,17.71,4.7,856.2
1997-11-4,0,1.057984827,1.3592,251.01,17.34,6,920
1997-11-5,0,0.866321941,1.076,292.96,14,-0.48,599.37
1997-11-6,0,0.878288326,0.9628,270.51,14,1.35,667.97
1997-11-7,8.15,0.891324199,1.0194,83.17,13,8.68,1134.2
1997-11-8,21.25,0.86149672,1.699,68.24,12.86,9.44,1195.4
1997-11-9,13.28,0.844610319,2.2653,92.42,12.16,7.5,1040
1997-11-10,0,0.814305665,2.1238,201.11,12.02,4.13,810.11
1997-11-11,0,0.813812365,1.6141,234.1,13.36,3.72,800
1997-11-12,0,0.751549419,1.3309,232.29,11.58,2.21,719.6
1997-11-13,0,0.652208833,1.161,240.65,8.5,-1.29,558.97
1997-11-14,18.84,0.692496327,1.6141,137.99,9.2,2.26,720
1997-11-15,3,0.643056765,2.2653,129.48,7.46,0.97,640
1997-11-16,1.53,0.61461282,1.9255,184.54,6.98,-0.07,600
1997-11-17,0,0.562722305,1.5574,230.78,6.74,-2.9,487.71
1997-11-18,0,0.515954828,1.3592,265.62,7.48,-5.22,422.49
1997-11-19,0,0.497376868,1.1893,283.04,10.24,-5.38,409.99
1997-11-20,0,0.552435889,1.1327,272.99,13.25,-1.63,549.25
1997-11-21,0,0.576786372,1.076,265.43,14.72,0.24,619.22
1997-11-22,21.49,0.694994052,1.6141,131.17,13.5,6,920
1997-11-23,0,0.635804247,2.1238,165.03,11,4.23,818.14
1997-11-24,0,0.530336455,1.784,200.26,8,-0.53,597.23
1997-11-25,0,0.445749936,1.4725,237.55,6.44,-4.69,440
1997-11-26,0,0.561250445,1.3309,198.89,10.67,1.93,714.72
1997-11-27,0,0.585348862,1.2176,199.79,12.45,3.5,800
1997-11-28,0,0.498627375,1.1327,235.58,11.76,0.17,613.79
1997-11-29,0,0.59733318,1.1044,182.88,12.74,4.88,870.75
1997-11-30,3,0.591789764,1.076,140.53,13,5.02,881.39
1997-12-1,3,0.534828134,1.161,144.19,11,2.77,741.69
1997-12-2,0,0.47364854,1.076,198.4,8.5,0,600
1997-12-3,0,0.414644973,1.0194,242.01,10.49,-1.79,536.81
1997-12-4,10.92,0.512855234,1.2176,148.72,11.61,2.86,748.79
1997-12-5,0,0.505444735,1.3309,172.26,9.54,2.5,720
1997-12-6,0,0.425218627,1.1893,180.5,5.5,-1.72,542.21
1997-12-7,0,0.434101045,1.1044,166.57,5.6,-1.02,560
1997-12-8,0,0.428300134,1.0477,201.72,8.36,-0.5,600
1997-12-9,0,0.364186918,1.0194,223.63,7,-3.66,467.18
1997-12-10,8,0.458321084,1.0194,113.87,7.26,1,640
1997-12-11,5.89,0.487369295,1.2743,76.86,6.5,2.5,720
1997-12-12,2.09,0.461450109,1.1893,119.84,6,1.24,659.22
1997-12-13,0,0.34465064,1.1044,225.46,6.74,-4,440
1997-12-14,0,0.355217279,1.0194,220.36,7.33,-3.15,480
1997-12-15,0,0.285144376,0.9911,243.84,6.5,-6.79,360
1997-12-16,0,0.268313236,0.9628,252.8,12.85,-3.65,467.73
1997-12-17,0,0.244719148,0.9345,254.8,15,-3,480
1997-12-18,0,0.321672186,0.9061,236.69,11,-2.54,516.41
1997-12-19,0,0.319960078,0.9061,239.64,12.45,-1.79,536.75
1997-12-20,0,0.321985033,0.8778,242.68,14.81,-0.4,600
1997-12-21,0,0.298666088,0.8778,241.13,10.5,-3.7,463.92
1997-12-22,0,0.318344216,0.8778,221.65,6.77,-4.78,440
1997-12-23,11.59,0.403648326,1.1327,143.61,9.17,-0.1,600.03
1997-12-24,2.63,0.377449984,1.1327,169.47,8.5,-1.5,560
1997-12-25,14.24,0.446062094,1.5008,152.74,13.33,2.87,749.25
1997-12-26,0,0.446374207,1.8123,198.11,12.5,2.5,720
1997-12-27,11.26,0.393356674,1.5291,137.65,7,-1.6,552
1997-12-28,11.65,0.378753574,1.5574,124.62,4.15,-3.23,480
1997-12-29,27.04,0.320749358,1.6141,170.5,6.53,-5.5,400.03
1997-12-30,13.11,0.435113248,3.0299,114.39,6.5,-0.19,600
1997-12-31,0,0.367624562,3.0582,180.04,3.77,-4.38,440
1998-1-1,0,0.291242993,2.2087,257.78,1.6,-9.74,280
1998-1-2,0,0.398053939,1.6707,254.94,10.46,-1.24,560
1998-1-3,0,0.443604537,1.5008,249.99,14.51,1.76,700.83
1998-1-4,0,0.475434526,1.3875,243.93,18.5,4,800.36
1998-1-5,0,0.445109892,1.3026,250.38,18,2.66,732.79
1998-1-6,0,0.583868834,1.2459,215.34,17,6.28,942.74
1998-1-7,5.37,0.719324681,1.2743,63.93,16.03,12.5,1440
1998-1-8,8,0.7577957,1.5291,70.39,17.5,13.5,1560
1998-1-9,1.83,0.726314595,1.5574,178.35,18.5,10.34,1267.15
1998-1-10,0,0.46365578,1.3875,254.43,14,0,600
1998-1-11,0,0.459979037,1.2743,247.41,11,-1.5,560
1998-1-12,0,0.445066354,1.1893,244.59,8.5,-3.24,480
1998-1-13,6.34,0.532340984,1.2176,159.38,10,0.69,639.41
1998-1-14,0,0.437804018,1.4158,241.25,6,-5,440
1998-1-15,14,0.432588854,1.3309,203.84,7.71,-5.64,400
1998-1-16,11,0.564657392,2.322,171.25,10.25,0.73,640
1998-1-17,0,0.525731846,2.3786,205.84,6.49,-1.5,560
1998-1-18,1,0.543178899,1.8406,163.92,5.48,-0.5,600
1998-1-19,0,0.513304099,1.5574,188.26,4.17,-2.77,498.27
1998-1-20,0,0.540313776,1.4158,148.13,4.11,-1.11,560
1998-1-21,0,0.492531587,1.3026,248.05,4.12,-5.79,400
1998-1-22,0,0.525998519,1.2459,242.5,5,-4.5,440
1998-1-23,30.54,0.640043475,1.6707,196.44,10.87,-0.16,600
1998-1-24,18.85,0.731992063,4.1059,167.89,12.5,3.5,800
1998-1-25,3.06,0.651045674,4.1909,153.56,8,0.29,622.86
1998-1-26,0,0.595767854,3.483,243.13,6.08,-3.51,479.11
1998-1-27,0,0.636262743,2.6335,251.3,7.5,-2.5,520
1998-1-28,33.36,0.670491125,3.6812,114.7,6.5,1.23,658.7
1998-1-29,0,0.724132777,5.3802,254.51,9.88,-0.2,600
1998-1-30,0,0.757161892,4.8139,238.9,10,0.98,640
1998-1-31,0,0.720098842,3.483,214.47,7.5,0,600
1998-2-1,0,0.705519044,2.6901,288.42,8.18,-3.68,465.88
1998-2-2,0,0.72696429,2.2087,310.42,9.5,-4.46,440
1998-2-3,0,0.796917279,1.9539,256.93,9.18,-0.1,600
1998-2-4,13.13,0.753079673,1.9822,87.56,7,3.54,794.32
1998-2-5,12,0.710572613,5.6634,86.46,5.03,1.74,699.22
1998-2-6,1.22,0.730323309,3.398,121.2,5.19,1.5,680
1998-2-7,0,0.779584728,2.4636,192.06,6,0.34,626.86
1998-2-8,0,0.775832721,2.1238,208.57,5.35,-0.77,578.38
1998-2-9,0,0.856973476,1.8406,309.65,8.07,-2.76,499.22
1998-2-10,0,0.954594219,1.6707,345.5,12,-2.97,482.76
1998-2-11,12.53,1.004943964,1.5857,250.48,12,-1,560
1998-2-12,6.74,1.094760803,2.5202,184.7,13,5.49,919.36
1998-2-13,0,1.030783952,3.0299,305.16,10.73,0.72,640
1998-2-14,0,0.865915596,2.5485,267.42,5.26,-2.37,520
1998-2-15,0,0.820710948,2.0954,331.7,3.5,-7.26,360
1998-2-16,0,0.919325879,1.8123,349.48,6.15,-6.07,394.1
1998-2-17,10.37,1.128342285,1.784,198.66,11.17,3.49,791.02
1998-2-18,5.35,1.305062656,2.4636,203.8,14.98,6.89,990.85
1998-2-19,0.42,1.307968575,2.4636,283.97,14.41,5.87,920
1998-2-20,0,1.212618502,2.1804,328.38,11.44,1,640.25
1998-2-21,0,1.185640381,1.9255,231.3,11.13,4.94,874.98
1998-2-22,0,1.283631118,1.699,346.38,12,0.84,640
1998-2-23,42.06,1.08776957,2.1238,150.07,8.35,3.32,785.59
1998-2-24,21.16,1.038271464,5.6634,139.48,7,2.5,720.04
1998-2-25,0,1.373038239,6.6261,337.36,12.4,2.5,720
1998-2-26,0,1.505284451,4.9838,363.51,14.55,3,760
1998-2-27,0,1.521429693,3.8794,390.05,14.42,0.5,640
1998-2-28,0,1.525204937,3.0865,288.2,14.69,6.91,992.49
1998-3-1,0,1.527163265,2.6051,305.64,14,5.72,920
1998-3-2,10.26,1.498111389,2.3786,254.26,12.5,3,760.36
1998-3-3,22.08,1.371075545,3.398,224.57,10,2.41,720
1998-3-4,0,1.31490238,5.2386,312.99,8.25,0.5,640
1998-3-5,0,1.441279447,4.6156,386.5,9.57,-1.52,556.99
1998-3-6,0,1.494225956,3.8511,408.11,10,-2.77,498.67
1998-3-7,11.11,1.406877751,3.1715,197.92,9.71,3.33,786.02
1998-3-8,25.88,1.3313863,3.8228,146.39,9.5,5,880.25
1998-3-9,33.03,1.848550738,9.1463,252.85,15.84,6.77,981.21
1998-3-10,0,1.815010378,10.1091,390.37,14.01,2.5,720
1998-3-11,0,1.257519233,6.9093,333.07,4,-4.18,440
1998-3-12,0,1.179573349,4.8422,358.16,1.84,-6.93,360
1998-3-13,0,1.297494891,3.8794,396.23,3.48,-6.76,360
1998-3-14,0,1.735770406,3.3131,416.83,10.71,-1.14,560
1998-3-15,0,1.694604555,3.0016,428.38,9.5,-2.86,491.37
1998-3-16,0,1.597420799,2.8034,411.23,7.63,-3.5,480
1998-3-17,0,1.692099961,2.5768,452.75,8.48,-5.5,400
1998-3-18,11.82,1.519760909,2.7184,203.7,8,2,719.6
1998-3-19,28.56,1.878443931,4.3325,255.19,12.44,4.34,827.41
1998-3-20,7.65,1.612517432,6.3147,185.1,9.82,4.5,840
1998-3-21,20.94,1.351445652,7.0792,138.96,6.5,2.76,740.6
1998-3-22,4,1.402467389,7.504,197.87,5,-0.38,600
1998-3-23,0,1.799887812,6.343,407.86,8.74,-1.06,560
1998-3-24,0,1.969642246,4.9838,460.78,10.18,-2.5,520
1998-3-25,0,1.986783897,4.0776,464.73,10,-3.02,480.09
1998-3-26,0,2.476400102,3.5113,458.75,16.37,2.86,748.79
1998-3-27,0,3.2384236,3.6812,454.92,25.2,10.15,1252.28
1998-3-28,0,3.270422891,4.2192,429.39,25.61,12.5,1440
1998-3-29,0,3.516392678,3.9927,444.99,27.54,12.99,1479.51
1998-3-30,0,3.716116931,3.7945,469.96,28.83,11.4,1351.66
1998-3-31,0,3.635866597,3.5962,422.51,28.34,15,1720
1998-4-1,1,2.982595606,3.398,328.81,23.42,14.97,1715.44
1998-4-2,0,3.327469263,3.3131,442.65,24.05,10.59,1286.96
1998-4-3,0,3.164008955,3.1432,500.38,21,3.25,779.78
1998-4-4,11.15,2.351371048,3.1715,271.31,13.35,4.5,840
1998-4-5,0,2.190117616,3.7945,345.77,11.33,3.25,779.78
1998-4-6,0,2.711604324,3.5962,484.22,15,0.5,640
1998-4-7,0,2.989589004,3.2564,506.28,17.53,0.44,634.98
1998-4-8,0,3.245075989,2.9733,479.11,20.3,4.99,879.4
1998-4-9,15.63,2.564440193,3.1432,256.09,14.98,6.5,959.6
1998-4-10,16.06,2.376948804,5.182,258.31,12.22,3.82,800
1998-4-11,0,2.761302924,5.182,453.66,14.46,1.74,699.22
1998-4-12,0,3.015873196,4.3891,512.01,16.16,-0.78,577.47
1998-4-13,0,3.327862676,3.7378,533.18,19,-1,560
1998-4-14,1.45,3.358588297,3.2848,449.55,20.1,6.76,980.55
1998-4-15,0,3.603147492,3.0299,417.58,23,10.84,1307.18
1998-4-16,0,3.645168992,2.86,434.48,22.8,10,1240.35
1998-4-17,12.2,3.492957661,3.2281,262.29,23.07,13.5,1560
1998-4-18,4.56,3.475554721,4.1909,357.44,20.8,8.83,1146.3
1998-4-19,6.14,2.820348735,3.9077,232.87,16.08,8.19,1095.45
1998-4-20,5.08,2.843116625,3.7945,228.25,16.26,8.5,1120
1998-4-21,0,3.494625207,3.5113,479.51,18.94,4,800
1998-4-22,0,3.510091999,3.1149,448.33,19.37,6,920
1998-4-23,12.09,2.610567853,3.1715,190.61,14.34,8,1080
1998-4-24,0,3.478403468,4.3608,406.29,19.6,8.31,1104.75
1998-4-25,0,3.635762002,4.2192,386.67,21.5,10.85,1308.23
1998-4-26,4.98,3.478158565,3.7945,303.65,19.33,8.38,1110.21
1998-4-27,5.56,3.240421772,3.6246,320.07,16.23,4.79,862.97
1998-4-28,0,3.346557615,3.3131,485.73,16,2,720
1998-4-29,0,3.76075488,2.9166,503.34,19.45,4.1,811.51
1998-4-30,0,3.960257778,2.6901,437.33,22.5,10.2,1255.61
1998-5-1,9.29,3.112933262,2.6618,187.94,19.63,13.5,1560
1998-5-2,7.34,3.164064017,3.3131,206.95,19.14,12.5,1440
1998-5-3,0,3.936820695,3.2281,418.01,22.5,11.5,1360
1998-5-4,1,3.681489909,2.945,361.43,21.5,12.5,1440
1998-5-5,2,3.330616884,2.8317,302.63,19.69,12.5,1440
1998-5-6,4,3.412475627,2.8317,239.5,20,12.5,1440
1998-5-7,0,3.63571738,2.6618,359.6,21,12.5,1440
1998-5-8,18,3.163517922,2.945,207.89,19.06,13,1480
1998-5-9,22.67,2.650806927,4.8422,149,16.61,12.5,1440
1998-5-10,12.22,2.555822599,6.9943,146.33,15.5,11.55,1364.19
1998-5-11,11.55,2.131198317,6.9093,109.01,13,10.3,1264.28
1998-5-12,24.71,2.050582381,9.5994,111.83,11.69,9.05,1163.61
1998-5-13,0,3.04672439,11.1002,387.18,14.53,7,1000
1998-5-14,0,3.938126818,7.7871,545.05,18.67,4.5,840
1998-5-15,0,4.843417732,5.805,578.7,24.84,4.36,828.67
1998-5-16,0,5.508591813,4.6156,541.72,30.52,12.44,1435.14
1998-5-17,0,4.967538666,3.9644,507.07,27.47,13.37,1538.86
1998-5-18,0,5.27651809,3.5113,547.61,28.38,10.5,1280
1998-5-19,0,5.73006744,3.1149,522.55,32.05,14.88,1700.64
1998-5-20,0,5.665105499,2.2937,500.71,32,16.36,1857.78
1998-5-21,0,5.441358331,1.6141,491.45,30.59,16,1800.7
1998-5-22,0,4.829472974,1.5291,533.08,24.78,8.99,1159.32
1998-5-23,0,4.564622956,1.4158,533.13,22.5,7,1000
1998-5-24,0,4.845098189,1.3592,532.08,24.56,8.5,1120
1998-5-25,0,4.71807187,1.2743,438.53,26,14.5,1640
1998-5-26,1.68,4.559216472,1.2743,372.51,26.5,17,1920
1998-5-27,0,4.621709681,1.2459,435.37,25.18,14,1600
1998-5-28,0,4.852872767,1.2176,467.14,26.05,13.5,1560
1998-5-29,0,5.010548498,1.161,460.15,27.42,14.98,1717.37
1998-5-30,0,5.384784166,1.1327,439.46,30.72,18.5,2120
1998-5-31,0,5.138812997,1.076,406.19,29.83,18.99,2198.38
1998-6-1,6.7,5.199894974,1.1044,344.81,28.42,15.5,1760
1998-6-2,0,4.973675324,1.076,513.97,25.13,10,1240
1998-6-3,0,4.459800921,0.9911,382.23,24.75,15.2,1736.18
1998-6-4,0,4.619895466,0.9345,480.7,23,9.84,1226.93
1998-6-5,0,4.458940675,0.9061,439.2,22.67,11.18,1334.48
1998-6-6,0,4.641687906,0.8778,478.58,23,9.73,1218.07
1998-6-7,0,4.47197057,0.8495,438.86,22.5,10.79,1303.27
1998-6-8,0,4.501529921,0.8212,459.65,22,9.28,1182.71
1998-6-9,0,4.888991617,0.8212,481.86,24.36,10,1240
1998-6-10,0,4.260875536,0.8212,348.77,22.75,13.48,1556.62
1998-6-11,0,4.101316221,0.8212,299.96,22.94,15,1720
1998-6-12,34.44,3.385663314,1.4442,137.08,21.87,17.18,1948.76
1998-6-13,12.35,4.31772067,2.3503,220.07,25.33,17.5,2000
1998-6-14,10.28,4.689345271,2.1804,264.76,26.5,17,1920
1998-6-15,1.88,4.704029948,1.7273,376.03,26,16,1800
1998-6-16,4.18,5.214421924,1.3875,294.99,29.5,18.5,2120
1998-6-17,0,5.270120141,1.161,426.58,29,17,1920
1998-6-18,0,5.350522114,0.9628,421.08,29.83,18,2080
1998-6-19,0,5.382071949,0.9345,441.9,29.5,16.99,1919.41
1998-6-20,0,5.35975177,0.8778,390.69,31,20.24,2358.45
1998-6-21,10.79,5.418304505,0.8212,310.91,30.77,19.32,2251.01
1998-6-22,0,4.422653898,0.9061,297.75,27.5,20.27,2363.97
1998-6-23,0.9,3.291613771,0.9345,167.55,24.45,20.75,2440.66
1998-6-24,0.99,4.220159371,0.9628,281.85,27,20.52,2403.8
1998-6-25,0,5.469550129,0.9911,419.62,31.5,20.28,2364.42
1998-6-26,0,5.886649421,0.9628,428.46,33.96,21.74,2598.45
1998-6-27,0,5.616857946,1.0194,420.63,32.5,21,2480.14
1998-6-28,0,4.992249176,0.9911,424.04,27.98,17.29,1966.63
1998-6-29,0,4.857636606,0.8495,424.8,26.99,16.48,1877.04
1998-6-30,0,5.321019866,0.7929,414.42,30.82,19.99,2319.05
1998-7-1,0,5.380831455,0.7646,454.45,30,17.76,2041.66
1998-7-2,0,5.574039349,0.7079,516.83,29.5,14,1600
1998-7-3,0,5.625016217,0.6796,494.34,30.5,16,1800
1998-7-4,0,5.568413379,0.6513,478.41,30.61,16.91,1912.55
1998-7-5,14.06,5.013246394,0.623,295.56,29.36,19.38,2260.82
1998-7-6,0,5.133452057,0.5947,467.47,28,15.52,1761.35
1998-7-7,0,5.112675049,0.623,479.75,27.5,14.49,1638.99
1998-7-8,10,4.121461776,0.7079,249.16,24.5,17.03,1924.52
1998-7-9,0,4.250055135,0.7929,355.33,25,16.98,1918.42
1998-7-10,0,5.17865327,0.7079,433.89,29.78,18.5,2120.08
1998-7-11,0,5.4255452,0.5947,516.72,29,13.5,1557.19
1998-7-12,0,5.289976164,0.5663,497.84,28.5,14,1600
1998-7-13,0,5.418168965,0.538,494.72,29.5,14.71,1673.11
1998-7-14,0,5.200528972,0.538,444.57,29.38,17,1920
1998-7-15,0,5.054101646,0.5097,390.55,30.05,19.59,2287.18
1998-7-16,0,4.978373721,0.538,363.42,30.51,20.89,2462.89
1998-7-17,0,4.984805728,0.5663,341.98,31.5,22.45,2712.33
1998-7-18,0,4.993596634,0.623,361.29,31,21.46,2553.63
1998-7-19,0,5.418930114,0.538,462.48,31,17.5,2000
1998-7-20,0,5.372779548,0.4531,382.74,33.19,22.48,2716.83
1998-7-21,0,5.729320587,0.4531,437.82,34,20.8,2447.74
1998-7-22,0,5.827281202,0.4531,412.68,35.35,22.72,2754.59
1998-7-23,0,5.799428857,0.4248,424.22,34.82,21.59,2570.65
1998-7-24,9.27,5.308606284,0.5097,292.29,32.5,21.11,2497.94
1998-7-25,0,4.965527658,0.4531,392.75,30,18.98,2197.2
1998-7-26,0,4.851882208,0.3681,401.43,29,17.85,2056.07
1998-7-27,0,4.883569639,0.3681,428.99,28.56,16.38,1861.02
1998-7-28,0,4.64096954,0.3964,342.61,29.5,20.24,2358.45
1998-7-29,0,5.005027299,0.4248,362.85,31.8,21.5,2560
1998-7-30,0,5.334645711,0.4248,405.62,33,20.8,2448.74
1998-7-31,8.64,4.743119671,0.4531,284.76,29.51,19,2200
1998-8-1,0,4.72489892,0.5097,440.59,27.8,15.31,1744.49
1998-8-2,0,4.901898171,0.4531,494.87,28,12.68,1417.93
1998-8-3,0,5.125910096,0.4248,506.99,29.63,13,1436.69
1998-8-4,0,5.119627105,0.3964,492.58,30.01,14,1537.56
1998-8-5,0,5.047614911,0.3964,492.34,29.61,13.57,1487.97
1998-8-6,0,5.017810937,0.3681,471.12,30,15,1651.53
1998-8-7,0,4.615251651,0.3681,406.05,28.5,16.63,1886.28
1998-8-8,0,4.529741814,0.3964,352.88,29.49,19.33,2233.11
1998-8-9,0,4.620016919,0.3681,352.64,30.48,20.22,2294.57
1998-8-10,0,4.694272566,0.3681,368.69,30.96,20.26,2207.3
1998-8-11,16.81,4.534538845,0.6513,247.91,31,21.5,2555.08
1998-8-12,0,4.604035821,0.538,379.48,30.5,19.71,2076.61
1998-8-13,0,4.370021488,0.4531,370.2,29,18.74,1987.66
1998-8-14,0,4.121725957,0.4248,369.5,27,17,1801.35
1998-8-15,0,4.242706399,0.3964,362.51,28.5,18.5,1982.89
1998-8-16,0,4.287407487,0.3964,348.58,29.5,19.76,2168.5
1998-8-17,4,4.204322566,0.3964,225.54,30.5,22,2640
1998-8-18,11.66,4.731151775,0.3964,299.29,32,19.69,2274.75
1998-8-19,0,4.260316758,0.4248,437.41,27.45,14.49,1508.65
1998-8-20,0,4.178973136,0.3964,485.01,25.93,10.61,1130.3
1998-8-21,0,4.402713441,0.3681,466.06,28.52,13.65,1384.66
1998-8-22,0,4.422742235,0.3681,396.13,30.5,18.5,1996.06
1998-8-23,0,4.369612142,0.3681,350.07,31.5,21,2423.53
1998-8-24,0,4.336984619,0.3398,315.21,32.5,22.98,2794.68
1998-8-25,0,4.68861083,0.3398,351.28,34.5,23.33,2754.79
1998-8-26,0,4.274299336,0.3115,313.36,32.5,23,2799.2
1998-8-27,0,3.52830909,0.3115,231.03,29.2,22.73,2756.76
1998-8-28,13.08,2.975693099,0.4814,132.98,26.44,21.74,2598.45
1998-8-29,0,4.111325233,0.538,386.11,29.93,18.31,2055.84
1998-8-30,0,4.321613372,0.4248,393.53,31.8,19.35,2171.99
1998-8-31,0,4.401716879,0.3681,387.05,32.91,20.49,2301.24
1998-9-1,0,4.101413431,0.3681,409.43,30.13,17.26,1869.98
1998-9-2,5.04,3.666649117,0.3681,286.26,27,15.9,1792
1998-9-3,1.88,3.858965168,0.3681,383.99,28.31,15.25,1687.52
1998-9-4,12.1,3.539554126,0.7362,254.23,27.61,18.12,2089.63
1998-9-5,0,3.675112418,0.5947,406.04,27.54,15.36,1737.21
1998-9-6,0,4.016598711,0.4531,446.85,30.3,14.98,1640.34
1998-9-7,9.56,4.204491679,0.3964,300.72,33,19.37,2259.63
1998-9-8,18,3.549623486,0.623,296.52,27.34,15.19,1735.44
1998-9-9,0,3.131858511,0.4814,403.67,23,11.05,1323.87
1998-9-10,0,3.101417612,0.4248,401.9,23,10.98,1318.07
1998-9-11,0,3.424910763,0.3964,455.56,26.05,9.87,1182.45
1998-9-12,0,3.763310584,0.3681,424.35,30.26,15.1,1630.79
1998-9-13,0,3.583719477,0.3398,355.52,29.99,18.36,2076.51
1998-9-14,0,3.330757933,0.3398,329.12,28.33,17.98,2067.69
1998-9-15,0,3.257777182,0.3398,288.51,28.99,20,2321.54
1998-9-16,0,3.68101761,0.3398,325.96,32.5,21.33,2510.08
1998-9-17,0,3.331890617,0.3398,309.64,29.8,19.75,2299.56
1998-9-18,0,2.776659247,0.3398,242.38,26,18.84,2173.71
1998-9-19,0,3.146589857,0.3398,362.12,27.49,15.68,1746.78
1998-9-20,0,3.18633402,0.3398,384.32,28,15,1604.58
1998-9-21,0,3.285704363,0.3115,351.47,29.97,18.08,1992.71
1998-9-22,8,3.098261556,0.3115,236.85,29,18.69,2150.88
1998-9-23,0,2.722482742,0.3115,400.12,23.5,9.75,1168.49
1998-9-24,0,2.576366582,0.3115,443.7,21.92,4.5,800.38
1998-9-25,0,2.668888839,0.3115,367.25,24.01,11.47,1348.97
1998-9-26,0,2.890805796,0.3115,355,27.33,14.57,1648.52
1998-9-27,0,3.282487142,0.3115,342.3,32.22,18.74,2128.12
1998-9-28,0,3.093896947,0.3115,362.3,30.5,16.04,1774.94
1998-9-29,0,2.66730443,0.2832,416.37,26,7.97,1023.76
1998-9-30,9.33,2.567845045,0.3115,272.92,25,11.33,1344.45
1998-10-1,0,2.730140351,0.3398,347.49,27.67,14,1598.62
1998-10-2,0,2.355080428,0.3115,426.12,23.92,3.6,773.94
1998-10-3,0,2.091212449,0.3115,379.16,19.57,4.5,840
1998-10-4,11,1.873547881,0.3681,198.7,17.37,8.3,1103.91
1998-10-5,0.8,1.936930121,0.4248,234.85,19.18,10.48,1278.33
1998-10-6,0,2.077853774,0.3964,338.86,21.02,8,1080
1998-10-7,0,1.994548753,0.3681,293.1,20.5,9.87,1229.28
1998-10-8,20.83,1.98059778,0.5663,153.61,22.5,15.32,1745.88
1998-10-9,30.07,1.673311205,2.6618,92.74,21,16.84,1906.93
1998-10-10,3,1.472954362,1.6141,86.92,17.63,13.96,1596.91
1998-10-11,0,1.920520759,0.8212,286.05,21.48,11.27,1341.66
1998-10-12,0,1.844102369,0.6513,274.69,20.82,11.22,1337.59
1998-10-13,2.99,1.600203581,0.5947,130.3,19,13.4,1543.94
1998-10-14,12.54,1.704532473,0.8495,186.59,19.67,11.25,1339.78
1998-10-15,0,1.665068804,0.8778,335.37,19.01,5.98,920
1998-10-16,0,1.618868151,0.6796,351.66,19,4.41,833
1998-10-17,0,1.654273836,0.5947,352.21,20.54,5.15,891.92
1998-10-18,0,1.773726164,0.538,323.63,23,9.12,1169.35
1998-10-19,0,1.812777825,0.5097,288.14,23.96,12.1,1408.19
1998-10-20,0,1.630123382,0.4814,320.98,21.61,7.69,1055.49
1998-10-21,0,1.454187849,0.4814,313.23,18.5,5.36,908.75
1998-10-22,0,1.279756139,0.4814,306.99,15.09,2.5,720.04
1998-10-23,0,1.262848286,0.4814,327.93,15.88,1.36,668.72
1998-10-24,0,1.425932646,0.4531,334.4,21,4.76,860.83
1998-10-25,0,1.438323964,0.4531,336.03,22.47,5.25,900.33
1998-10-26,0,1.396243688,0.4531,308.93,20.98,6.46,956.81
1998-10-27,0,1.312615186,0.4531,247.96,18.5,8.23,1098.67
1998-10-28,0,1.25488499,0.4531,298.09,18.76,5.12,889.75
1998-10-29,0,1.221959391,0.4531,276.3,18,6.02,921.29
1998-10-30,0,1.102426836,0.4814,311.85,16.93,1.95,712.9
1998-10-31,0,1.071408804,0.4814,303.2,16.5,2.11,720
1998-11-1,0,1.045383259,0.4814,302.53,16.5,2.1,716.97
1998-11-2,0,1.040263367,0.4814,276.07,16,3.69,800
1998-11-3,0,0.919733936,0.4531,238.93,12.12,2.26,720
1998-11-4,0,0.860401509,0.4531,246.26,11,0.65,638.07
1998-11-5,0,0.777830124,0.4531,306.55,11.5,-4,440.03
1998-11-6,0,0.778429178,0.4531,245.18,9.5,-1.04,565.16
1998-11-7,0,0.781509426,0.4814,280.8,12,-1.69,545.14
1998-11-8,0,0.810192684,0.4814,198.84,11,2.46,720.85
1998-11-9,0,0.797807919,0.4814,256.67,13.33,0.7,640
1998-11-10,0,0.780633415,0.4531,275.68,15.09,0.25,619.78
1998-11-11,12,0.958494755,0.538,162.6,18.51,7.76,1060.53
1998-11-12,0,0.749363238,0.6513,257.93,14.6,0.78,640
1998-11-13,0,0.745953368,0.538,229.46,13.5,1.8,703.91
1998-11-14,0,0.734334158,0.5097,247.18,15.12,1.72,697.59
1998-11-15,0,0.808388762,0.538,238.78,18.15,5.01,881.18
1998-11-16,0,0.63707767,0.5097,266.91,15,-0.74,580.55
1998-11-17,0,0.760689272,0.4814,224.59,16.96,4.79,863.42
1998-11-18,0,0.657000263,0.4814,229.99,14,1.5,680
1998-11-19,0,0.616216792,0.4531,237.08,13.63,0.44,635.55
1998-11-20,0,0.773769904,0.4531,189.13,17.24,7.26,1020.83
1998-11-21,2.99,0.614440163,0.4814,168.73,14,1.65,691.73
1998-11-22,0,0.560154129,0.4531,206.5,10.5,-0.26,600
1998-11-23,0,0.553277276,0.4531,242.81,14.76,0.51,639.37
1998-11-24,0,0.673903213,0.4531,198.37,16.32,5.69,919.81
1998-11-25,0,0.49132181,0.4531,242.66,13,-1.26,560
1998-11-26,15.33,0.601766301,0.5663,139.12,13.5,3.77,800
1998-11-27,1.56,0.59664462,0.623,158.56,13,4,800.04
1998-11-28,0,0.443771255,0.538,255.38,17.21,0,600
1998-11-29,0,0.450525619,0.5097,257.53,21.12,2.34,720
1998-11-30,0,0.539487174,0.4814,232.28,19.5,4.5,840.04
1998-12-1,0,0.600610479,0.4814,208.39,18.92,6.44,954.85
1998-12-2,0,0.384820229,0.4531,249.45,17,-0.39,600
1998-12-3,0,0.492387556,0.4531,227.12,19,4,800
1998-12-4,0,0.663302833,0.4531,199.72,22.51,9.7,1216.2
1998-12-5,0,0.696919944,0.4531,167.48,20.63,10.69,1294.93
1998-12-6,0,0.57339875,0.4531,207.3,21.01,7.59,1047.2
1998-12-7,0,0.667782614,0.4531,200.4,24.09,10.77,1301.21
1998-12-8,8.73,0.625297344,0.4814,120.82,18.5,8.99,1159.37
1998-12-9,12.34,0.468751255,0.7929,119.62,10.94,2.1,720
1998-12-10,0,0.352702874,0.7079,212.76,10.5,-2.5,520
1998-12-11,0,0.398944519,0.5947,188.48,10.5,-0.46,600
1998-12-12,0,0.325199165,0.538,214.21,9.5,-3.78,457.37
1998-12-13,14.49,0.473326743,0.7079,82.09,7.87,2.21,720
1998-12-14,0,0.401635383,0.8212,151.94,6.92,-1.18,560
1998-12-15,0,0.265848732,0.6513,233.71,9.49,-6,400
1998-12-16,0,0.353628265,0.5947,201.5,10,-1.88,529.68
1998-12-17,1,0.390323806,0.5663,168.88,8.13,-1.05,560
1998-12-18,0,0.395250307,0.5663,155.5,7,-1.17,560
1998-12-19,0,0.364061199,0.538,200.22,10.48,-1.1,560
1998-12-20,0,0.520276686,0.538,128.21,12.14,5.44,915.58
1998-12-21,0,0.497974927,0.538,162.12,13.78,5,880
1998-12-22,3,0.319553909,0.5097,176,17.5,1,640
1998-12-23,4,0.289562093,0.5097,154.15,1.08,-8.67,320
1998-12-24,6.13,0.33846456,0.538,76.21,-2,-6.2,383.91
1998-12-25,0,0.275338541,0.5097,227.61,1.19,-9.7,280
1998-12-26,0,0.244775191,0.5097,251.7,1,-12,240
1998-12-27,0,0.235830937,0.4814,269.53,4.24,-11.1,271.84
1998-12-28,5.52,0.356631504,0.5097,164.06,7.26,-3.32,476.68
1998-12-29,5.82,0.458040531,0.6796,90.85,6.06,1,640
1998-12-30,3.53,0.358559736,0.7646,153.5,4.5,-4.49,440
1998-12-31,0,0.31365982,0.6513,174.84,-1.5,-8.6,320
1999-1-1,0,0.304314766,0.5947,179.97,-0.26,-9.3,295.91
1999-1-2,0,0.276407877,0.538,221.03,0.91,-11.26,259.46
1999-1-3,47.12,0.267014811,1.5574,194.03,14.14,-4.73,435.4
1999-1-4,0,0.337177651,4.1909,231.64,8,-5.51,400
1999-1-5,0,0.308555165,2.7751,185.12,-1,-10.19,280
1999-1-6,0,0.267098901,1.3309,244.06,0.71,-13.5,200
1999-1-7,0,0.379973696,1.0194,180.97,3.3,-5.6,400
1999-1-8,7.8,0.365361243,0.9061,171.91,3.64,-6.8,360
1999-1-9,7.07,0.420165945,0.9911,198.03,11.52,-2.17,520
1999-1-10,0,0.378425633,1.161,253.22,5.66,-6.46,363.33
1999-1-11,0,0.376231409,0.9628,197.84,0.83,-7.5,360
1999-1-12,0,0.426039835,0.8212,274.55,10.66,-3.56,465.08
1999-1-13,0,0.561178928,0.7929,231.11,13,2.21,720
1999-1-14,9.02,0.508801387,0.8212,167.81,9.99,-0.92,577.19
1999-1-15,35.88,0.509958529,1.7556,173.62,10.86,-1.28,558.42
1999-1-16,0,0.440005997,3.0865,260.2,9.51,-5.47,402.77
1999-1-17,0,0.502957819,2.1238,265,13.84,-2.07,520
1999-1-18,15.12,0.593923126,1.6424,181.99,14,1,640
1999-1-19,0,0.592976215,2.6335,236.97,12.5,0.24,618.93
1999-1-20,0,0.61447136,2.2087,196.03,10,0.91,643.34
1999-1-21,0.52,0.606050881,1.5574,225.24,10.5,-0.37,594.32
1999-1-22,0.63,0.69123342,1.3309,123.98,10.05,4.76,860.83
1999-1-23,0.88,0.821300878,1.1893,201.27,16.54,7,1000
1999-1-24,26.99,0.851947128,1.5574,166.08,17.9,7,1000
1999-1-25,7.99,0.674413991,2.945,176.17,11.04,0,600
1999-1-26,0,0.61859903,2.2087,239.13,8,-3.03,481.08
1999-1-27,0,0.643741518,1.5574,264.38,9.77,-3.15,481.05
1999-1-28,0,0.749771116,1.3309,265.43,13.6,0.36,628.73
1999-1-29,0,0.703993606,1.1893,244.94,9.7,-1.44,560
1999-1-30,0,0.636259536,1.076,256.78,6.5,-5.07,434.3
1999-1-31,0,0.579147773,0.9911,249.53,3,-7.8,335.99
1999-2-1,0,0.594638431,0.9345,281.79,4.22,-9,320
1999-2-2,13.25,0.805132359,1.1044,208.83,11.92,-1.19,560
1999-2-3,0,0.909584539,1.4442,229.21,13,3.5,800
1999-2-4,9.7,0.852614675,1.3026,190.28,11,0.29,623.36
1999-2-5,0,0.820630898,1.1893,206.28,8.5,0.65,640
1999-2-6,3.29,0.794773779,1.076,186.22,7.5,-2.3,520
1999-2-7,2,0.791613618,1.0477,221.73,6.49,-1.76,539.22
1999-2-8,5.4,0.765804885,1.1044,130.5,5.01,-1.01,560
1999-2-9,0,0.82711312,1.076,304.05,7.66,-5,440
1999-2-10,0,0.958636453,0.9911,290.03,10.88,-0.88,571.44
1999-2-11,0,0.978228118,0.9628,336.08,12.42,-3.5,480
1999-2-12,0,1.18877728,0.9345,321.63,17,2.25,720
1999-2-13,10.73,1.096579172,1.1893,265.6,15.79,-3,480
1999-2-14,0,0.811411154,1.1327,247.63,3.55,-5.24,420.55
1999-2-15,0,0.908891718,0.9911,346.24,7.26,-8.11,320
1999-2-16,0,1.113828371,0.9345,367.07,13.9,-5.06,435.03
1999-2-17,0,1.265665829,0.9345,345.34,15.74,-0.04,608.43
1999-2-18,20.05,1.179553446,1.1893,181.9,11.82,3.27,781.38
1999-2-19,0,1.042950745,1.6141,212.65,8,0.94,640
1999-2-20,0,1.055132739,1.3309,264.11,7.5,-1.5,560
1999-2-21,0,0.942125459,1.1327,260.48,4,-4.72,440
1999-2-22,0,0.860756453,1.0194,271.25,1.27,-7.69,344.42
1999-2-23,0,0.81453607,0.9628,313.26,-0.5,-11.28,257.59
1999-2-24,0,0.934489169,0.9345,257.89,2.51,-5.69,400
1999-2-25,0,1.097598906,0.9061,311.12,5.97,-4.56,440
1999-2-26,0,1.226192326,0.9061,315.53,8.5,-2.17,520
1999-2-27,0,1.290098482,0.8778,366.48,9.5,-4.25,440
1999-2-28,13.1,1.359613337,0.9628,200.53,10.88,2.5,720
1999-3-1,11.8,1.304569902,1.4442,187.18,9.5,2,720
1999-3-2,0,1.387428845,1.3026,333.49,9.97,-0.98,561.9
1999-3-3,5.68,1.593117586,1.1327,285.43,13.52,-0.5,600
1999-3-4,1.86,1.568723045,1.076,347.23,12.5,0.5,640
1999-3-5,0,1.26974367,0.9628,329.43,6.17,-4,440
1999-3-6,11.53,1.500877361,0.9345,265.92,10.21,-1.31,560
1999-3-7,11.77,1.486874623,1.784,326.89,9.43,-5.78,400
1999-3-8,0,1.170639029,1.6707,373,2.74,-8.11,320
1999-3-9,0,1.147260816,1.3026,349.47,2.02,-7.74,340.55
1999-3-10,0,1.319329083,1.161,314.52,5.5,-3.08,480
1999-3-11,0,1.450041241,1.076,384.51,7,-4.25,440
1999-3-12,0,1.351685234,0.9911,312.18,5.5,-2.74,501.11
1999-3-13,0,1.579494974,0.9628,395.81,8.5,-2.88,489.76
1999-3-14,31.11,1.53919674,1.0194,257.12,8,-1,560
1999-3-15,25,1.358478279,3.7661,180.61,6.16,0.5,640
1999-3-16,0,1.707389768,4.2192,399.69,9.59,-1.22,560
1999-3-17,0,2.30846803,2.6618,454.15,17.96,0.75,640
1999-3-18,0,2.6716926,1.8123,434.75,22.47,6.73,978.27
1999-3-19,0,2.218526029,1.4158,410.61,16,3.5,800
1999-3-20,0,1.959939842,1.2743,433.64,11.5,-2,520
1999-3-21,24.72,1.96390728,1.2743,304.76,11.42,-0.5,600
1999-3-22,20.26,1.957084123,2.8034,274.96,11.5,1.44,675.46
1999-3-23,0,2.046117584,3.3697,443.26,11.5,-2.5,520
1999-3-24,1.82,2.307602874,2.3786,362.96,15.71,5,880.25
1999-3-25,0,2.322017351,1.784,409.9,15,2.87,749.25
1999-3-26,0,2.039719302,1.5008,423.54,10.5,-1.98,521.9
1999-3-27,4,2.036241417,1.3592,314.11,10.16,-2,520
1999-3-28,4,1.836306139,1.3875,204.59,9.54,2.8,743.78
1999-3-29,0,2.646366976,1.3309,445.73,17.28,3.34,787.57
1999-3-30,0,2.846649452,1.2176,475.31,19,2.36,720
1999-3-31,0,3.013163718,1.1327,487.9,20.5,2.24,720
1999-4-1,7,2.796139654,1.1327,285.84,19,7.9,1071.97
1999-4-2,0,2.620861385,1.3309,339.79,17.47,8.23,1098.28
1999-4-3,0,2.762919826,1.3309,418.17,17.3,5,880
1999-4-4,6.72,3.335184777,1.3026,334.75,22.99,8.36,1109.17
1999-4-5,0,2.942986549,1.3309,466.38,17.99,2.93,754.32
1999-4-6,0,2.736765825,1.3026,484.75,15.08,-0.84,572.49
1999-4-7,0,3.295017303,1.1893,462.7,21.24,6,920
1999-4-8,0,3.825033418,1.076,502.17,26,6,920
1999-4-9,11.75,3.503166064,1.0477,336.55,22.87,7.97,1077.95
1999-4-10,9.38,2.776633003,2.0954,296.36,15.5,4.14,811.34
1999-4-11,29.39,2.59344497,2.4069,300.4,12.93,1.5,680
1999-4-12,11.27,2.370820985,3.3414,221.33,12.19,4.49,839.16
1999-4-13,0,2.933223121,3.2564,443.15,15.63,2.22,720
1999-4-14,0,3.310845395,2.3786,482.47,18.79,2.5,720
1999-4-15,0,3.360209622,1.784,480.24,19,2.73,738.7
1999-4-16,3.71,2.682295876,1.6707,236.39,14.5,6,920.04
1999-4-17,0,3.061139084,1.6141,453.55,15.79,2,720
1999-4-18,0,3.104569766,1.4442,425.74,16.47,4,800
1999-4-19,0.36,3.128574505,1.3309,454.87,16,2.28,720
1999-4-20,1.03,3.006757764,1.2743,408.62,15.28,3.74,800
1999-4-21,0.68,3.110047798,1.2459,450.94,15.38,1.96,716.6
1999-4-22,6.37,3.538040594,1.3026,325.04,19.85,6.91,992.9
1999-4-23,4,3.455954528,1.4158,289.22,19.82,8.84,1147.54
1999-4-24,0,3.076265908,1.5008,421.04,14.91,3.03,762.39
1999-4-25,0,3.313669396,1.3026,488.89,16,0.74,640
1999-4-26,0,3.911391776,1.1327,499.98,21.27,4.47,837.25
1999-4-27,0,3.791374309,1.0477,460.86,20.5,6,920
1999-4-28,0,3.443609601,1.0194,467.14,16.86,2.5,720
1999-4-29,0,3.665452908,0.9628,495.84,18.34,2.24,720
1999-4-30,0,3.614617564,0.9061,487.14,17.82,2.5,720.04
1999-5-1,0,3.488926404,0.8778,460.14,16.84,3,760
1999-5-2,0,3.49395073,0.8495,432.18,17.17,4.5,840
1999-5-3,3,2.884039483,0.8495,189.08,15.54,8.99,1159.06
1999-5-4,0,2.90777989,0.8778,237.39,16.46,10.39,1271.09
1999-5-5,0,3.718694585,0.8495,355.56,21,11.34,1347.03
1999-5-6,0,3.658376207,0.8495,362.54,20.16,10.5,1280
1999-5-7,0,3.409715404,0.8495,305.22,19.45,11.72,1377.26
1999-5-8,0,4.265996057,0.8212,428.49,23.99,12,1400
1999-5-9,0,4.769939547,0.7646,492.64,26.51,11,1320.03
1999-5-10,0,4.642247779,0.7079,504.36,25,8.96,1156.44
1999-5-11,0,4.287129551,0.6513,475.15,22.47,8.5,1120
1999-5-12,0,4.559884544,0.7362,499.39,24,8.23,1098.67
1999-5-13,0,4.301282441,0.7079,422.96,23.45,11.5,1360
1999-5-14,0,3.711525213,0.6796,425.59,17.99,6.65,972.03
1999-5-15,0,3.786862446,0.6796,457.61,17.89,5.41,912.84
1999-5-16,0,4.167028783,0.6796,485.16,20.47,6.31,944.77
1999-5-17,0,4.155016366,0.6796,412.72,22,10.81,1304.8
1999-5-18,0,4.271832655,0.6513,427.98,22.52,10.74,1299.22
1999-5-19,17,3.689071714,0.7646,217.79,21.5,14.25,1620.33
1999-5-20,0,4.210138484,0.9628,405.48,22.5,11.76,1380.6
1999-5-21,0,4.815387604,0.7646,521.51,24.5,7.88,1070.4
1999-5-22,1.66,4.985301217,0.6796,450.48,26.01,10,1240
1999-5-23,9.72,4.586679944,0.7362,298.62,25.5,14.53,1645.43
1999-5-24,6.55,4.260400109,0.8495,277.78,23.5,13.76,1580.55
1999-5-25,0,4.621282588,0.8778,494.49,23.12,8.49,1119.37
1999-5-26,0,4.849392467,0.7646,489.13,25,10.42,1273.74
1999-5-27,0,4.758212514,0.6796,476.75,24.5,10.67,1293.35
1999-5-28,0,5.204240014,0.6513,522.72,26.73,9.67,1213.85
1999-5-29,0,5.683373769,0.5947,516.41,30.26,12.66,1452.91
1999-5-30,0,5.88210526,0.5663,496.27,31.99,15.22,1737.83
1999-5-31,0,5.932796349,0.538,506.34,32.01,14.5,1640
1999-6-1,0,5.492956844,0.5097,437.61,30.54,17.16,1945.82
1999-6-2,0,5.429969281,0.4814,416.49,30.5,17.87,2059.66
1999-6-3,0,5.077029922,0.4814,344.67,30,19.99,2318.95
1999-6-4,0,4.937757208,0.4531,427.61,26.24,13.74,1579.22
1999-6-5,0,5.12458652,0.4531,489.93,26,10.5,1280
1999-6-6,0,5.190882662,0.4531,497.49,26.19,10,1219.2
1999-6-7,0,5.842992985,0.4248,445.04,32.03,17.27,1953.09
1999-6-8,0,6.34743017,0.4248,436.58,35.5,20.25,2345.75
1999-6-9,0,6.316039682,0.3964,471.67,34.5,17.74,1977.15
1999-6-10,0,5.021391815,0.3964,403.42,27.02,15,1720
1999-6-11,0,4.430194066,0.3964,363.82,23.45,13.39,1543.14
1999-6-12,0.84,4.537705575,0.3964,387.45,23.63,12.78,1462.33
1999-6-13,2,4.272552712,0.4248,289.14,24.84,17,1920
1999-6-14,5,4.703912412,0.4531,239.92,27.43,18.5,2120
1999-6-15,12.75,4.982858168,0.7929,276.61,28,17.5,2000
1999-6-16,0,4.484710144,0.5663,343.96,24.77,15.49,1758.81
1999-6-17,1,3.607109882,0.4814,240.14,20.99,15,1720
1999-6-18,0,4.130555214,0.4814,335.87,22,13.31,1529.04
1999-6-19,0,5.032917241,0.4531,492.92,25,10,1158.67
1999-6-20,26.39,4.357119294,0.5097,293.08,22.28,11.91,1392.51
1999-6-21,22.94,3.248686512,1.5574,158.49,19,14,1599.7
1999-6-22,0,4.675752067,1.6424,431.64,23.98,12.22,1417.83
1999-6-23,0,5.621343428,0.9628,518.12,28.93,11.98,1278.01
1999-6-24,0,5.543879609,0.6796,511.69,28.51,12,1293.93
1999-6-25,0,5.249124512,0.5947,453.61,27.79,14.4,1574.39
1999-6-26,0,5.309028392,0.5097,393.52,30,18.63,2119.21
1999-6-27,0,5.299774144,0.4814,382.58,30.42,19.5,2245.96
1999-6-28,0,4.678068385,0.4814,276.91,29.92,22.5,2720
1999-6-29,0,5.040088059,0.4248,312.17,31.49,23,2800
1999-6-30,3.91,4.653912666,0.3964,238,28.53,20.48,2396.65
1999-7-1,8.12,4.368171404,0.538,219.44,27.35,20.2,2352.29
1999-7-2,11.68,4.360430747,0.5097,189,29.5,23.26,2841.11
1999-7-3,0,5.245350452,0.5097,363.14,31.79,22.15,2663.55
1999-7-4,0,5.915957865,0.4814,406.77,34.99,23.23,2763.64
1999-7-5,0,6.075433793,0.4248,392.49,36.5,24.94,3084.27
1999-7-6,0,6.331708452,0.3681,433.35,37,23.78,2783.88
1999-7-7,0,5.712836761,0.3398,384.77,34.72,24.03,2950.92
1999-7-8,0,5.777747968,0.3115,459.85,33,19.88,2180.04
1999-7-9,0,5.991825841,0.2832,515.03,33,16.95,1695.12
1999-7-10,0,5.434828357,0.3115,393.68,32.94,22.51,2603.33
1999-7-11,0,5.376959203,0.2832,499.42,29.5,15.64,1457.22
1999-7-12,4.97,5.154043594,0.2832,379.53,27.5,13.24,1388.09
1999-7-13,12.2,4.453495662,0.3681,310.45,24.61,14.5,1639.58
1999-7-14,0,4.405761351,0.3681,426.23,24,13.65,1441.9
1999-7-15,0,5.081712726,0.3398,511.63,27.07,12.55,1223.83
1999-7-16,0,5.529650043,0.3115,481.07,31.28,17.4,1658.71
1999-7-17,0,5.630303137,0.2832,469.53,32.28,18.5,1791.55
1999-7-18,0,5.557740065,0.2832,420.44,33.15,21.11,2206.01
1999-7-19,0,5.737035567,0.2718,424.76,34.41,22,2304.48
1999-7-20,4.45,5.269458621,0.2832,304.88,31.49,20,2308.76
1999-7-21,0,4.809449087,0.3115,410.65,28,17,1780.01
1999-7-22,12.16,4.471358463,0.3398,228.19,29,21.11,2497.47
1999-7-23,0,4.774898034,0.3398,340.62,30.45,21.5,2496.31
1999-7-24,0,5.212953578,0.3115,378.07,32.82,22.5,2542.7
1999-7-25,0,5.515741497,0.2832,398.08,34.5,23.21,2588.14
1999-7-26,0,5.565858069,0.269,447.65,33.56,20.51,2102.68
1999-7-27,0,5.711964908,0.2549,472.97,33.98,19.5,1926.27
1999-7-28,0,5.910868271,0.252,465.3,35.53,20.76,2084.69
1999-7-29,0,5.384456053,0.2492,417.59,33.23,21.02,2242.3
1999-7-30,0,5.470589394,0.2435,432.33,33.5,20.48,2137.62
1999-7-31,0,5.654198694,0.2379,428.95,34.9,21.5,2274.82
1999-8-1,0,5.393058143,0.2379,342.88,35.5,24.99,3045.5
1999-8-2,0,5.460377436,0.235,418.93,34,21,2222.88
1999-8-3,0,5.270640545,0.2237,450.02,32,18,1808.01
1999-8-4,0,5.173492806,0.218,470.55,30.92,16,1576.77
1999-8-5,0,5.263708381,0.2124,463.86,31.91,17.03,1685.66
1999-8-6,0,5.312415012,0.2067,482.87,32,15.83,1531.83
1999-8-7,0,5.037019889,0.2039,431.84,31.19,17.72,1825.34
1999-8-8,1.05,4.55639685,0.201,303.77,31.36,22.48,2714.02
1999-8-9,0,4.595076758,0.2152,395.75,28.99,17.4,1874.85
1999-8-10,0,4.746367968,0.201,476.57,28.5,13.33,1349.77
1999-8-11,0,4.411245194,0.201,339.15,29.49,19.75,2280.64
1999-8-12,0,4.756770316,0.201,369.64,31.62,20.5,2306.68
1999-8-13,0,4.550693563,0.1954,321.61,31.58,22.03,2637.14
1999-8-14,39.12,4.453436716,0.3115,243.15,30.97,21.5,2560
1999-8-15,13.01,4.241918008,0.7646,231.96,30,21.24,2518.45
1999-8-16,1.53,4.088723176,0.6513,280.23,29,20.5,2400
1999-8-17,0,4.441277715,0.4814,361.12,30.5,20,2320
1999-8-18,0,4.524732371,0.3681,342.32,32.01,21.93,2629.43
1999-8-19,0,4.47454875,0.3115,405.48,30,17.83,2036.4
1999-8-20,36.72,3.627426136,0.4531,209.4,26.6,19.23,2237.34
1999-8-21,13.68,3.251471922,0.7079,191.68,23.78,17.31,1969.82
1999-8-22,0,3.518743146,0.5947,320.42,24.4,16.04,1806.36
1999-8-23,0,4.274446874,0.4248,465.55,27.88,12.87,1469.93
1999-8-24,0,4.144712438,0.3398,397.79,28.5,16.66,1893.14
1999-8-25,12,3.922523541,0.3398,278.04,27.5,16.94,1914.84
1999-8-26,14.22,3.901164475,0.4531,232.53,29.5,20.76,2441.66
1999-8-27,8.54,3.983570314,0.4531,258.06,29.5,19.71,2297.15
1999-8-28,0,4.043222704,0.4248,354.56,30,19.75,2299.77
1999-8-29,0,4.259155673,0.3681,379.39,31.47,19.96,2316.82
1999-8-30,0,3.746897424,0.3398,405.95,26.42,14.71,1673.5
1999-8-31,0,2.816582215,0.3681,239.77,21.96,16.09,1813.99
1999-9-1,0,3.117425137,0.3115,289.67,24,16.7,1896.07
1999-9-2,0,3.268361822,0.2832,294.84,25.94,18.39,2111.42
1999-9-3,0,3.195227822,0.2832,284.62,25.94,18.78,2167.17
1999-9-4,0,3.013131726,0.2633,234.85,26.5,20.75,2439.55
1999-9-5,1.84,2.893036426,0.3115,185.29,27,22,2640
1999-9-6,0,2.933091911,0.3964,209.13,28,23,2800
1999-9-7,5.92,2.915366855,0.3398,165.12,27.5,22.29,2686.11
1999-9-8,6.8,3.276186407,0.3115,220.95,28.72,21.5,2560
1999-9-9,0,3.33129913,0.3398,310.51,29.11,21.44,2550.8
1999-9-10,16.27,3.208937302,0.623,246.21,27.5,19.5,2280
1999-9-11,0,3.31861723,0.5947,429.77,26,14,1600
1999-9-12,0,3.445846499,0.4531,456.63,27,12.47,1437.86
1999-9-13,0,3.395555685,0.4248,446.48,27,13,1480
1999-9-14,0,3.154618139,0.3964,379.04,26.32,16.12,1821.02
1999-9-15,6.19,2.485548141,0.3964,163.78,24.06,19,2200
1999-9-16,79.87,2.63751052,1.6424,208.02,24.03,17.5,2000
1999-9-17,19.77,2.818021267,2.6618,284.75,23.5,13.63,1570.67
1999-9-18,0,2.906957273,2.1238,444.1,23.5,9.79,1223.42
1999-9-19,0,2.908893407,1.2176,435.62,24.02,10.45,1275.83
1999-9-20,0,2.908482036,0.8495,427.36,24.5,11,1320
1999-9-21,5.4,2.657844981,0.6796,281.37,22.77,12.36,1428.72
1999-9-22,4.22,2.368746241,0.6513,274.56,19.51,9.92,1233.64
1999-9-23,0,2.547808651,0.5663,423.68,21.26,8.2,1096.07
1999-9-24,0,2.700245052,0.538,401.05,24,11.68,1374.39
1999-9-25,0,2.835927441,0.5097,389.52,26.25,13.89,1591.38
1999-9-26,0,2.708330099,0.4814,381.03,25.21,13.34,1534.82
1999-9-27,0,2.539297721,0.4814,350.48,24,13.76,1580.83
1999-9-28,0,2.512719541,0.4531,309.96,25,16.26,1841.11
1999-9-29,0,2.426119378,0.4248,266.23,25.5,18.22,2097.83
1999-9-30,14.24,2.411387611,0.5097,263.66,23.5,13,1480
1999-10-1,0,2.29085584,0.4814,417.75,21.54,6.52,961.52
1999-10-2,0,2.381883471,0.4248,397.76,23.43,9.26,1180.83
1999-10-3,0,2.448545141,0.4248,330.37,25.49,14.85,1696.11
1999-10-4,9.19,2.279433052,0.3964,212.38,24.43,15.79,1783.8
1999-10-5,6.97,1.933719983,0.4531,253.36,18.42,7.86,1069.02
1999-10-6,0,1.859776466,0.4248,391.61,17.36,3.15,771.78
1999-10-7,0,1.806622211,0.3964,386.8,17,2.67,733.65
1999-10-8,0,1.762711896,0.3964,395.71,16.94,1.25,659.78
1999-10-9,0,2.04495667,0.3964,356.05,22.2,8.5,1120
1999-10-10,9.14,1.77007996,0.4531,124.91,21.5,16.16,1825.76
1999-10-11,1.23,1.915005051,0.4531,221.12,22.26,14.28,1622.21
1999-10-12,0,1.849399825,0.4248,376.11,21,5.23,898.67
1999-10-13,0,1.850686599,0.3964,376.95,21.84,5.36,908.75
1999-10-14,0,1.788652071,0.3964,358.69,21,6.07,925.32
1999-10-15,0,1.551925689,0.3964,373.04,17.48,1,640.03
1999-10-16,0,1.721788928,0.3681,365.53,21.72,4.54,843.31
1999-10-17,23.38,1.767237408,0.3964,204.7,22,11.26,1340.6
1999-10-18,18.81,1.62306913,0.6796,195.4,19.9,10,1240
1999-10-19,0,1.427794075,0.5947,305.68,16.5,4.38,830.41
1999-10-20,23.38,1.309697537,0.7079,134.98,15.24,8.99,1159.24
1999-10-21,0,1.325401219,0.9911,276.28,15.26,4.79,863.42
1999-10-22,0,1.359012807,0.8495,321.99,17.24,3.41,792.63
1999-10-23,4.28,1.286444731,0.7646,196.43,15.5,5.48,918.17
1999-10-24,0,1.203382257,0.6796,287.14,14.25,2.83,746.02
1999-10-25,0,1.187497063,0.623,287.04,14.5,2.94,755.03
1999-10-26,0,1.29068813,0.5663,276.68,17.59,6.22,937.59
1999-10-27,0,1.264775611,0.538,292.88,18,5.25,900.05
1999-10-28,0,1.178524792,0.5097,300.38,16.82,3.34,787.41
1999-10-29,0,1.205573673,0.4814,318.19,19.48,3.37,789.57
1999-10-30,0,1.240414735,0.4814,310.45,21,4.99,879.22
1999-10-31,0,1.341842229,0.4814,286.44,23.01,8.69,1135.03
1999-11-1,0,1.336114797,0.4531,233.87,22,11.39,1351.42
1999-11-2,16.54,1.277827397,0.538,159.06,21,11.58,1366.11
1999-11-3,10.44,1.066647787,0.7079,237.97,18,4.5,840
1999-11-4,0,0.91020558,0.6513,221.11,12.31,2.8,743.69
1999-11-5,0,0.942465449,0.5947,285.71,16.46,1.96,708.04
1999-11-6,0,1.103175238,0.538,270.55,21.26,7.26,1020.83
1999-11-7,0,0.945305014,0.5097,271.37,17.47,3.74,800
1999-11-8,0,0.767508703,0.5097,262.5,11.5,-1.08,560
1999-11-9,0,0.795849356,0.4814,291.92,16.35,-0.26,600
1999-11-10,0,1.083271841,0.4814,237.31,22.29,9.74,1218.83
1999-11-11,0,0.946049967,0.4814,251.09,20,6.52,961.69
1999-11-12,0,0.744888302,0.4814,240.28,12.98,1.03,648.43
1999-11-13,0,0.796299852,0.4814,226.67,14.94,3.74,800
1999-11-14,0,0.795204089,0.4531,264.59,18.65,3.75,800
1999-11-15,0,0.777380308,0.4531,215.94,15,4.5,840
1999-11-16,0,0.635007364,0.4531,165.33,8,0.69,640
1999-11-17,0,0.564119065,0.4531,216.27,7.26,-3,480
1999-11-18,0,0.52862431,0.4531,268.5,10.71,-4.5,440
1999-11-19,0,0.597241294,0.4531,261.38,15.26,-0.15,600
1999-11-20,0,0.798551003,0.4531,217.29,19.73,7.76,1060.53
1999-11-21,0,0.745325331,0.4531,245.83,22,6.75,979.92
1999-11-22,0,0.814450456,0.4531,185.72,19.5,9.53,1202.21
1999-11-23,0,0.801984108,0.4531,120.3,17.02,11,1320
1999-11-24,0,0.849167004,0.4531,118.4,19,13,1480
1999-11-25,9.36,0.79095914,0.4814,101.59,17.81,11,1320
1999-11-26,7.64,0.807228584,0.5663,105.99,18.96,11.75,1380.05
1999-11-27,10.49,0.714308599,0.6513,147.14,19,8.5,1120
1999-11-28,0,0.536102354,0.623,213.75,13.36,2,720
1999-11-29,0,0.448453076,0.5663,230.96,10.86,-1.75,540.33
1999-11-30,0,0.438440331,0.538,197.07,6.97,-2.69,504.52
1999-12-1,0,0.396255315,0.5097,179.64,3.39,-5.09,433.16
1999-12-2,0,0.372934259,0.5097,228.83,7.28,-5.18,425.51
1999-12-3,0,0.385824115,0.4814,240.97,12,-2.38,520
1999-12-4,0,0.49729882,0.4814,225.17,17.29,3.84,800.47
1999-12-5,0,0.461241299,0.4814,236.59,19,3.7,800
1999-12-6,11.49,0.611867202,0.5663,132.91,17.5,7.98,1078.29
1999-12-7,8.33,0.50463635,0.7646,136.39,13.01,3.6,800
1999-12-8,0,0.345455524,0.6796,235.41,11.5,-2.75,499.78
1999-12-9,0,0.346831907,0.623,237.89,13.32,-1.54,556.97
1999-12-10,9.1,0.413845395,0.623,167.04,14.98,1.74,699.22
1999-12-11,0,0.477165385,0.7079,171.89,11.79,3,760
1999-12-12,0,0.373877121,0.6513,210,10.03,-1.5,560
1999-12-13,3.65,0.343285148,0.5947,167.03,10.75,-2.26,520
1999-12-14,25.64,0.539229357,0.9628,84.89,11.17,5.79,920
1999-12-15,0,0.544731987,1.2743,82.11,9.81,6.07,925.58
1999-12-16,0,0.470092826,1.076,150.54,10,2.79,743.42
1999-12-17,0,0.348049964,0.8495,215.67,9.5,-2.27,520
1999-12-18,0,0.362054715,0.7646,211.61,9.83,-1.5,560
1999-12-19,0,0.433582822,0.7079,167.88,9.19,1.19,658.67
1999-12-20,10.92,0.503341233,0.7929,129.33,13.58,5.14,891.42
1999-12-21,5.26,0.455880866,1.1044,148.27,13.63,3.5,800
1999-12-22,2,0.386115918,1.0477,168.08,5.63,-2,520.25
1999-12-23,0,0.285668974,0.8778,233.86,6.62,-6.5,360
1999-12-24,0,0.325481328,0.7929,193.46,3.54,-5.82,400
1999-12-25,0,0.276118697,0.7079,202.16,-0.15,-10.08,280
1999-12-26,0,0.317125506,0.6796,198.49,3.24,-6.56,360
1999-12-27,0,0.382157007,0.6796,151.76,3.88,-3,480.25
1999-12-28,0,0.341538851,0.6513,177.28,2.5,-5.65,400
1999-12-29,0,0.373825814,0.6513,165.83,3.66,-3.74,460.55
1999-12-30,0,0.379240901,0.623,225.88,11.12,-1.09,560
1999-12-31,0,0.408492242,0.623,217.44,11.48,0,600
2000-1-1,0,0.347876107,0.623,267.42,11.63,-2.5,520
2000-1-2,0,0.442721021,0.5947,257.89,16.26,2.65,733.43
2000-1-3,0,0.680928826,0.5947,183.84,18.91,10.5,1280
2000-1-4,17.55,0.673050515,0.623,121.07,18.02,9.98,1238.25
2000-1-5,13.58,0.41588306,0.8495,180.67,14.48,0.25,619.98
2000-1-6,0,0.355286233,0.7929,237.51,7.48,-5.5,400
2000-1-7,0,0.384513326,0.7079,243.71,10.6,-3.26,480
2000-1-8,0,0.36282426,0.6513,248.09,8.5,-5.5,400
2000-1-9,0.57,0.464403119,0.6513,203.79,8.87,-0.96,563.04
2000-1-10,7.99,0.585773382,0.7362,137.34,13.25,4.52,841.92
2000-1-11,0,0.592895339,0.8495,203.35,14.52,4.5,840
2000-1-12,0,0.509061501,0.6796,208.23,10,0.05,604.1
2000-1-13,2.86,0.449368873,0.6513,197.65,10.7,-3,480
2000-1-14,0,0.387225673,0.6513,206.26,1.01,-8.2,320
2000-1-15,0,0.367703367,0.623,222.49,-0.02,-10.15,280
2000-1-16,0,0.439743281,0.623,266.58,9.24,-5.55,400
2000-1-17,0,0.364176202,0.5947,287.49,6.92,-11.26,259.22
2000-1-18,0,0.323933663,0.5663,206.62,-5.38,-14.14,200
2000-1-19,0,0.372608074,0.5663,246.76,-0.78,-12.3,240
2000-1-20,4.08,0.451767488,0.5947,157.46,1,-6.78,360
2000-1-21,0,0.398728633,0.5663,248.16,-1.5,-11,280
2000-1-22,0,0.360215557,0.5663,224.26,-5,-13.16,227.42
2000-1-23,0,0.423055264,0.538,187.08,-2.5,-9.02,318.32
2000-1-24,2.24,0.519900443,0.5663,155.57,1.7,-4,440
2000-1-25,12.29,0.545025011,0.9345,127.32,2.5,-3.3,480
2000-1-26,0,0.496930205,0.623,190.2,0.03,-6.47,362.08
2000-1-27,0,0.449859296,0.5947,210.87,-2.5,-9.71,280
2000-1-28,0,0.414981697,0.5663,263.67,-3.98,-13.47,202.73
2000-1-29,0,0.46546744,0.5663,332.43,0.47,-14,200
2000-1-30,22.07,0.502134906,0.5947,274.03,4.4,-14.35,200
2000-1-31,20.11,0.652685818,1.0477,215.64,5.94,-4.4,440
2000-2-1,0,0.606618723,0.9628,249.6,2.65,-5.5,400
2000-2-2,0,0.583618107,0.8778,233.26,1,-6.36,371.32
2000-2-3,0,0.595434759,0.7929,343.17,3.03,-10.39,280
2000-2-4,0,0.693368536,0.7646,269.21,4.68,-4.06,440
2000-2-5,2,0.686257107,0.7646,188.65,3.53,-1.97,522.08
2000-2-6,0,0.693108352,0.7646,238.1,3.35,-3.64,468.46
2000-2-7,0,0.79142389,0.7362,301.88,6.74,-2.81,495.6
2000-2-8,0,0.732614202,0.7646,358.6,5.07,-7.78,337.51
2000-2-9,0,0.78448229,0.7362,386.4,7.56,-8.5,320
2000-2-10,0,0.931633231,0.7929,379.86,11.5,-3.94,444.97
2000-2-11,0.94,0.998941371,0.8495,342.54,11.5,-0.51,599.11
2000-2-12,0,0.874004631,0.9061,344.02,6.97,-4.51,440
2000-2-13,0,0.798302144,0.8495,353.23,4.06,-7.76,339.22
2000-2-14,8.51,1.143897818,1.0477,268.72,13.74,0.99,640
2000-2-15,0,1.057762047,1.2459,347.8,10.52,-1,560
2000-2-16,0,1.078999103,1.076,402.26,11.66,-4.21,440
2000-2-17,0,1.093556069,0.9345,371.59,10.5,-2.28,520
2000-2-18,21.14,0.963792941,1.0477,232.22,6.05,-2.97,482.5
2000-2-19,16.36,0.958349659,1.9822,162.48,6.1,0.36,628.48
2000-2-20,0,0.988917106,2.0954,251.2,6.11,-0.7,583.87
2000-2-21,0,1.074364526,1.5291,342.32,7.45,-3.5,480
2000-2-22,0,1.134545693,1.1893,351.42,8.54,-4,440
2000-2-23,0,1.34990209,1.0477,383.37,13.9,-3,480
2000-2-24,0,1.567539898,0.9628,366.72,17.5,2.1,720
2000-2-25,0,1.807334454,0.9061,354.92,21.32,6.35,948.25
2000-2-26,0,1.425192499,0.8778,272.66,13.14,4.03,802.45
2000-2-27,0.74,1.550295541,0.8212,301.93,14.98,4.5,840
2000-2-28,6.41,1.657933865,0.8778,235.47,16.5,5.56,920
2000-2-29,0,1.559994911,0.8495,372.7,14.03,-0.09,600
2000-3-1,0,1.554600081,0.7929,390.36,13.5,-2,520.25
2000-3-2,0,1.522979951,0.7646,292.1,12.53,3.15,771.87
2000-3-3,0,1.478152007,0.7362,307.95,11,1.11,648.42
2000-3-4,0,1.569832426,0.7362,387.51,12,-2.5,520
2000-3-5,0,1.790390904,0.7362,384,15.5,1,640
2000-3-6,0,1.78745217,0.7079,400.93,15,-1,560.25
2000-3-7,0,1.856794656,0.7079,422.33,15.99,-2.5,520
2000-3-8,0,2.316561465,0.7079,408.69,22.74,4.5,840
2000-3-9,0,2.464825195,0.6796,404.65,24.24,6.3,943.93
2000-3-10,0,2.326019514,0.6796,348.17,21.5,8.54,1123.07
2000-3-11,5.64,2.000422104,0.6796,221.54,16.72,6.99,999.37
2000-3-12,7.83,1.879931151,0.7646,220.1,14.36,5,880
2000-3-13,0,1.701116109,0.7646,375.61,10,-2.74,500.55
2000-3-14,0,1.799998875,0.7079,358.7,11.35,-0.5,600
2000-3-15,0,2.206715996,0.6796,395.72,16.99,2.7,736.07
2000-3-16,11.94,2.457131289,0.6796,265.78,20.49,8.23,1098.38
2000-3-17,14.47,2.38376354,1.076,316.8,18.5,2.5,720
2000-3-18,0,1.488250976,1.0477,323.21,5,-4.62,440
2000-3-19,0,1.605998522,0.9061,308.09,6.91,-2.12,520
2000-3-20,0,1.632021745,0.8212,254.76,7.99,0.74,640
2000-3-21,38.78,1.338281463,1.076,91.73,7,3.81,800
2000-3-22,73.79,1.336349877,7.2208,96.25,6.5,3.24,779.22
2000-3-23,0,1.999503166,8.6366,354.58,11.25,0.84,640
2000-3-24,0,2.550033243,5.4368,442.44,17.5,2.09,720
2000-3-25,0,2.707568521,3.7095,455.39,19.02,2.52,721.79
2000-3-26,0,2.723102156,2.6618,387.72,19.62,7.5,1040
2000-3-27,11.37,2.670231712,2.0105,351.29,17.64,0.5,640
2000-3-28,15.99,2.506789382,2.7184,252.58,17.01,7.2,1015.61
2000-3-29,0,2.457812716,3.0299,363.78,15.5,4.86,868.9
2000-3-30,0,2.629059295,2.4636,463.08,15.98,0.15,612.02
2000-3-31,0,2.61903957,1.9255,462.57,15.5,-0.06,600
2000-4-1,0,2.739914436,1.6141,473.6,16.5,-0.11,600
2000-4-2,0,2.791980853,1.4442,381.15,18,6.5,960
2000-4-3,0,2.853172136,1.2459,296.31,20.59,12.16,1412.42
2000-4-4,7.98,2.803774849,1.3592,229.43,19.5,11,1320
2000-4-5,0,2.559188616,1.4725,409.17,13.93,2.24,720
2000-4-6,0,3.1233116,1.3875,497.2,19,1.5,680.03
2000-4-7,0,3.333019105,1.2176,473.32,21.19,5.46,916.47
2000-4-8,0,3.188373209,1.076,404.38,20.62,9,1160.25
2000-4-9,12.04,3.084120013,1.3309,382.32,17.49,-0.24,600
2000-4-10,0,2.679142918,1.5008,418.62,13.89,2.26,720
2000-4-11,2.85,2.784922075,1.3309,349.8,14.95,3.5,800
2000-4-12,0.75,2.693651072,1.1893,371.33,14.5,4.75,859.77
2000-4-13,0,2.57348422,1.0194,445.53,11.5,-0.9,568.01
2000-4-14,0,2.758695442,0.9061,471.34,13,-0.69,584.44
2000-4-15,12.78,3.080670711,1.1044,319.69,17.06,5.24,899.22
2000-4-16,10,3.477474685,2.4919,276.84,22.5,12.5,1440
2000-4-17,3.78,3.524648216,2.6901,333.16,20.87,8,1080
2000-4-18,3.19,1.728611975,2.2087,97.69,9,6.2,936.07
2000-4-19,3.36,2.053920068,1.8972,145.15,10.51,6.24,939.22
2000-4-20,0,2.985686065,1.6424,420.75,15.05,4,800
2000-4-21,0,3.041986213,1.4442,370.02,16.5,7,1000
2000-4-22,5.81,2.582189072,1.4725,195.35,14.18,7.99,1078.81
2000-4-23,0,2.569993589,1.4158,276.37,13.48,7.08,1006.12
2000-4-24,0,3.351554271,1.2743,432.74,18,6.74,979.19
2000-4-25,8.38,3.151115815,1.0477,301.65,16.45,6.5,960
2000-4-26,0,2.381677512,1.3026,290.75,10.5,4.22,817.29
2000-4-27,1.19,2.401076843,1.3026,308.34,10.13,3.5,800
2000-4-28,0,2.839909248,1.2176,394.57,13,4,800
2000-4-29,0,3.423523498,1.1327,460.58,17.49,6,920
2000-4-30,0,3.756237565,1.076,504.16,19.51,5.75,920
2000-5-1,0,3.834591842,0.9911,557.77,18.93,1,640
2000-5-2,1,3.934447208,0.9628,473.31,21.5,9.08,1166.04
2000-5-3,0,4.076236386,0.9345,537.01,21,4.5,840
2000-5-4,0,3.947849192,0.9061,503.1,20.37,6.25,940
2000-5-5,0,4.807118725,0.8778,494.71,27.62,12.5,1440
2000-5-6,0,5.195393437,0.8778,472.89,31,16.42,1867.8
2000-5-7,0,5.517379645,0.8778,478.34,33,17.5,2000
2000-5-8,0,5.419599345,0.8495,462.65,32.5,18.02,2081.39
2000-5-9,0,5.125616551,0.7929,420.69,31.5,19.5,2280
2000-5-10,0,5.117915983,0.7929,458.74,30.2,16.77,1901.64
2000-5-11,0,4.899197192,0.8212,509.27,27,11.35,1347.79
2000-5-12,0,4.53563514,0.7929,430.8,26.01,14.5,1640
2000-5-13,4.96,5.017635109,0.7646,356.36,28.47,14.5,1640
2000-5-14,5.31,4.744035924,0.7362,352.95,26.32,13.06,1488.93
2000-5-15,0,4.314014002,0.6796,494.71,22,8.25,1099.77
2000-5-16,0,4.332886275,0.6796,533.28,21.09,5,880
2000-5-17,2.13,4.022852879,0.6796,392.46,21.5,11.38,1350.12
2000-5-18,0,4.375715632,0.6513,404.99,24.36,13.75,1580.33
2000-5-19,0,4.458670932,0.6513,413.39,24.58,13.5,1560
2000-5-20,4,3.047244957,0.5947,196.7,15.89,9.91,1232.79
2000-5-21,7.52,2.532622662,0.6513,130.68,14.22,10.46,1276.46
2000-5-22,14,2.297048795,0.7929,102.34,14.03,11.23,1338.67
2000-5-23,6.68,3.125133712,0.8778,195.92,16.83,11,1320
2000-5-24,11.55,4.64063962,1.1044,332.61,25,13.15,1504.32
2000-5-25,3.31,4.714791608,1.1044,319.12,26,14.66,1665.82
2000-5-26,0,4.83177979,0.9628,488.27,25,10.92,1313.37
2000-5-27,4.89,4.385241821,0.8778,328.47,22.5,10.86,1308.59
2000-5-28,4.41,3.673770049,0.8778,252.73,19,10.93,1314.32
2000-5-29,3,3.417813609,0.8778,219.54,18.01,11.22,1337.7
2000-5-30,0,3.230282712,0.7929,280.95,16.6,10.3,1263.97
2000-5-31,0,3.765586723,0.7646,365.89,19.24,10.79,1303.44
2000-6-1,0,5.158810427,0.7079,516.63,26.5,11,1320
2000-6-2,0,5.721932314,0.6513,478.33,31.5,17,1920
2000-6-3,0,5.208595719,0.623,439.09,29,17,1920
2000-6-4,0,4.79543573,0.6513,509.48,23.81,9.5,1200
2000-6-5,0,4.162308963,0.5947,400.22,21.72,12.24,1419.1
2000-6-6,10.9,3.284531611,0.623,190.29,18.85,13.5,1560
2000-6-7,0,4.21488695,0.6513,447.29,21,10.41,1273.1
2000-6-8,0,4.975622904,0.5947,487.05,25.94,12.97,1477.95
2000-6-9,0,5.38571748,0.5947,464.86,29.6,16.92,1913.37
2000-6-10,0,5.789504145,0.5663,468.21,32.25,18.78,2164.97
2000-6-11,0,5.836052446,0.538,438.47,33.42,21,2480
2000-6-12,6.12,6.084724684,0.5097,365.71,33.5,18.53,2124.48
2000-6-13,2.68,4.449134223,0.4814,359.46,23.9,14.16,1613.14
2000-6-14,1.88,3.185686176,0.4814,198.82,18.98,14.25,1619.78
2000-6-15,1.09,4.400247338,0.5097,386.66,24.86,16.25,1840.65
2000-6-16,1.79,5.235801402,0.4814,395.92,29.89,19.09,2214.37
2000-6-17,0,5.289174488,0.4814,381.4,32,22.5,2720
2000-6-18,14.8,5.188818408,0.4814,287.93,31.22,21.81,2610.03
2000-6-19,0,4.738806272,0.5947,386.01,27.67,18.72,2154.85
2000-6-20,0,5.258176593,0.5663,503.64,27.5,13.64,1571.32
2000-6-21,0,5.072985426,0.5097,460.27,27.39,15.5,1690.02
2000-6-22,6.19,4.664479565,0.5663,258.79,28.01,19.72,2297.42
2000-6-23,0,5.278811673,0.538,424.11,30,18.93,2155.4
2000-6-24,0,5.45326243,0.4814,482.02,29.5,16.13,1737.91
2000-6-25,0,4.999222574,0.4531,365.14,30.03,20.94,2471.11
2000-6-26,0,5.126793846,0.4248,367.56,30.99,21.73,2596.76
2000-6-27,0,5.41066789,0.3964,384.58,32.5,22.48,2620.95
2000-6-28,39.59,4.732663329,0.9628,263.8,28.5,20,2320
2000-6-29,15.79,3.579767955,1.3875,170.46,23.64,18.67,2147.7
2000-6-30,0,4.610797439,1.5008,409.75,25.5,15.63,1770.61
2000-7-1,0,5.153574566,1.1044,483.78,27.5,14.46,1636.81
2000-7-2,0,5.484607968,0.7929,502.14,29.41,14.98,1665.75
2000-7-3,9.13,5.155598333,0.6513,365.13,29.5,18.59,2134.29
2000-7-4,7.6,4.883901468,0.623,277.46,29.5,20.5,2400
2000-7-5,0,5.028707887,0.5947,387.77,30,20.35,2375.46
2000-7-6,0,5.188467982,0.5663,467.25,28.5,15.96,1796.68
2000-7-7,0,4.963870309,0.538,446.49,27.5,16,1800.06
2000-7-8,0,5.102412679,0.4814,515.32,26.54,11.82,1377.91
2000-7-9,0,5.022517701,0.4531,475.84,27.16,14.41,1630.97
2000-7-10,0,5.199093154,0.3964,385.14,31.5,21.5,2560
2000-7-11,0,5.031174125,0.3964,403.19,29.76,19.5,2280
2000-7-12,0,5.032456563,0.3964,479.52,27.5,14.7,1654.31
2000-7-13,0,5.23010074,0.3681,496.63,28.5,14.5,1620.78
2000-7-14,9.12,4.53976014,0.3681,279.4,27.01,17.99,2078.73
2000-7-15,17.34,4.048258207,0.3964,235.56,25,17.82,2051.44
2000-7-16,3.36,4.439734199,0.4248,295.77,26,16.8,1904.15
2000-7-17,0,4.736222217,0.3964,400.18,28,18,2080
2000-7-18,0,5.227106277,0.3681,424.43,31,19.52,2281.52
2000-7-19,12.35,4.803701178,0.3681,314.97,28,17.19,1950.24
2000-7-20,15.26,3.786867367,0.6796,233.51,23.17,16.26,1841.21
2000-7-21,0,4.698479799,0.5663,437.61,27,15.88,1790.4
2000-7-22,10.82,4.669589082,0.5947,300.54,28,17.96,2074.07
2000-7-23,0,4.833290008,0.538,462.15,27.5,15.16,1732.91
2000-7-24,0,3.960128916,0.5097,321.79,25,17.71,2033.19
2000-7-25,2,3.346571401,0.4814,233.73,23,18,2080
2000-7-26,53.36,3.198981371,1.2743,155.07,23.22,18.86,2177.41
2000-7-27,21.06,3.329142098,2.1804,156.14,25,20.56,2410.15
2000-7-28,0,3.846962406,1.6141,295.74,26,19.52,2281.9
2000-7-29,0,4.046030853,1.161,330.76,26.48,19.02,2203.89
2000-7-30,0,4.242965472,0.8778,330.13,28.5,20.86,2457.58
2000-7-31,1.06,4.439234247,0.7362,342.28,29.99,21.91,2625.72
2000-8-1,1.21,4.36869813,0.6513,322.61,30.5,23,2800.49
2000-8-2,0,4.226178033,0.623,304.58,30.3,23.36,2856.88
2000-8-3,5.17,4.193043125,0.5947,231.89,30,23,2800
2000-8-4,19.38,4.257022011,0.7362,264.69,29,21,2479.4
2000-8-5,0,4.543120914,1.3026,456.58,28,16.62,1889.66
2000-8-6,0,4.498292916,1.5291,481.46,27,14.58,1652.36
2000-8-7,0,4.651979746,1.3875,389.31,31.48,22,2640
2000-8-8,8.4,4.860657151,1.0194,304.5,32.66,22.33,2693.36
2000-8-9,0,4.513090591,0.7929,361.48,31.78,23.17,2826.75
2000-8-10,0,4.468448616,0.7362,378.89,31,22,2640
2000-8-11,0,4.522168883,0.6796,427.17,30,19.5,2280
2000-8-12,27.64,4.156352882,0.7079,310.14,27.68,18.2,2096.07
2000-8-13,7.03,3.234637426,0.8495,224.19,23.07,17.24,1958.45
2000-8-14,33.88,2.504898375,2.5202,133.43,20.5,17.28,1964.52
2000-8-15,0,3.795112648,4.8139,408.04,25.33,16.5,1880
2000-8-16,0,4.456484283,3.1432,448.57,29.87,18.5,2120
2000-8-17,0,4.300721901,1.9255,488.51,27.5,14.44,1635.55
2000-8-18,9.85,3.249650073,1.3875,232.31,23.92,17.8,2047.87
2000-8-19,0,3.640932096,1.3592,432.84,23.79,14.15,1611.73
2000-8-20,0,3.82198784,1.1893,471.39,24.5,13,1480
2000-8-21,0,3.849256152,1.0194,497.35,24.13,11,1319.6
2000-8-22,0,4.029569016,0.8778,512.04,25.5,10.5,1280.25
2000-8-23,0,3.80818416,0.8212,434.04,26,15.48,1758.26
2000-8-24,0,3.758780879,0.7646,376.9,27.5,18.68,2148.05
2000-8-25,0,4.039467947,0.7362,436.19,28.28,16.75,1899.77
2000-8-26,0,4.112870367,0.6796,474.5,28,14,1600
2000-8-27,0,3.756276528,0.6796,383.22,27.49,17.83,2052.59
2000-8-28,0,3.382697159,0.6796,296.87,27,20.03,2324.42
2000-8-29,0.04,3.061392177,0.6796,237.16,26.26,20.83,2452.66
2000-8-30,4.49,3.177309678,0.6513,194.76,26.85,20.84,2455.2
2000-8-31,3,3.119462386,0.7646,178.57,27.53,22,2640
2000-9-1,0,3.469036381,0.7362,292.59,29.14,22,2640.49
2000-9-2,0,3.560095162,0.623,299.29,30,22.5,2720
2000-9-3,0.36,3.435471375,0.5663,281.7,29.56,22.5,2720
2000-9-4,10.53,3.58492403,0.5947,263.62,29,20,2320
2000-9-5,0,3.40493894,0.9345,438.78,25,12.98,1478.5
2000-9-6,0,2.915456687,0.8495,414.07,20.5,10.25,1260.05
2000-9-7,0,3.0806003,0.538,441.56,22,10.08,1246.57
2000-9-8,0,3.338113793,0.4814,468.1,24.5,9.9,1232.1
2000-9-9,0,3.409858483,0.5097,402.88,27,15.67,1773.41
2000-9-10,0,3.53928281,0.538,407.21,28.5,16.5,1880
2000-9-11,0,3.458919798,0.5097,415.35,27.79,15.29,1743.11
2000-9-12,0,3.367547574,0.4814,372.78,28.1,17.38,1980.58
2000-9-13,0,3.354140623,0.4531,359.93,28.5,18,2080
2000-9-14,0,3.431539178,0.5097,442.91,28,12.5,1440
2000-9-15,19.69,3.131705832,0.8778,291.87,26,14.22,1617.3
2000-9-16,0,2.799831994,1.5291,414.41,22,9.5,1200
2000-9-17,0,2.694185192,1.2743,415.52,20.99,8.26,1100.6
2000-9-18,0,2.716316106,0.6513,368.1,22.5,11.76,1380.83
2000-9-19,4.5,2.762122496,0.5947,245.92,24.39,15,1720
2000-9-20,5.73,3.13648056,0.9911,296.89,27.8,14.5,1640.49
2000-9-21,0,3.043891089,1.076,362.25,27.73,16.22,1835.18
2000-9-22,0,2.716440365,0.9061,405.44,23.5,10.2,1256.07
2000-9-23,7.45,2.529326709,0.8495,260.62,22.5,12.39,1431.42
2000-9-24,1.79,2.372514529,0.8495,204.61,23.96,17.58,2013.45
2000-9-25,24.66,2.408463715,0.8495,266.31,21.5,11,1320
2000-9-26,47.5,1.732475755,2.322,159.45,14.7,9.4,1192.06
2000-9-27,0,2.140018055,2.86,381.41,18,6.37,949.28
2000-9-28,0,2.446061443,2.5768,403.15,22.73,8.48,1118.1
2000-9-29,0,2.256313125,2.3503,396.01,20.5,6.73,978.37
2000-9-30,0,2.179072368,1.7556,401.74,19.83,5.2,896.3
2000-10-1,0,2.250933793,1.3592,379.6,21.5,7.81,1064.44
2000-10-2,0,2.314122452,0.9911,338.27,23.21,11.42,1353.67
2000-10-3,0,2.559065956,0.7929,365.46,27,12.49,1439.37
2000-10-4,0,2.594122177,0.7646,355.15,28,13.63,1570.04
2000-10-5,0,2.278146291,0.7362,266.9,25.03,15.73,1778.38
2000-10-6,0,2.269990291,0.7362,274.37,25.22,15.5,1760
2000-10-7,0,2.110917508,0.6796,362.84,22.73,8.28,1102.49
2000-10-8,0,1.681111107,0.6513,357.22,15.79,2.53,730.48
2000-10-9,0,1.534390226,0.623,340.05,13.49,1.31,664.77
2000-10-10,0,1.433457157,0.623,322.15,12,0.79,640
2000-10-11,0,1.667820808,0.623,332.74,17.24,4.82,865.33
2000-10-12,0,1.803078337,0.5947,372.63,21,4.48,838.32
2000-10-13,0,1.858880172,0.5947,379.1,23.31,4.82,865.59
2000-10-14,0,1.946580346,0.5663,370.86,25.5,7.01,1000.97
2000-10-15,0,1.975333103,0.5663,349.06,25.95,9.26,1181.16
2000-10-16,0,1.875306642,0.5663,304.09,24,11,1320
2000-10-17,0,1.638742908,0.5663,222.47,20.52,12.1,1408.31
2000-10-18,0,1.591780746,0.5663,192.05,20.62,13.43,1549.43
2000-10-19,0,1.560978914,0.5663,312.08,20.13,6.73,978.7
2000-10-20,0,1.489208688,0.5663,354.66,20.99,3,760
2000-10-21,0,1.579769445,0.538,329.84,22.68,6.62,969.44
2000-10-22,0,1.508496711,0.538,316.33,21.5,6.53,962.59
2000-10-23,0,1.323023358,0.538,325.77,18.5,2.7,736.07
2000-10-24,0,1.290601783,0.538,314.37,18.19,3,760
2000-10-25,0,1.384981849,0.538,301.6,20.9,6,920
2000-10-26,0,1.413267173,0.538,273.56,21.5,8.23,1098.63
2000-10-27,0,1.401510635,0.538,215.1,21,11.2,1335.72
2000-10-28,0,1.311206769,0.538,268.97,20.5,7.39,1030.92
2000-10-29,0,1.041329295,0.538,302.73,15.5,0,600.03
2000-10-30,0,0.979731711,0.538,273.41,13.24,0.16,612.58
2000-10-31,0,1.015191983,0.538,251.65,14.41,2.62,729.58
2000-11-1,0,1.014121251,0.538,284.63,16.5,1.81,704.64
2000-11-2,0,1.000986185,0.538,290.74,17.5,1.8,704.37
2000-11-3,0,0.993702554,0.538,297.54,19,2,720
2000-11-4,0,1.119126618,0.538,237.99,20,7.74,1059.22
2000-11-5,0,0.965856152,0.538,244.07,16.66,4.1,812.06
2000-11-6,0,0.839189152,0.538,267.51,14.52,0.14,611.22
2000-11-7,0,0.820810578,0.538,274.5,15.46,0,600
2000-11-8,0,0.881591721,0.538,258.76,17.5,3,760.04
2000-11-9,19.57,0.957502023,0.538,145.82,17.5,7.5,1040
2000-11-10,21.27,0.975991408,0.8778,107.59,17.53,10.38,1270.01
2000-11-11,0,0.914179304,0.8212,134.18,16,9.5,1200
2000-11-12,0,0.808982824,0.7646,167.48,13.5,5.5,920
2000-11-13,0,0.800018114,0.7079,159.66,13.48,6,920.56
2000-11-14,7.92,0.76629025,0.7079,129.89,13.09,5,880
2000-11-15,0,0.641960223,0.7646,227.71,11,-0.31,600
2000-11-16,0,0.577991354,0.7079,251.56,10.75,-2.79,496.7
2000-11-17,1.02,0.635038799,0.6796,224.11,12.31,0.63,640
2000-11-18,0,0.577628484,0.6513,238.22,11.5,-1.35,560
2000-11-19,0,0.539072012,0.623,200.95,7.44,-2.38,520
2000-11-20,0,0.493798782,0.623,232.09,7.7,-4.35,440
2000-11-21,0,0.484033651,0.5947,221.75,7,-4.25,440
2000-11-22,0,0.456191716,0.5947,182.6,3.5,-4.99,440
2000-11-23,0,0.43485346,0.5663,189.36,3,-5.8,400
2000-11-24,0,0.405134781,0.5663,232.56,4.66,-7.26,360
2000-11-25,12.53,0.412851715,0.5663,191.99,8.15,-5.64,400
2000-11-26,41.84,0.57760381,1.2459,173.65,15.91,3.58,791.97
2000-11-27,2.31,0.598995647,1.5291,188.55,15,4.64,850.94
2000-11-28,0,0.514235917,1.3309,223.34,13.02,1.49,679.23
2000-11-29,4.43,0.456359053,1.076,171.65,12,-0.67,586.41
2000-11-30,3.97,0.492688549,0.9911,143.62,10.44,0.84,640
2000-12-1,0,0.432796379,0.9345,201.9,8.16,-2,520
2000-12-2,0,0.392296386,0.8778,199.49,5.5,-4.3,440
2000-12-3,0,0.354881332,0.8212,188.53,2,-6.78,360
2000-12-4,0,0.326219117,0.7646,238.75,6.46,-6.85,360
2000-12-5,0,0.307549193,0.7362,250.64,9.48,-6,400
2000-12-6,0,0.350203951,0.7362,209.06,5.03,-5.5,400
2000-12-7,0,0.370288159,0.7079,169.15,3.04,-4.66,440
2000-12-8,0,0.349189216,0.7079,208.59,5.29,-5,440
2000-12-9,0,0.325896319,0.6796,219.14,5.32,-6,400
2000-12-10,3.01,0.350741348,0.6796,156.9,6.73,-4.02,440
2000-12-11,2.16,0.446071588,0.7079,139.85,7.48,0.76,640
2000-12-12,0,0.417130393,0.7079,202.01,11.47,0.9,640
2000-12-13,0,0.295824698,0.6796,228.08,6.53,-6.35,371.9
2000-12-14,16.02,0.319877472,0.8495,172.71,11.03,-2.81,495.59
2000-12-15,0,0.383769685,0.9061,174.95,6.83,-1.85,531.95
2000-12-16,4.73,0.36945113,0.8495,154.14,9.83,-1.25,560
2000-12-17,17.47,0.379779396,1.1327,172.62,17.04,2.5,720
2000-12-18,0,0.341490794,1.5291,183.46,4.6,-4.5,440
2000-12-19,0,0.298815334,1.3309,219.46,6.14,-6,400
2000-12-20,1.11,0.299475134,1.1044,239.43,5.49,-6.28,377.94
2000-12-21,0,0.274958187,0.9911,227.43,0.94,-9.61,280
2000-12-22,4.97,0.282372003,0.9345,169.15,1.45,-9,320
2000-12-23,0,0.245316172,0.8778,240.15,-1,-12.5,240
2000-12-24,0,0.244523123,0.8212,252.8,0.75,-12,240
2000-12-25,0,0.261667265,0.7646,236.48,0,-11.16,267.22
2000-12-26,0,0.246473984,0.7362,233.69,-2.41,-13.16,226.91
2000-12-27,0,0.290604291,0.7362,209.9,-0.32,-9.5,280
2000-12-28,0,0.339459832,0.7362,138.51,-1,-6.5,360
2000-12-29,0,0.265713207,0.7079,240.47,-0.81,-11.78,240
2000-12-30,8.16,0.33906677,0.7362,122.43,-0.4,-6.78,360
2000-12-31,4.08,0.30541696,0.7079,181.45,-0.61,-9.28,300
2001-1-1,0,0.329362319,0.7079,198.41,2,-7.2,360
2001-1-2,0,0.322025596,0.7079,187.75,0.13,-8.26,320
2001-1-3,0,0.273714201,0.7079,236.84,0.26,-11.96,240
2001-1-4,0,0.278016077,0.6796,247.69,2,-11.44,245.01
2001-1-5,1.43,0.284135937,0.6796,270.18,2.34,-11.26,259.22
2001-1-6,0,0.354376694,0.6796,233.56,3.44,-6.77,360
2001-1-7,0,0.328741936,0.6796,275.03,6.66,-7.61,351.42
2001-1-8,4.23,0.422242036,0.7079,173.19,7,-3,480
2001-1-9,0,0.433855143,0.8212,149.41,3.14,-3,480
2001-1-10,0,0.426613869,0.7646,150.29,2.4,-3.76,459.22
2001-1-11,0,0.421000489,0.7362,243.78,8.33,-4,440
2001-1-12,0,0.41987655,0.7646,251.03,8.47,-4.5,440
2001-1-13,0,0.396171994,0.7362,259.22,7,-6.65,360
2001-1-14,2.91,0.406106688,0.7362,220.08,7,-6.66,360
2001-1-15,4,0.528172958,0.8212,125.11,6,-0.04,600
2001-1-16,0,0.551606798,0.8778,141.71,6.46,0.86,640
2001-1-17,0,0.48500826,0.8778,244.34,7.4,-4,440
2001-1-18,4.44,0.501424175,0.8495,161.65,5.64,-3.48,480
2001-1-19,24,0.572624432,1.076,104.66,6.14,0.75,640
2001-1-20,23.27,0.573644347,2.2653,81.47,5.23,1.15,653.46
2001-1-21,6,0.491509669,3.1715,152.49,2.85,-5.26,419.22
2001-1-22,0,0.445992206,2.4069,250.96,1.61,-9.24,300.83
2001-1-23,0,0.466233849,1.699,273.55,3.5,-9.24,300.6
2001-1-24,0,0.540945746,1.3592,261.44,6,-5.56,400
2001-1-25,0,0.584120725,1.2176,232.23,6,-3.37,480
2001-1-26,0,0.539746506,1.1044,253.41,4,-6.52,360
2001-1-27,0,0.610995115,1.0477,225.48,5.74,-3.02,480
2001-1-28,0,0.604081851,0.9911,248.6,5.5,-4.5,440
2001-1-29,0,0.582435258,0.9628,272.65,4.72,-6.78,360
2001-1-30,9.07,0.736567352,1.0477,220.01,12.08,-1.79,536.95
2001-1-31,0,0.813416834,1.161,276.26,13,0.91,640.25
2001-2-1,0,0.767306351,1.1327,276.56,10.5,-1.3,560
2001-2-2,0,0.756598629,1.0194,291.35,10,-2.86,491.1
2001-2-3,0,0.694622035,0.9628,288.89,6.5,-5.5,400
2001-2-4,0,0.660940436,0.9061,305.13,5,-8.11,320
2001-2-5,29.15,0.752705248,1.4725,167.33,6.13,-1.71,543.32
2001-2-6,0,0.801463272,2.945,215.47,7.24,-0.06,600
2001-2-7,0,0.842907787,2.5485,295.35,9.1,-2.5,520
2001-2-8,0,0.828641177,1.8689,313.22,8.5,-4.51,440
2001-2-9,0,0.969077616,1.4725,318.49,12.71,-1.25,560
2001-2-10,1.98,1.139853528,1.3026,308.78,16.5,3.25,780.28
2001-2-11,0,0.844730347,1.1893,317,7,-5.77,400
2001-2-12,3,0.764926599,1.1044,241.61,3.24,-7.14,360
2001-2-13,4,0.952948621,1.161,240.42,8.54,-1.76,539.45
2001-2-14,1,1.041310375,1.1327,289.71,10.5,0,600
2001-2-15,1.16,1.099468657,1.1327,225.69,11.5,4,800.25
2001-2-16,7.97,0.934984656,1.161,109.97,7.5,3.09,767.14
2001-2-17,12,0.923742477,1.8406,145.39,5.96,0.14,611.23
2001-2-18,0,0.855731071,1.9822,310.61,3,-7.57,354.16
2001-2-19,0,0.935069669,1.6141,358.64,5.3,-9,320
2001-2-20,0,1.273447794,1.3592,352.77,13.47,-1,560
2001-2-21,0,1.362266623,1.2459,358.03,15,0,600
2001-2-22,7.03,0.941696484,1.161,276.81,3.5,-8.15,320
2001-2-23,0,0.929225281,1.1327,316.78,2.7,-6.35,372.28
2001-2-24,0,0.991578565,1.161,326.27,3.86,-5.5,400
2001-2-25,10.12,1.269332791,1.2176,269.86,10,-1.05,560
2001-2-26,0,1.409636668,1.6424,310.05,12.83,3.84,800
2001-2-27,0,1.369654602,1.5857,363.75,11.2,-2.22,520
2001-2-28,1.01,1.272205844,1.3875,331.29,8.5,-2.5,520
2001-3-1,0,1.152256683,1.2459,344.72,5.31,-6,400
2001-3-2,0,1.370463121,1.161,347.49,9.57,-2,520
2001-3-3,0,1.557581631,1.1044,379.72,12.82,-0.99,560.79
2001-3-4,8.37,1.364732003,1.1044,193.3,9.49,2.08,720
2001-3-5,6.5,1.043063682,1.5574,123.83,3.78,-0.56,595.55
2001-3-6,0,1.068691856,1.3875,279.56,1.99,-5.56,400
2001-3-7,0,1.322182049,1.3026,330.83,6.52,-3,480
2001-3-8,0,1.466679109,1.1893,394.65,8.5,-4.5,440
2001-3-9,5.22,1.41314617,1.1893,220.99,8.02,-0.02,600
2001-3-10,0,1.505596246,1.1893,370.9,8.5,-2.58,513.21
2001-3-11,0,1.770695481,1.1327,442.61,12.66,-4.5,440
2001-3-12,0,1.792299115,1.076,439.19,12.43,-3.77,458.67
2001-3-13,19.46,1.874492054,1.5857,275.63,13.69,2.66,732.87
2001-3-14,0,1.829554161,1.9822,364.07,12.58,1.95,716.25
2001-3-15,4,1.851860219,1.7556,346.59,12,-1.35,560
2001-3-16,7,1.840765062,1.7556,270.81,12,1.73,698.28
2001-3-17,3,1.678260403,1.699,204.88,10.5,3.5,800
2001-3-18,0,1.686884114,1.5291,316.45,9.37,1,640
2001-3-19,0,1.932461719,1.3309,425.55,11.5,-2,520
2001-3-20,0,2.035505322,1.2176,450.79,12.5,-3,480
2001-3-21,29.6,1.820396034,1.699,204.8,11.5,4.5,840
2001-3-22,17.34,1.4742835,4.1343,120.55,8.77,5,880
2001-3-23,0,2.00181468,3.6812,330.53,12.71,4.33,826.07
2001-3-24,0,2.373084279,2.6618,457.94,15.61,0.75,640
2001-3-25,0,2.036868062,2.0388,455.44,10.58,-3.5,480
2001-3-26,2,1.723423714,1.699,371.67,6.61,-2.91,487.51
2001-3-27,0,1.727384529,1.5574,450.55,5.5,-7.5,360
2001-3-28,0,1.9610314,1.4158,454,8.5,-4.98,440
2001-3-29,13.41,2.021534392,1.3592,311.85,9.5,-1.76,539.22
2001-3-30,31.59,2.26495791,3.0299,266.27,13.69,4.65,851.9
2001-3-31,1.54,2.130753751,4.1909,354.93,11,1.25,659.77
2001-4-1,0,2.069023907,3.398,349.66,10.5,2,720
2001-4-2,4.08,2.202696878,2.5768,288,11.5,2,720
2001-4-3,0,2.423195406,2.0954,479.2,12.5,-1.85,532.34
2001-4-4,0,2.553532334,1.7556,460.99,13.97,0.5,640
2001-4-5,0,2.801322903,1.5574,505.59,16.06,-1.43,560
2001-4-6,0,2.922100713,1.4442,467.14,17.5,3.01,760.69
2001-4-7,0,2.699507722,1.3875,374.01,16.35,6.5,960
2001-4-8,3.19,2.348850241,1.3592,229.87,13.36,6,920
2001-4-9,5.1,3.366916803,1.3592,357.07,21.29,6,920
2001-4-10,0.75,3.711454102,1.4158,462.22,24.46,8.5,1120
2001-4-11,10.29,2.132419107,1.4442,164.5,12.5,7.5,1040
2001-4-12,6.99,2.717941661,1.784,241.59,16.85,9.1,1168.15
2001-4-13,0.34,3.507460324,1.8406,412.24,23.1,11.78,1382.25
2001-4-14,0,3.620644098,1.6707,505.36,22,5.5,920
2001-4-15,7,3.306675603,1.4725,338.9,19.5,6.84,987.18
2001-4-16,6,2.950049452,1.5291,294.12,16.63,6.65,971.9
2001-4-17,3.83,2.62828468,1.5574,282.39,13,3.81,800
2001-4-18,1.39,2.643584133,1.4725,426.44,12,1.28,662.12
2001-4-19,0,2.881560083,1.3592,513.66,13,-2.13,520
2001-4-20,0,3.22386841,1.3026,495.19,16.53,2.07,714.32
2001-4-21,3,3.451588481,1.2743,299.19,20.57,9.96,1236.82
2001-4-22,0,4.042723342,1.2743,421.06,25.5,13.36,1537.44
2001-4-23,0,4.672302364,1.2176,480.6,29.36,13.2,1511.54
2001-4-24,0,4.689421369,1.1327,468.62,29.5,14.17,1613.51
2001-4-25,0,4.458631221,1.1044,531.26,26.18,6.52,961.52
2001-4-26,0,3.213448273,1.076,489.81,15,0.7,640
2001-4-27,0,4.015174165,1.0477,556.91,21.5,0,600
2001-4-28,0,4.061246732,1.0194,512.96,22.11,5,880.25
2001-4-29,0,3.707805978,0.9911,521.67,18.5,1.13,650.68
2001-4-30,0,3.957740452,0.9628,523.42,20.5,2.48,720
2001-5-1,0,4.632583592,0.9628,533.58,26.01,5.5,920
2001-5-2,0,4.893707349,0.9345,504.36,28.24,9.5,1200
2001-5-3,0,5.131726665,0.9061,491.18,30.09,11.79,1383.09
2001-5-4,0,5.144471126,0.8495,457.93,30.51,14.21,1616.87
2001-5-5,0,4.83851588,0.8212,440.44,28.27,13.5,1560.03
2001-5-6,0,4.112702589,0.8212,443.74,21.84,7.97,1077.52
2001-5-7,0,3.739177405,0.7929,458.37,17.96,3.74,800
2001-5-8,0,3.956751843,0.7929,475.86,19.4,3.95,800
2001-5-9,0,4.305229702,0.7929,489.38,22.05,5.49,919.32
2001-5-10,0,4.880539343,0.7646,469.84,27,10.76,1300.6
2001-5-11,0,5.225593683,0.7646,466.96,29.5,12.63,1450.39
2001-5-12,0,5.359972239,0.7362,437.75,30.83,15.08,1723.24
2001-5-13,0,4.787619043,0.7079,440.57,26.1,11.04,1323.18
2001-5-14,0,4.380500972,0.7079,471.44,22,6,920
2001-5-15,0,4.475109677,0.6796,474.54,22.57,6.26,940.83
2001-5-16,0,4.25780085,0.6796,442.58,21.1,6.49,959.22
2001-5-17,0,3.487664722,0.6796,271.84,18.33,10.29,1263.45
2001-5-18,0,2.917935031,0.6796,172.61,17,12.13,1410.08
2001-5-19,0.73,3.672742366,0.6796,253.72,21,13.56,1564.42
2001-5-20,0,3.753731629,0.6796,279.67,20.75,12.63,1450.12
2001-5-21,14.83,2.588371878,0.8778,105.19,15.62,11.99,1398.81
2001-5-22,13.66,3.957796474,0.9911,217.23,22.36,14,1600.25
2001-5-23,6.9,4.346165759,0.9911,247.76,24.5,14.79,1685.69
2001-5-24,0,4.342342692,0.9345,344.58,24.01,14,1600
2001-5-25,0,4.204825391,0.8778,339.47,23.05,13.5,1560
2001-5-26,5.68,3.968782087,0.8495,232.25,21.93,13.5,1560
2001-5-27,9.61,3.91260629,0.8778,224.67,22,14.1,1608.32
2001-5-28,8.41,4.310687627,0.8495,281.43,23.12,12.96,1476.66
2001-5-29,0,4.357285584,0.8495,394.65,23,12.36,1428.98
2001-5-30,0,4.151503737,0.8212,387.44,21.5,11.45,1355.83
2001-5-31,0,4.448536916,0.7646,506.69,21,6.27,941.71
2001-6-1,6.19,4.4462344,0.7646,378.96,21,6.5,960
2001-6-2,13.16,4.005888003,0.8495,239.79,22.74,15,1710.58
2001-6-3,9.12,4.427690181,1.0477,300.79,23.81,13.71,1576.6
2001-6-4,0,4.707208032,1.0194,473.53,24,11.2,1335.61
2001-6-5,0.72,4.663191848,0.9061,410.42,25.5,15.02,1721.9
2001-6-6,0,4.602532798,0.8212,381.75,26,16.5,1880
2001-6-7,4.48,4.317854951,0.7929,276.31,24.5,16,1800
2001-6-8,0,5.161775254,0.7646,498.49,26.89,12.86,1468.73
2001-6-9,0,5.321317805,0.7362,516.88,27.5,12.25,1419.77
2001-6-10,0,5.382414615,0.7079,514.52,28,12.85,1468.22
2001-6-11,0,5.235671066,0.6796,471.17,28.21,15.42,1753.78
2001-6-12,17.28,5.086144336,0.7929,317.07,28.69,17.9,2063.94
2001-6-13,0,5.443793594,0.7646,433.51,31,19.47,2275.17
2001-6-14,0,5.198176253,0.7079,414.11,30,19.54,2282.9
2001-6-15,0,4.566924631,0.6796,327.55,28.5,21,2480
2001-6-16,4.91,4.113561125,0.6796,195.31,28.11,22.49,2717.71
2001-6-17,56.21,4.869482606,1.8123,291.53,28.5,19.25,2239.55
2001-6-18,0,5.405403409,3.936,473.56,29.5,16.74,1899.22
2001-6-19,0,5.52132573,3.2281,488.72,29.74,16,1800
2001-6-20,0,5.373382591,2.0954,441.65,30,18.15,2092.3
2001-6-21,0,5.176531031,1.3875,401.13,29.86,19.5,2279.81
2001-6-22,0,5.031451388,1.0477,394.61,29,19,2200
2001-6-23,13.76,4.363469574,1.0477,221.67,27.5,20.56,2410.15
2001-6-24,15.04,4.764331133,1.3875,297.45,26.94,17.25,1960.1
2001-6-25,0,5.179525439,1.1327,463.51,27.91,15.48,1758.17
2001-6-26,0,5.626978719,0.9911,480.52,30.5,16.48,1876.83
2001-6-27,0,5.703750596,0.9061,445.15,32.03,19.23,2236.76
2001-6-28,0,5.797613281,0.8212,417.6,33.5,21.48,2556.65
2001-6-29,0,5.630954141,0.7646,425.01,32.14,20.07,2330.44
2001-6-30,0,5.506869079,0.6796,376.2,33,22.66,2745.82
2001-7-1,0,5.536274036,0.6513,394.72,32.7,21.86,2617.09
2001-7-2,0,5.406448649,0.623,512.94,28.19,12.76,1445.9
2001-7-3,0,4.898906764,0.5663,508.96,24.5,9.98,1225.87
2001-7-4,30.25,4.468702388,0.7929,244.22,26.98,19,2200
2001-7-5,11.17,4.883814833,1.076,286.94,28.34,18.5,2120
2001-7-6,0,4.921769044,0.9911,434.42,27,15.53,1762.65
2001-7-7,0,4.975890757,0.8778,481.95,26,12.5,1440
2001-7-8,0,4.265788543,0.8495,311.61,26,18.5,2120
2001-7-9,0,4.817431735,0.7929,374.46,28.5,19.03,2204.76
2001-7-10,0,5.71417312,0.6796,468.58,32.13,18.25,2099.78
2001-7-11,1.98,5.509960922,0.5947,378.37,31.44,18.76,2161.11
2001-7-12,0,5.158649378,0.5663,478.79,28,14.5,1639.6
2001-7-13,0,5.124817324,0.538,489.96,27.5,13.49,1557.62
2001-7-14,0,5.128323999,0.538,489.02,27.59,13.5,1560
2001-7-15,0,5.293838919,0.5097,493.25,28.68,13.85,1587.67
2001-7-16,0,5.372666743,0.4814,446.55,30.48,17.33,1973.14
2001-7-17,0,5.31219866,0.4531,392.22,31.71,20.46,2394.01
2001-7-18,11.05,4.836394572,0.538,266.74,29.5,19.94,2314.98
2001-7-19,0.37,3.687072914,0.623,246.06,24.1,18.26,2100.55
2001-7-20,0,4.528479763,0.5663,413.57,25.5,14.77,1683.73
2001-7-21,0,5.153227473,0.5097,503.82,27.98,12.5,1440
2001-7-22,0,5.156455296,0.4814,490.32,28.4,13.45,1551.74
2001-7-23,0,5.00071454,0.4531,414.55,29.29,17.5,2000
2001-7-24,0,5.130592848,0.4248,371.84,31.68,21,2480
2001-7-25,0,4.960693444,0.4248,314.06,32.62,23.73,2935.36
2001-7-26,13.44,4.934062684,0.4531,270.36,31,21,2480
2001-7-27,2.47,4.358842326,0.623,374.21,25.56,15.48,1758.07
2001-7-28,0,4.395880984,0.5663,422.35,25,13.79,1583.19
2001-7-29,2.94,3.847873914,0.538,269.06,23.48,15.66,1772.91
2001-7-30,2.15,3.592804437,0.538,265.49,23.02,16.5,1880
2001-7-31,0,4.517666719,0.5097,442.86,26,13.93,1594.75
2001-8-1,0,4.950229864,0.4531,483.54,28.56,13.99,1599.22
2001-8-2,0,5.034362465,0.4248,457.18,30.05,16.5,1880
2001-8-3,0,5.001650299,0.3964,452.98,30,16.5,1880
2001-8-4,0,4.593917693,0.3964,373.35,29.23,19.05,2208.75
2001-8-5,0,4.787458057,0.3964,404.04,30,18.54,2125.87
2001-8-6,0,4.989007854,0.3964,395.47,32,20.5,2400
2001-8-7,0,5.140884986,0.3964,368.31,34,22.98,2796.83
2001-8-8,0,5.50736253,0.3681,391.09,35.97,23.44,2869.75
2001-8-9,0,5.483457484,0.3681,390.91,36,23.47,2874.92
2001-8-10,0,5.194907705,0.3398,359.48,35.12,24.09,3014.49
2001-8-11,37.06,4.681220203,1.076,267.65,31.65,21.5,2560
2001-8-12,13.17,3.774854441,1.5574,191.23,28,21.5,2560
2001-8-13,11.8,3.217972995,1.0194,135.25,26.9,22.5,2720
2001-8-14,6.85,4.042896075,0.8495,245.28,28.31,20.03,2324.15
2001-8-15,0,4.317967704,0.7079,398.92,28.63,18,2080
2001-8-16,0,4.541790813,0.5947,459.28,28.99,15.5,1760.25
2001-8-17,0,4.338901937,0.5097,371.19,30,20,2320
2001-8-18,0,4.400279257,0.4814,391.19,30,19.1,2216.79
2001-8-19,0,4.150893778,0.4531,348.41,29.43,20.14,2342.34
2001-8-20,6.97,4.024484874,0.5097,242.41,29.55,21.16,2505.82
2001-8-21,0,4.130786262,0.5097,377.26,29,19,2200.49
2001-8-22,0,4.319678007,0.4814,424.43,29.48,17.44,1990.05
2001-8-23,0,4.327148867,0.4531,425.24,29.73,17.5,2000
2001-8-24,0,4.109424353,0.4814,390.33,29,18.28,2102.49
2001-8-25,0,3.952977005,0.4531,401.35,27.5,16.55,1883.87
2001-8-26,0,4.104617131,0.4248,461.1,27.56,13.5,1560
2001-8-27,0,4.047023354,0.3964,375.4,29.5,19.01,2201.6
2001-8-28,7.39,4.056970924,0.4531,288,30.44,20.5,2400.49
2001-8-29,0,4.109309237,0.4248,390.9,30,18.51,2121.38
2001-8-30,0,3.832886845,0.3964,357.24,28.7,18.74,2158.45
2001-8-31,0,3.514677771,0.3964,275.49,28.8,21.53,2564.42
2001-9-1,0,3.543906801,0.3681,329.07,27.5,18.84,2174.8
2001-9-2,0,3.648043758,0.3681,452.52,25.5,11.93,1394.32
2001-9-3,0,3.682293862,0.3681,460.36,25.94,11.5,1360
2001-9-4,0,3.685932307,0.3681,402.72,27.54,15.82,1785.6
2001-9-5,0,3.612706491,0.3681,407.22,27,15.08,1726.53
2001-9-6,0,3.649921423,0.3398,464.72,26.5,11,1320
2001-9-7,0,3.694727673,0.3398,450.48,27.5,12.54,1443.31
2001-9-8,0,3.726120702,0.3398,429.48,28.5,14.5,1640
2001-9-9,0,3.701560986,0.3115,406.81,29,16,1800
2001-9-10,0,3.566893643,0.3115,341.81,29.5,19.24,2238.45
2001-9-11,0,3.633799593,0.3115,403.22,29,15.76,1780.83
2001-9-12,0,3.486817509,0.3115,434.99,27.31,12.07,1405.54
2001-9-13,0,3.467803527,0.3115,432.51,27.5,12,1400.25
2001-9-14,7.52,3.083396454,0.3115,300.87,24.06,11,1320
2001-9-15,0,2.649426624,0.3681,380.83,19.5,7.97,1077.77
2001-9-16,0,2.955627098,0.3115,449.69,22.81,6.24,939.22
2001-9-17,0,3.098034607,0.3115,445.12,25,7.95,1075.64
2001-9-18,0,3.137858697,0.3115,423.64,26,10,1240
2001-9-19,0,3.092107571,0.3115,407.44,26,10.75,1299.77
2001-9-20,4.6,2.819119101,0.3115,220.52,24.99,15.36,1749.02
2001-9-21,3.46,2.63831928,0.3398,164.22,25.49,18.5,2120
2001-9-22,0,2.845955895,0.3115,260.98,27.07,18.48,2118.26
2001-9-23,0,2.974322777,0.3115,321.1,27.5,16.38,1860
2001-9-24,0,2.710373506,0.3115,248.35,26.5,18.34,2107.09
2001-9-25,8.27,2.545794742,0.3964,206.96,24,15.15,1732.36
2001-9-26,0,2.325128368,0.3964,383.21,19.5,6.12,929.66
2001-9-27,0,2.353181684,0.3681,376.92,20.42,7.05,1004.02
2001-9-28,0.18,2.278281454,0.3398,363.52,19.91,7.19,1014.82
2001-9-29,0,2.145399354,0.3398,311.46,19,8.73,1138.67
2001-9-30,16.14,1.873077415,0.3964,183.29,16.5,9.15,1171.75
2001-10-1,15.55,1.46002435,0.5947,104.22,12.5,8.46,1116.86
2001-10-2,0,2.16357953,0.6343,349.73,20.26,7.8,1063.94
2001-10-3,0,2.525571842,0.5097,362.03,26,11.73,1378.67
2001-10-4,0,2.596842086,0.4219,345.99,27.5,13.74,1579.22
2001-10-5,0,2.518494833,0.3851,336.13,27,13.73,1578.38
2001-10-6,5,2.268296033,0.3879,251.35,24,11.23,1338.38
2001-10-7,0,1.808754852,0.3936,355.86,17,3.79,800
2001-10-8,0,1.594595175,0.371,370.97,13.62,-0.48,600
2001-10-9,0,1.647973469,0.371,397.87,15.67,-1.5,560
2001-10-10,0,1.831447277,0.371,387.02,19.74,2.49,720
2001-10-11,0,2.052073727,0.371,333.42,23.48,9.76,1220.55
2001-10-12,0,2.065028974,0.371,349.04,24.5,9.26,1180.6
2001-10-13,0,2.076870997,0.3568,320.05,25,11.61,1368.72
2001-10-14,0,1.976630743,0.3568,287.45,23.91,12.5,1440
2001-10-15,6,1.831777124,0.3766,225.19,22,10,1240
2001-10-16,0,1.701204958,0.3681,360.07,21.14,4.53,842.08
2001-10-17,0,1.602858821,0.3596,316.64,19,6.12,929.48
2001-10-18,0,1.383606487,0.3511,340.34,15.3,1,640
2001-10-19,0,1.379375678,0.354,363.03,16.73,-0.38,600
2001-10-20,0,1.579706706,0.3568,339.76,21.27,5.33,905.97
2001-10-21,0,1.651156693,0.3568,333.14,23.5,7.12,1009.56
2001-10-22,0,1.753039518,0.354,310.64,25.49,10.34,1266.92
2001-10-23,0,1.692843679,0.3568,240.68,24,13.5,1560
2001-10-24,0,1.764327203,0.3568,216.04,25.83,16.23,1836.76
2001-10-25,0,1.786781947,0.3511,261.34,27,14.44,1635.01
2001-10-26,0,1.351610707,0.3511,300.54,19.99,5.5,920
2001-10-27,0,1.11692588,0.354,240.74,13.63,3.5,800
2001-10-28,0,1.046462197,0.3568,256.45,12.5,1.49,679.31
2001-10-29,0,0.995582752,0.3596,315.62,13.56,-2.26,520
2001-10-30,0,1.090064977,0.371,300.35,16.72,1.5,680
2001-10-31,0,1.097940043,0.3738,293.93,17.81,2.35,720
2001-11-1,0,1.155155287,0.3738,289.34,20.16,4.5,840
2001-11-2,0,1.316998354,0.3738,230.66,22.5,10.84,1307.48
2001-11-3,0,1.301564921,0.371,219.21,22.5,11.5,1360
2001-11-4,0,1.003618424,0.3738,289.4,18.71,2.49,720.25
2001-11-5,0,0.95082248,0.3766,233.43,14.98,3.5,799.76
2001-11-6,0,0.885531582,0.3738,230.91,13.5,2.21,720
2001-11-7,0,0.948000528,0.371,261.88,17.86,3.68,800
2001-11-8,0,0.853688926,0.371,286.2,17.64,0.92,640
2001-11-9,0,0.866287338,0.371,245.36,15.83,2.94,754.8
2001-11-10,0,0.757193466,0.371,291.52,17.14,-0.91,567.23
2001-11-11,0,0.75516942,0.371,269.15,15.5,0,600
2001-11-12,0,0.619459246,0.371,281.19,11.78,-5.06,435.55
2001-11-13,0,0.611809169,0.371,279.78,12.72,-4.5,440
2001-11-14,0,0.661962496,0.371,271.06,15.59,-1.26,556.5
2001-11-15,0,0.748016779,0.3738,263.95,19.76,2.94,751.77
2001-11-16,0,0.782693462,0.3738,261.96,22.34,4.91,868.3
2001-11-17,0,0.712997819,0.3738,239.09,17.5,3,760
2001-11-18,0,0.596710036,0.371,249.38,14.5,-0.97,562.76
2001-11-19,0,0.649487176,0.371,242.59,17.26,2.06,712.21
2001-11-20,1.06,0.644855831,0.3738,231,16.5,2.42,718.74
2001-11-21,0,0.48549139,0.371,243.2,10.5,-4.5,440
2001-11-22,0,0.494973696,0.371,242.92,12.5,-2.96,483.47
2001-11-23,0,0.509250853,0.371,250.15,16.5,-0.59,589.31
2001-11-24,2.73,0.659519939,0.3823,173.13,18.5,5.33,906.02
2001-11-25,21.7,0.848359357,0.4163,94.33,20,12.59,1447.22
2001-11-26,12.53,0.736359048,0.7985,120.33,18.52,8.86,1149.02
2001-11-27,0,0.584259155,0.6739,204.54,17,4.02,801.9
2001-11-28,0,0.722141467,0.5267,146.34,17.98,9.29,1183.42
2001-11-29,0,0.760715181,0.4587,112,18,11.5,1360
2001-11-30,0,0.799537114,0.4417,89.54,19.01,13.86,1588.48
2001-12-1,0,0.763416701,0.4191,170.16,21.92,11.5,1360
2001-12-2,0,0.527473279,0.4078,204.84,16.75,4,800
2001-12-3,0,0.405954758,0.3993,225.54,14,-0.74,580.6
2001-12-4,0,0.42121586,0.3936,228.54,17.16,1.48,678.53
2001-12-5,0,0.53988597,0.3908,208.56,20.35,6.29,942.9
2001-12-6,0,0.661873461,0.3823,178.02,21.44,10,1240
2001-12-7,0,0.638338464,0.3738,161,19.13,9.26,1181.16
2001-12-8,11.14,0.55061681,0.4106,108.52,14,5.74,919.6
2001-12-9,8.84,0.490583695,0.5267,104.38,10.26,2.84,747.41
2001-12-10,0,0.355761276,0.4701,206.09,9.72,-2.73,501.78
2001-12-11,5,0.491545067,0.4786,105.4,11,3.37,789.8
2001-12-12,0,0.439711616,0.4672,190.23,13.42,2.31,720
2001-12-13,0,0.565947909,0.4502,128.16,13.93,7.13,1010.01
2001-12-14,0,0.626832219,0.4332,93.89,14.74,9.96,1236.97
2001-12-15,0,0.451313179,0.4163,209.85,17,4.38,830.52
2001-12-16,0,0.331753425,0.4078,215.45,8.94,-3.29,480
2001-12-17,0,0.38228886,0.4106,206.11,11.57,0,600
2001-12-18,9.78,0.485417026,0.5437,136.31,14.5,4.75,859.77
2001-12-19,0,0.413431543,0.5125,194.96,11.57,1.23,658.39
2001-12-20,0,0.430311962,0.4587,179.23,10.55,1.51,680.4
2001-12-21,0,0.419023646,0.4304,163.87,8,0.22,617.45
2001-12-22,0,0.311469696,0.4134,222.54,7,-5,440
2001-12-23,0,0.280339101,0.4078,242.39,9.73,-5,440
2001-12-24,11.12,0.312080582,0.538,180.94,12.82,-2,520
2001-12-25,0,0.324704745,0.5352,212.67,6,-5,440
2001-12-26,0,0.348371648,0.4786,189.5,4.79,-4.37,440
2001-12-27,0,0.293814423,0.4502,222.72,4.05,-7.69,344.44
2001-12-28,0,0.274944519,0.4304,237.65,5.26,-8.35,320
2001-12-29,0,0.298157994,0.4304,236.34,7.91,-5.94,400
2001-12-30,0,0.321547575,0.4276,211.05,4.74,-6.38,369.97
2001-12-31,0,0.294288877,0.4276,205.2,0.9,-9.5,280.25
2002-1-1,0,0.285752017,0.4276,225.2,1.41,-10.17,280
2002-1-2,0,0.29554277,0.4219,232.11,3,-9.26,299.22
2002-1-3,0,0.340496011,0.4276,193.79,2.01,-7,360
2002-1-4,0,0.352645266,0.4219,207.74,3.83,-6.15,387.71
2002-1-5,0,0.359990157,0.4134,232.99,7.27,-5,440
2002-1-6,0.58,0.387335786,0.4616,225.14,8.01,-3.74,461
2002-1-7,13.28,0.448613326,0.6286,112,5,-1.5,560
2002-1-8,6.28,0.402868188,0.5663,142.8,3.43,-4.56,440
2002-1-9,0,0.440899879,0.5182,193.66,6.27,-2.52,518.32
2002-1-10,0,0.531615218,0.4927,177.07,9.84,1.94,708.04
2002-1-11,7.04,0.571033484,0.5663,112.36,10.05,3.52,800
2002-1-12,0,0.489310155,0.6088,212.6,8.9,-1.01,560
2002-1-13,4.79,0.52829902,0.5692,139.2,8.62,0.49,639.37
2002-1-14,0,0.460071459,0.5324,242.23,8.5,-3.5,480
2002-1-15,0,0.510542055,0.504,244.01,11.08,-1.22,560
2002-1-16,0,0.53893447,0.4814,225.41,9.95,-0.54,597.12
2002-1-17,0,0.547334572,0.4672,204.36,8.35,-0.58,593.66
2002-1-18,0,0.49529143,0.4587,231.64,6.5,-4,440.03
2002-1-19,13.29,0.462089076,0.4644,201.24,4.25,-6.5,360
2002-1-20,7,0.489853365,0.5663,158.02,2.92,-4.67,440
2002-1-21,2.05,0.524361202,0.555,224.32,4.66,-3.66,467.42
2002-1-22,0,0.587653829,0.5522,247.04,7.88,-1.49,560
2002-1-23,1,0.641396987,0.5692,237.49,9.35,0.48,638.11
2002-1-24,6.46,0.745112577,0.589,128.64,11.53,5.5,920
2002-1-25,4,0.716140557,0.6258,172.94,11.86,2.02,720
2002-1-26,0,0.666910103,0.5805,271.15,11.43,-1.41,559.46
2002-1-27,0,0.674462125,0.5352,302.55,15,-2.27,520
2002-1-28,0,0.781712742,0.5125,300.01,18,1.1,650.79
2002-1-29,0,0.879281141,0.4955,298.79,20.62,3.52,789.63
2002-1-30,0,1.079949561,0.487,268.78,22.15,9,1160.36
2002-1-31,2,0.937708759,0.4842,244.18,16,5.74,920
2002-2-1,1,1.003528594,0.4842,286.25,19.4,5.5,920
2002-2-2,0,0.813064526,0.4672,314.11,14.58,-2,520
2002-2-3,0,0.69665775,0.4672,272.53,6.25,-5,440
2002-2-4,0,0.743773766,0.4672,281.47,7.61,-4.13,440
2002-2-5,0,0.670047364,0.4502,280.83,4,-7.27,360
2002-2-6,0,0.719118309,0.4474,261.49,4.89,-5.19,424.91
2002-2-7,6.31,0.766524755,0.504,150.46,5.5,-1.52,558.56
2002-2-8,0,0.861209198,0.5437,285.2,9.04,-2.49,520
2002-2-9,0,0.908740696,0.5125,301.91,10.36,-2.43,520
2002-2-10,0,1.042432612,0.4927,306.26,13.93,0.49,639.37
2002-2-11,4.3,1.063850332,0.5239,243.08,14.5,-0.5,599.95
2002-2-12,0,0.882910117,0.4927,347.3,9.26,-8.01,320
2002-2-13,0,0.955200443,0.4729,307.36,9.21,-3.76,459.46
2002-2-14,0,0.854281781,0.4559,341.86,6.32,-9.37,290.5
2002-2-15,0,0.981480276,0.4474,314.04,8.74,-4.35,440
2002-2-16,0,1.188306527,0.4474,289.53,13.35,1.65,692.04
2002-2-17,0,1.1593057,0.4474,303.85,12.13,-0.29,600
2002-2-18,0,1.083366778,0.4474,302.79,9.48,-2.51,519.51
2002-2-19,0,1.11116615,0.4474,363.95,10.99,-6.5,360
2002-2-20,0,1.314880028,0.4474,288.69,13.92,2.41,720
2002-2-21,0,1.525060981,0.4474,300.6,18,5.5,920
2002-2-22,0,1.436302922,0.4361,340.4,16,0.9,643.18
2002-2-23,0,1.237699155,0.4276,317.92,10.5,-2.5,520
2002-2-24,0,1.231919495,0.4276,341.14,10,-4.5,440
2002-2-25,0,1.317945416,0.4276,362.49,11.72,-4.58,440
2002-2-26,0,1.52242069,0.4304,298.66,14.9,3.15,771.73
2002-2-27,1,1.506038318,0.4389,349.87,14.21,-0.5,600
2002-2-28,0,1.133923413,0.4276,272.35,5.5,-4.02,440
2002-3-1,0,1.255028176,0.4276,369.22,7.8,-7.26,360
2002-3-2,0,1.424544412,0.4332,370.51,10.86,-4.41,440
2002-3-3,15.54,1.666443755,0.7391,225,15,3.94,800
2002-3-4,0.34,1.491385048,0.6881,361.52,10.99,-3,480
2002-3-5,0,1.160618813,0.5578,357.32,3.69,-9.5,280
2002-3-6,0,1.56258492,0.5125,365.32,11.31,-2.73,501.23
2002-3-7,0,1.915034952,0.4814,368.79,17.11,2.37,720.09
2002-3-8,0,2.035476731,0.4616,409.62,19,0.49,639.6
2002-3-9,0,2.153694808,0.4502,326.21,19.99,7.49,1039.37
2002-3-10,1,2.07096494,0.4389,379.69,18.03,2.5,720
2002-3-11,0,1.480511772,0.5239,332.75,7.5,-4.27,440
2002-3-12,0.97,1.659402797,0.5324,338.27,10.26,-1.74,540.6
2002-3-13,6.64,1.508154575,0.6116,116.26,11,6.17,933.46
2002-3-14,2.28,2.004401653,0.6428,266.2,15.96,6.5,960
2002-3-15,0,2.287030687,0.5947,344.86,19.01,6.86,988.95
2002-3-16,0,2.692111193,0.5607,391.7,23.8,8.5,1063.17
2002-3-17,0,2.141454339,0.5437,387.34,15.56,1.7,696.2
2002-3-18,17.43,1.315434842,0.807,98.92,6.84,3.2,775.69
2002-3-19,0,1.474586628,0.8127,156.24,8.78,4.44,835.55
2002-3-20,22.41,1.822178303,0.9968,188.9,11.72,4.49,838.81
2002-3-21,18.26,1.953755559,1.3167,247.1,12,2.31,720
2002-3-22,0,1.830647721,0.9939,423.24,8.7,-5.14,428.79
2002-3-23,0,1.731234642,0.8467,406.67,6.94,-5.72,400
2002-3-24,0,2.165080545,0.7674,436.93,12.73,-2,520
2002-3-25,0,2.132971776,0.7164,349.48,12.98,2.81,744.87
2002-3-26,5.96,2.083894516,0.6654,223.37,13.04,4.89,870.85
2002-3-27,17.36,2.296558421,1.0732,261.79,14.8,5,880
2002-3-28,0,2.20969755,0.9628,421.06,12.13,-0.52,598.17
2002-3-29,0,2.424670451,0.8184,433.97,14.5,1.1,647.78
2002-3-30,0,2.906538911,0.7419,410.97,20.47,7.66,1052.91
2002-3-31,11.94,2.70090048,0.7589,275.41,18.5,8.06,1085.03
2002-4-1,12,2.448923337,1.0449,257.78,15.53,6.39,951.44
2002-4-2,0,2.684053795,0.9175,473.41,15.94,0.5,640
2002-4-3,0,3.136361852,0.9118,437.99,21.35,7.63,1050.57
2002-4-4,0,2.546340763,1.1015,443.16,14,1,640
2002-4-5,0,2.310089683,0.8807,440.22,10.82,-1.62,550.54
2002-4-6,2.16,2.145844598,0.773,369.95,8.87,-2,520
2002-4-7,0,2.231133932,0.7108,470.08,9,-4.41,440
2002-4-8,0,2.63199837,0.6683,442.45,14,1.78,702.12
2002-4-9,0,3.256355134,0.6428,413.6,21.48,9.98,1238.22
2002-4-10,11.35,3.272757411,0.7844,328.55,20.81,8.3,1104.01
2002-4-11,0,3.185047087,0.7561,502.92,18.42,2.17,720
2002-4-12,4.9,2.840857859,0.7504,298.61,16.17,5.73,920
2002-4-13,3.44,3.081349144,0.7787,260.66,19.97,11.01,1320.8
2002-4-14,0,3.397593818,0.7136,341.24,23.48,14.5,1640
2002-4-15,0.5,3.877326174,0.6626,396.14,26.57,15.39,1751.09
2002-4-16,3.5,4.441118617,0.623,372.24,30,15.5,1749.11
2002-4-17,0,4.815861638,0.5862,478.5,32.24,15,1639.45
2002-4-18,0,4.890275457,0.5493,453.16,32.89,17,1885.93
2002-4-19,0,4.439205262,0.538,407.62,29.84,17,1920
2002-4-20,0,4.115309306,0.5324,384.61,27.33,15.93,1794.16
2002-4-21,1,3.644256513,0.5239,430.96,21.5,9.08,1166.1
2002-4-22,4,2.9871906,0.5465,267.88,16.19,7.09,1006.82
2002-4-23,0,3.140575401,0.5295,451.94,15.59,3.15,771.91
2002-4-24,0,3.249762767,0.5154,509.76,15.5,-0.19,600
2002-4-25,11.51,3.102182403,0.5833,325.3,15.01,3.23,778.38
2002-4-26,0,3.330558103,0.6598,496.17,16,1,640
2002-4-27,0,3.413340777,0.589,475.13,16.93,3.02,761.61
2002-4-28,59.16,3.57134964,2.0133,296.66,20,9.25,1180.05
2002-4-29,26.1,3.558807248,3.7378,285.28,20.13,10,1240.03
2002-4-30,0,3.393009155,2.9166,464.06,16.38,3.3,784.14
2002-5-1,7.13,3.735990834,1.8179,312.42,20.5,8.98,1158.35
2002-5-2,12.69,4.066402364,1.5348,326.45,22.99,10.52,1281.35
2002-5-3,0,4.284120073,1.6594,475.1,23.83,9.38,1190.76
2002-5-4,0.98,3.725866862,1.2884,508.5,18,2.5,720.25
2002-5-5,0.12,3.585819491,1.0619,411.54,18.49,7.5,1040
2002-5-6,0,4.055307014,0.9373,487.86,20.95,6.24,939.35
2002-5-7,0,4.619300241,0.8693,460.21,26.21,12.11,1409.01
2002-5-8,0,4.508428607,0.8269,425.68,25.96,13.5,1560
2002-5-9,1,3.646984782,0.7872,350.74,20.08,11,1320
2002-5-10,0,4.21102737,0.7702,396.85,23.92,13,1480
2002-5-11,0,4.4387153,0.7164,504.41,23.15,7.5,1040
2002-5-12,11.05,4.480582152,0.7334,352.7,24.03,10,1240
2002-5-13,19.47,4.863607309,0.9033,335,27.51,13.9,1591.75
2002-5-14,7.73,4.429390951,0.9798,342.73,23.5,10,1240
2002-5-15,0,3.960394561,0.8552,425.29,20,8.25,1100.05
2002-5-16,0,4.709565293,0.7702,517.3,24.22,7.2,1016.07
2002-5-17,0,4.746283378,0.7221,395.86,27.38,15.94,1794.95
2002-5-18,20.47,4.527751642,0.9996,364.57,23.18,8.5,1120
2002-5-19,0,3.472298542,1.2035,442.22,14.74,3,760
2002-5-20,0,3.732203161,1.0081,466.81,16.5,3.59,800
2002-5-21,0,3.851583391,0.8807,516.98,16.51,1,640
2002-5-22,0,4.066293701,0.7929,526.16,18.01,1.5,680
2002-5-23,0,4.503408651,0.7476,524.15,21.5,4.5,840
2002-5-24,0,5.220094903,0.7164,521.07,27.05,9.09,1167.14
2002-5-25,0,4.840574805,0.6739,431.79,25.97,13,1480
2002-5-26,0,4.820069078,0.6541,445.55,25.4,12,1400
2002-5-27,0,4.904121662,0.6315,408.72,26.97,14.89,1702.14
2002-5-28,0,5.13789121,0.6116,459.08,27.34,12.96,1477.71
2002-5-29,0,5.061439985,0.589,425.18,27.47,14.5,1640
2002-5-30,0,5.280264684,0.5748,467.37,28,13,1480
2002-5-31,0,5.34755501,0.5465,433.31,29.21,15.51,1760.8
2002-6-1,2.18,5.320393317,0.5154,335.98,30.5,18.84,2174.47
2002-6-2,0,5.632755914,0.4786,450.58,30.71,15.93,1794.45
2002-6-3,0,5.169576417,0.4559,461.17,27,12.49,1439.41
2002-6-4,0,4.317485992,0.4417,310.65,24.53,15.93,1794.16
2002-6-5,4.33,4.642949455,0.4276,234.19,27.35,18.5,2120
2002-6-6,22.75,5.552244278,0.4757,297.32,31.5,19.19,2230.9
2002-6-7,22.21,4.475250762,0.875,286.15,23.55,13,1480
2002-6-8,0,4.270437372,0.7164,419.87,20.65,9,1160.03
2002-6-9,0,4.955868663,0.6258,487.69,24.5,9.27,1181.99
2002-6-10,0,4.872490947,0.572,393.06,26.32,15,1720
2002-6-11,0,5.505413322,0.5409,455.05,29.37,14.98,1716.65
2002-6-12,0,5.542201236,0.4984,365.04,32.2,21,2480
2002-6-13,14.4,5.256204328,0.5805,333.12,27.81,14.31,1624.4
2002-6-14,27.17,3.075873598,0.8835,135.98,18.43,14,1600
2002-6-15,7.71,3.525181491,0.9684,179.14,20.31,14.44,1635.03
2002-6-16,0,4.852534946,0.8014,433.77,25.21,13,1480
2002-6-17,0,4.96877438,0.6994,432.2,26.2,13.97,1597.49
2002-6-18,0,5.187060538,0.6456,481.77,26.5,11.93,1394.32
2002-6-19,0.65,4.958912805,0.6201,417.73,26.5,14.75,1679.55
2002-6-20,4.74,5.205000572,0.6088,351.84,26.98,13,1480
2002-6-21,0,5.224049441,0.5607,475.34,27,12.78,1462.49
2002-6-22,0,5.40413065,0.5154,481.74,28.21,13.5,1560
2002-6-23,0,5.469763437,0.4616,475.23,28.92,14.5,1640
2002-6-24,0,5.881395319,0.4191,433.39,32.9,19.5,2279.75
2002-6-25,1.3,5.74815094,0.3879,399.72,33.03,21.03,2485.52
2002-6-26,0,5.785408489,0.3794,399.76,33.3,21.24,2518.45
2002-6-27,3.37,5.481430817,0.3596,266.55,33,22.92,2787.72
2002-6-28,3.61,5.207084088,0.354,275.1,30.5,20.32,2371.15
2002-6-29,0,5.291453587,0.3511,418.98,29.54,17.74,2038.45
2002-6-30,0,5.501852089,0.337,457.25,29.99,16.5,1880
2002-7-1,0,5.668252921,0.3313,449.35,31.36,17.83,2052.83
2002-7-2,0,5.862704208,0.3115,440.72,33,19.53,2282.22
2002-7-3,0,6.132934911,0.2973,415.31,35.5,22.5,2720
2002-7-4,0,6.294330548,0.2945,415.41,36.44,23.02,2802.7
2002-7-5,0,5.812306029,0.286,395.42,34,22,2640
2002-7-6,0,5.589434788,0.2747,476.18,30.23,15.4,1752.07
2002-7-7,0,5.542719873,0.2778,490.38,29.56,14,1600.25
2002-7-8,0,5.88168478,0.2744,508.8,31.5,14,1600
2002-7-9,0,5.84631629,0.2628,413.33,33.75,20.79,2446.08
2002-7-10,8.13,5.40434128,0.2888,290.94,31.52,20.03,2324.13
2002-7-11,0,4.841298634,0.3002,416.91,26.52,14.86,1697.58
2002-7-12,0,5.108617353,0.2832,497.3,26.5,11,1320
2002-7-13,0,5.147376825,0.2699,451.9,28,14.49,1639.37
2002-7-14,3,4.388381939,0.2741,230.84,26.5,18.23,2098.38
2002-7-15,0,5.198306904,0.2888,429.19,29,16,1800
2002-7-16,0,5.604975548,0.2633,418.79,32.29,19,2200
2002-7-17,0,6.057800129,0.2432,503.74,33.5,15,1720
2002-7-18,0,5.741580943,0.2421,378.1,34.5,22.3,2687.84
2002-7-19,0,5.619036508,0.2316,369.55,34,22.2,2672.72
2002-7-20,4.8,5.465568956,0.2353,292.11,32.5,20.29,2366.08
2002-7-21,0,4.916396326,0.2418,344.56,30,19.93,2314.76
2002-7-22,0,5.282074127,0.2319,407.78,31,18.5,2120
2002-7-23,0,5.416436526,0.2135,359.81,33.55,22.44,2710.05
2002-7-24,3.24,4.740839149,0.2438,250.97,29.5,20,2320
2002-7-25,6.06,3.865781743,0.2769,205.25,24.36,17.3,1968.29
2002-7-26,1,4.259658708,0.2704,373.74,24.5,14.5,1640.72
2002-7-27,0,4.226760153,0.273,339.19,25.5,16.49,1878.83
2002-7-28,0,4.906352379,0.2775,363.54,30.5,20,2321.31
2002-7-29,0,5.593931185,0.2523,379.21,35.07,23,2800
2002-7-30,0,5.703577831,0.2217,394.37,35.54,22.75,2759.31
2002-7-31,0,5.678479082,0.2059,437.11,34.5,20.13,2287.58
2002-8-1,0,5.744814293,0.1824,446.31,34.92,20,2202.66
2002-8-2,0,5.594560635,0.1702,427.16,34.46,20.5,2314.11
2002-8-3,0,5.398278561,0.1648,416.75,33.5,20.22,2299.39
2002-8-4,0,5.319112597,0.1724,380.73,34,22,2617.52
2002-8-5,0,5.233489713,0.162,360.19,34.2,23,2793.66
2002-8-6,3,5.031790719,0.1801,307.09,31.54,19,2200
2002-8-7,0,4.599411247,0.1841,463.84,27,13,1456.84
2002-8-8,0,4.771513851,0.1761,480.78,28.22,13,1429.49
2002-8-9,0,4.907836286,0.1671,481.03,29.46,13.74,1488.91
2002-8-10,0,4.972592665,0.164,488.05,30,13.5,1458.41
2002-8-11,0,4.993029786,0.1569,472.18,30.7,15,1588.54
2002-8-12,0,5.174754182,0.1504,440.92,33,18.5,1933.04
2002-8-13,0,5.356747322,0.1427,416.7,35,21,2245.21
2002-8-14,0,5.23261888,0.1356,385.88,35,22.27,2506.44
2002-8-15,0,4.663634657,0.1252,325.18,32.58,22.53,2697.58
2002-8-16,0,4.54531401,0.1271,295.95,33,24,2993.5
2002-8-17,0,4.896374494,0.1317,344,34.5,23.75,2732.33
2002-8-18,0,4.941655213,0.1351,345.56,35,24.08,2779.52
2002-8-19,0,4.913176928,0.139,364.63,34.5,22.99,2557.88
2002-8-20,0,4.61232864,0.1317,342.55,32.96,22.46,2550.97
2002-8-21,0,4.49773034,0.1356,410.15,30.5,17.87,1812.85
2002-8-22,0,4.534047703,0.1303,457.69,30,15,1444.35
2002-8-23,0,4.16629084,0.1311,321.61,30.37,20.76,2374.4
2002-8-24,19.84,3.882881116,0.194,220.07,28.84,20.22,2355.18
2002-8-25,19.61,4.021355913,0.337,250.84,29,18.94,2191.11
2002-8-26,0,3.992427556,0.2888,345.8,28.63,18.16,2092
2002-8-27,0,4.109642997,0.2619,382,29,17,1917.53
2002-8-28,6.28,3.535621974,0.2529,218.87,26.39,17.99,2078.61
2002-8-29,43.87,2.910146145,0.6116,165.9,22.64,16.75,1900.05
2002-8-30,0,2.985075709,0.7249,261.99,22.14,15.22,1737.83
2002-8-31,0,3.297316187,0.589,334.49,23.65,14.48,1638.42
2002-9-1,25.69,3.019182824,0.6371,193.58,23.5,16.72,1897.11
2002-9-2,16.5,2.613018019,0.8523,147.03,21.73,16.84,1907.48
2002-9-3,0,3.457672178,0.7221,351.01,26.03,16.25,1840.65
2002-9-4,0,3.954147266,0.6003,374.74,30.5,18.99,2197.63
2002-9-5,0,3.991758242,0.4474,432.96,29.87,15.34,1747.41
2002-9-6,0,3.570602471,0.3625,414.33,26.5,13.73,1578.67
2002-9-7,0,3.625736366,0.3313,463.24,26.55,10.5,1280
2002-9-8,0,3.669562984,0.3115,454.48,27.48,11.72,1377.54
2002-9-9,0,3.842972064,0.303,464.23,29.5,12,1400
2002-9-10,0,3.853259606,0.2973,433.5,30.29,14.92,1707.85
2002-9-11,0,3.545867784,0.2917,362.42,29,17.78,2044.32
2002-9-12,0,3.269077135,0.2738,437.16,25,10.48,1278.07
2002-9-13,0,3.443684812,0.2633,459.52,27.08,10.01,1204.35
2002-9-14,0,3.414543944,0.2577,390.58,28,15.15,1730.51
2002-9-15,11.83,2.891619483,0.2945,174.7,27,20.24,2358.45
2002-9-16,8.69,2.880727394,0.3341,177.63,27.08,20.21,2353.5
2002-9-17,0,3.251895472,0.3228,386.07,27.5,14.79,1685.8
2002-9-18,0,3.142388871,0.2973,395.62,26.5,13.26,1521.66
2002-9-19,0,3.099969316,0.2888,389.13,26.5,13.44,1551.11
2002-9-20,0,3.065421896,0.2769,378.02,26.66,14,1600
2002-9-21,0,3.047274267,0.2687,320.42,28,17.8,2048.66
2002-9-22,0,3.180748078,0.2616,362.95,29,16.5,1879.75
2002-9-23,0,2.813281794,0.2537,300.29,26.41,17,1920
2002-9-24,0,2.833380615,0.2495,385.16,25.48,12,1400.4
2002-9-25,0,2.731926401,0.2432,378.13,24.72,11.58,1366.05
2002-9-26,8.41,2.147606705,0.2636,154.75,21.18,15.22,1737.11
2002-9-27,7.88,2.532514151,0.3087,210.98,24.76,15.94,1801.8
2002-9-28,2.56,2.757082569,0.286,287.47,26.94,15.43,1754.16
2002-9-29,0,2.520352592,0.2693,354.59,24,11.58,1366.35
2002-9-30,0,2.479653362,0.2616,372.6,23.77,10.03,1242.76
2002-10-1,0,2.543776008,0.2532,347.08,25.29,12.49,1439.21
2002-10-2,0,2.655068227,0.2438,297.12,27.74,16.8,1903.86
2002-10-3,0,2.839389574,0.2373,335.17,30.05,16.42,1867.97
2002-10-4,0,2.618969503,0.2415,275.26,28.47,18.16,2092.92
2002-10-5,0.75,2.621063625,0.2475,255.1,29.24,19.51,2277.9
2002-10-6,0,2.438709554,0.2373,361.63,26.5,11.44,1355.01
2002-10-7,0,2.294017117,0.243,305.35,25.09,13.69,1574.91
2002-10-8,0,2.092561719,0.2367,367.99,22.5,7.46,1037.15
2002-10-9,0,1.897050746,0.2398,319.4,19.76,8.23,1098.08
2002-10-10,13.48,1.568589763,0.3002,98.85,19,14.85,1695.11
2002-10-11,36.71,1.46630708,0.5578,80.36,18.95,15.67,1773.63
2002-10-12,7.47,1.567022094,0.6513,95.16,20.39,16.44,1865.07
2002-10-13,2,1.609511295,0.5635,166.63,19.87,14.79,1686.88
2002-10-14,0,1.621482073,0.4304,322.7,17.51,6.5,960
2002-10-15,0,1.554095672,0.3681,350.74,16.83,3.73,800
2002-10-16,20,1.534893938,0.5947,199.64,17.21,8.47,1117.8
2002-10-17,6.53,1.502228502,0.6626,221.88,16.85,6.74,979.22
2002-10-18,0,1.44913783,0.5663,340.82,16.47,3.49,799.5
2002-10-19,0,1.444600075,0.4531,318.45,16.81,5.17,893.95
2002-10-20,0,1.421410667,0.3908,259.55,16.97,8.29,1103.45
2002-10-21,0,1.335125007,0.3653,301.39,15.5,4.75,860.33
2002-10-22,0,1.338561991,0.3511,338.82,16.74,3.03,762.53
2002-10-23,0,1.32235783,0.337,332.22,17,3.38,790.41
2002-10-24,0,1.199951328,0.3285,258.31,13.95,5.1,887.76
2002-10-25,4.95,1.119723681,0.3256,159.17,12.67,5.8,920
2002-10-26,44.12,1.293393795,0.7362,193.7,17.38,8.11,1088.67
2002-10-27,0,1.297562727,0.8325,314.01,18.94,5.7,919.37
2002-10-28,0,1.148345355,0.6343,252.77,14.92,5.82,920
2002-10-29,17.09,1.002518166,0.5975,173.61,11.4,3.5,788.9
2002-10-30,20.36,0.914187157,0.8976,137.63,9.42,3.53,794.42
2002-10-31,7.68,0.892325072,0.9854,166.88,9.11,1.78,702.31
2002-11-1,0,0.909059477,0.7929,303.72,11.33,-0.76,579.22
2002-11-2,0,0.860112895,0.6796,293.89,10.12,-1.25,560
2002-11-3,0,0.822834334,0.6456,304.64,9.99,-2.5,520
2002-11-4,0,0.833056444,0.6456,285.17,10.44,-0.79,576.74
2002-11-5,0,0.827678564,0.5862,287.4,11.05,-0.5,600
2002-11-6,22,0.901446118,0.858,167.03,12.75,4.78,862.43
2002-11-7,0,0.844410614,0.824,268.99,12.39,1.91,712.55
2002-11-8,0,0.77839198,0.6966,312.07,13.76,-1.5,560
2002-11-9,0,0.948152716,0.6428,248.98,16.74,6.55,963.9
2002-11-10,0,1.031704063,0.623,181.16,18.62,11.64,1371.32
2002-11-11,9.18,1.061518678,0.6286,106.09,20.03,14.5,1640
2002-11-12,19.27,0.972463473,0.7702,140.29,18,10.54,1283.18
2002-11-13,15.56,0.785717032,1.1185,116.88,11.91,6.16,932.58
2002-11-14,0,0.690515965,0.9911,278.28,13.23,0.04,603.72
2002-11-15,0,0.777802208,0.8297,246.01,15.24,4.43,834.32
2002-11-16,24.11,0.770126794,0.807,144.95,13.5,5.88,920
2002-11-17,39.37,0.721146156,1.6594,126.47,11.56,5.16,892.88
2002-11-18,15.94,0.637185455,2.0983,128.04,8.53,2.22,720
2002-11-19,0,0.542766619,1.7613,280.66,11.43,-3,480
2002-11-20,0,0.565060106,1.396,275.61,13.5,-1.06,560
2002-11-21,2.18,0.557200638,1.1638,264.92,14.93,-0.47,600
2002-11-22,10,0.684941121,1.4753,149.02,13.76,5.38,910.4
2002-11-23,2.35,0.584985627,1.6367,178.68,10,1.63,690.71
2002-11-24,0,0.530339878,1.3875,245.21,11.17,-0.49,600
2002-11-25,0,0.479272863,1.1836,272,14.96,-1.11,560
2002-11-26,0,0.544221607,1.0562,240.72,13.5,1.45,676.11
2002-11-27,3.99,0.504864623,1.0024,154.23,8.64,-0.41,600
2002-11-28,0,0.389448686,0.9571,235.39,4.5,-6.66,360
2002-11-29,0,0.403119828,0.9118,231.52,6.14,-5.13,429.57
2002-11-30,0,0.51814706,0.875,166.82,8.81,1.5,680
2002-12-1,0,0.445474809,0.8552,205.14,7.68,-1.84,532.91
2002-12-2,0,0.392839855,0.8127,225.8,6.75,-4.32,440
2002-12-3,0,0.344332587,0.773,248.6,7.65,-6.12,390.3
2002-12-4,0,0.321415225,0.7617,204.15,0,-9.27,298.14
2002-12-5,13.62,0.371017171,0.79,129.06,1.86,-5.5,400
2002-12-6,0,0.385732497,0.7929,150.5,2,-4.34,440
2002-12-7,0,0.267097547,0.7646,252.89,3.48,-11.03,273.48
2002-12-8,0,0.317712446,0.7617,239.48,6.54,-6.38,370.79
2002-12-9,0,0.316816624,0.7617,229.28,5,-6.83,360
2002-12-10,0,0.317084636,0.7419,198.12,1.5,-7.74,340.6
2002-12-11,22.58,0.401474028,0.9146,126.09,5.7,-1.9,531.9
2002-12-12,21.86,0.450851258,1.8491,109.26,7.53,0.99,640
2002-12-13,18.09,0.338583233,1.7047,170.39,9.62,-3,480
2002-12-14,14.88,0.44163217,2.3814,150.36,12.78,2.39,720
2002-12-15,0,0.497385855,2.3418,92.74,7.5,3.5,800
2002-12-16,0,0.419049576,1.8378,167.23,7.71,0,600
2002-12-17,0,0.314764731,1.4527,208.5,4.5,-6,400
2002-12-18,0,0.284322375,1.2318,222.83,4.16,-7.75,339.77
2002-12-19,0,0.271743463,1.1129,242.64,9.42,-5.5,400
2002-12-20,9.99,0.410520112,1.1695,162.42,14.42,2.3,720
2002-12-21,0,0.390736257,1.3762,213.33,12,0.58,640
2002-12-22,0,0.432332535,1.2686,190.8,11.5,1.89,710.96
2002-12-23,0,0.406412009,1.1497,196.86,10.5,0.5,640
2002-12-24,4.11,0.389032924,1.0619,131.2,6.5,-1.69,544.46
2002-12-25,10.05,0.400543309,1.2205,141.63,8.45,-0.61,591.51
2002-12-26,0.22,0.426982873,1.3904,144.42,6.05,-0.19,600
2002-12-27,0,0.421675314,1.2686,109.23,3.5,-1,560
2002-12-28,0,0.381719573,1.1468,168.67,4.22,-3.06,480
2002-12-29,0,0.368041244,1.0647,212.63,7.11,-3,480
2002-12-30,0,0.353446372,1.0052,226.97,8,-3.5,480
2002-12-31,0,0.45633937,0.9968,201.77,11.36,1.8,703.78
2003-1-1,21.68,0.549434195,1.0449,121.96,12.49,5.55,911.97
2003-1-2,10.56,0.476862462,1.4158,117.29,7.89,1.5,680
2003-1-3,10.61,0.487975974,1.699,103.41,7.23,1.77,701.23
2003-1-4,9.33,0.474275041,2.2852,100.07,5.97,0.76,640
2003-1-5,6.07,0.413951101,2.1408,115.2,3,-3,480
2003-1-6,4.42,0.433407799,1.767,74.65,1.76,-1.96,523.31
2003-1-7,1.86,0.407290848,1.5348,130.72,1.01,-3.89,448.98
2003-1-8,0,0.43148384,1.3677,202.33,5.74,-2.72,502.67
2003-1-9,0,0.482423948,1.2714,232.58,11.25,0.33,626.16
2003-1-10,0,0.475932963,1.1921,236.64,10.53,-0.5,600
2003-1-11,0,0.424229012,1.1129,219.75,4.91,-4.39,440
2003-1-12,0,0.400927143,1.0477,193.7,1.35,-6.23,381.71
2003-1-13,0,0.389170048,1.0052,257.56,4.76,-7.5,360
2003-1-14,0,0.40387218,0.9684,242.63,3.32,-7.2,360
2003-1-15,0,0.396589988,0.9373,211.95,0.41,-7.9,327.89
2003-1-16,0,0.3840976,0.9373,219.72,-0.59,-9.22,302.49
2003-1-17,2,0.401318059,0.9231,226.13,-0.65,-8.3,320
2003-1-18,0,0.331427948,0.9061,303.11,-2.5,-14.94,200
2003-1-19,0,0.357396891,0.8523,301.88,-1.37,-13.54,200
2003-1-20,0,0.442222589,0.8467,289.35,2.76,-8.34,320
2003-1-21,0,0.437845188,0.8467,295.5,2.08,-9.27,298.62
2003-1-22,0,0.395751534,0.8155,300.84,-1,-12.5,240
2003-1-23,0,0.385755604,0.7674,265.23,-3.53,-12.48,240
2003-1-24,0,0.40996415,0.7617,299.51,-1.59,-12.51,240
2003-1-25,0,0.44787637,0.7872,307.41,0.35,-11.14,268.81
2003-1-26,0,0.508034983,0.7787,333.32,4.72,-9.38,289.99
2003-1-27,0,0.477709515,0.7617,345.39,3.21,-12.26,240
2003-1-28,0,0.409676207,0.7617,328.37,-3.06,-15.5,200
2003-1-29,2.09,0.543291401,0.7617,193.18,0.71,-5.06,435.03
2003-1-30,2.48,0.56095073,0.7476,169.61,1.04,-4.55,440
2003-1-31,0.73,0.59538057,0.7646,113.93,2.12,-1.34,560
2003-2-1,6.01,0.627676179,0.841,72.51,3.34,0.5,640
2003-2-2,3.39,0.716886306,0.9486,153.09,6.06,0.5,640
2003-2-3,0,0.763963798,0.8891,284.3,8.55,-2.16,520
2003-2-4,9.03,0.837049817,0.9571,216.45,10.67,-0.5,600
2003-2-5,0,0.741503234,1.0222,260.96,6,-3.09,480
2003-2-6,0,0.624323412,0.9543,274.83,1.19,-8.5,320
2003-2-7,14.33,0.643385402,0.943,149.65,1,-5.22,422.12
2003-2-8,0,0.603968721,0.8948,317.95,0,-12.27,240
2003-2-9,0,0.67752536,0.841,343.77,3.24,-11.97,240
2003-2-10,0,0.751019042,0.8552,236.17,3.5,-3.99,442.72
2003-2-11,0,0.738865477,0.858,271.58,2.69,-6.29,377.83
2003-2-12,0,0.737741126,0.8297,317.77,2.55,-9.01,318.42
2003-2-13,0,0.705808787,0.7957,342.82,1.36,-12.14,240
2003-2-14,0,0.718388431,0.7872,361.47,1.8,-13.79,200
2003-2-15,5.68,0.765890062,0.7957,243.09,1.66,-8,320
2003-2-16,11.52,0.69117754,0.7504,245.07,-1.25,-10.69,280
2003-2-17,28.17,0.743097233,0.9061,226.33,0,-8.04,331.7
2003-2-18,7.83,0.797191739,0.9345,203.73,1.4,-5.49,400.97
2003-2-19,0,0.895961875,0.9175,387.35,3.74,-7.77,338.26
2003-2-20,0,1.059813558,0.909,394.7,7.72,-4.36,440
2003-2-21,0,1.140840207,0.9486,438.52,9.97,-6.04,396.85
2003-2-22,32.54,1.169444517,1.4215,251.07,9.36,0.28,622.49
2003-2-23,19.98,1.312019551,3.483,283.49,12.08,0.94,640
2003-2-24,0,1.144568005,5.3802,413.33,7.69,-4.98,440
2003-2-25,0,1.040757127,4.4457,358.84,4.64,-4.8,440
2003-2-26,0,0.874675308,3.4263,292.29,0.42,-6.38,375.44
2003-2-27,1.1,0.849384464,2.6136,228.15,0.21,-4.73,440
2003-2-28,5.61,0.91458327,2.1549,156.8,2,-2.5,520
2003-3-1,0,1.082485085,1.951,307.4,4.5,-2.5,520
2003-3-2,8.55,1.263754819,2.0445,231.73,8.26,1.08,647.77
2003-3-3,0,1.225038087,2.9166,454.25,6,-7.5,359.36
2003-3-4,0,1.121444897,2.7014,464.69,3.34,-10.89,280
2003-3-5,7,1.556463911,2.6759,318.32,11.74,-0.31,600
2003-3-6,10.89,1.526778361,3.7095,315.31,10.7,-0.93,565.55
2003-3-7,0,1.116565494,4.1909,374.42,2.24,-6.89,360
2003-3-8,0,1.414279031,3.7378,452.13,7.5,-5.36,411.14
2003-3-9,0,1.8077623,2.945,469.91,14.18,-0.76,579.22
2003-3-10,0,1.33894025,2.5797,440.27,5.22,-6.77,360
2003-3-11,0,1.227749145,2.2512,451,2.64,-9.5,280
2003-3-12,0,1.584191524,1.9737,433.34,8.98,-2.62,510.67
2003-3-13,0,1.849730287,1.8321,456.5,12.92,-0.21,600
2003-3-14,0,1.640585192,1.7358,451.7,9,-3.4,479.37
2003-3-15,0,1.702696927,1.6141,480.35,9.5,-4.5,440
2003-3-16,0,2.226331027,1.5178,495.21,17.23,1.24,659.22
2003-3-17,7.75,2.390594291,1.6452,315.3,19.69,8,1080
2003-3-18,0,2.316594139,1.7925,439.72,17.93,5.5,920
2003-3-19,0,1.879609044,1.6594,364.61,11.84,2.66,732.58
2003-3-20,8.11,1.791961273,1.5206,236.7,10.5,2.28,720
2003-3-21,10.29,1.998505805,1.6707,203.67,14.5,7.43,1034.72
2003-3-22,0,2.351298317,1.699,357.64,17.49,7.41,1032.92
2003-3-23,0,2.424347716,1.5659,427.3,17,3.75,800
2003-3-24,0,2.255392688,1.4753,410.58,14.5,2.5,720
2003-3-25,0,2.385547455,1.3875,454.93,15.36,0.57,640
2003-3-26,5.76,2.696951463,1.3054,310.16,19.55,6.98,998.07
2003-3-27,2.56,2.700777875,1.3224,416.5,18.5,2.19,720
2003-3-28,0,2.433670834,1.2856,436,15,1.56,685.02
2003-3-29,8.49,2.519581901,1.3026,227.22,18.4,10.18,1254.46
2003-3-30,19.52,2.653044637,2.3645,329.74,16.96,3,760
2003-3-31,8.84,1.790493143,2.6023,246.27,7,-0.84,572.91
2003-4-1,0,2.197421519,2.1351,435.94,10.46,-2.68,505.46
2003-4-2,0,2.89913394,1.7755,464.45,18.51,2.82,745.28
2003-4-3,0,2.898286024,1.5518,427.31,18.65,5.41,912.79
2003-4-4,0,2.126622852,1.4187,277.87,11.6,4.53,842.04
2003-4-5,0,1.755324096,1.3366,188.63,8.7,4.22,817.59
2003-4-6,0,2.225341547,1.2799,336.74,11.17,2.61,729.01
2003-4-7,15,1.976101659,1.3281,220.82,8.46,1.38,670.64
2003-4-8,14.37,1.326347056,1.6395,91.78,4.19,1.7,696.07
2003-4-9,11.13,1.394223909,1.9397,100.49,4.71,1.98,718.11
2003-4-10,0.43,1.662883613,2.6476,195.16,6.5,2.4,720
2003-4-11,15.34,1.750105755,2.8317,146.19,8,4,800
2003-4-12,13.82,2.746490022,3.9927,308.75,15.37,5.5,920
2003-4-13,0,3.089881487,3.936,481.79,17.48,4.29,823.42
2003-4-14,0,3.078739096,2.9733,521.03,16.37,0.5,640
2003-4-15,0,3.583186481,2.2993,506.6,21.51,6.06,924.8
2003-4-16,0,4.228348141,1.9171,493.77,27.5,11.5,1360
2003-4-17,0,4.163089398,1.7075,541.96,25.92,4.38,830.38
2003-4-18,1,1.956255081,1.5574,241.92,8,2.98,758.42
2003-4-19,0,2.574103155,1.4838,369.58,12.53,4.22,817.59
2003-4-20,0,3.137904075,1.3875,481.26,16.13,3.24,779.22
2003-4-21,0,3.120221244,1.3252,479.11,15.74,3,760
2003-4-22,4.71,3.417634701,1.4045,338.42,19.21,7.51,1040.8
2003-4-23,0,3.378477442,1.3847,486.9,17.79,4.56,845.02
2003-4-24,0,3.319941546,1.3082,512.72,16.5,2,720
2003-4-25,7.14,3.402440922,1.2459,369.37,17.5,4.16,812.62
2003-4-26,9.42,2.904740696,1.4725,228.04,17.13,10.5,1280
2003-4-27,0,3.519861255,1.5914,447.25,19.49,8.47,1117.52
2003-4-28,0,4.234051787,1.4696,543.62,23.5,5.26,901.16
2003-4-29,0,4.558361511,1.3564,520.22,26.5,9.73,1218.27
2003-4-30,0,3.985365715,1.2714,481.13,22.18,8.85,1147.75
2003-5-1,0,3.90719348,1.195,456.27,21.92,9.91,1233.06
2003-5-2,0,3.962995836,1.1525,399.54,23.94,14,1600
2003-5-3,0,3.759080827,1.127,468.09,20,8,1080
2003-5-4,0,3.475304934,1.0959,486.3,16.64,4.08,806.28
2003-5-5,0,3.443045171,1.0675,518.51,15.42,1,640
2003-5-6,2,3.138821823,1.0675,358.4,15.88,7.65,1051.6
2003-5-7,0,4.131873847,1.0534,483.9,22,8.5,1120
2003-5-8,2.51,3.965869459,1.0336,357.76,22.11,11.5,1360
2003-5-9,2.62,3.142911843,1.0336,252.12,17,10,1240
2003-5-10,0,3.555724094,1.0336,380.21,18.5,9,1160.04
2003-5-11,0,4.175424398,1.0336,402.13,23.45,12.6,1447.82
2003-5-12,0,4.158855823,0.9883,376.92,23.9,13.88,1590.23
2003-5-13,0,3.651679931,0.9486,348.54,19.93,11.26,1340.6
2003-5-14,0,3.562460852,0.9203,385.45,17.97,8.5,1120
2003-5-15,0,3.863887423,0.8976,459.58,18.87,6.81,984.46
2003-5-16,10.99,3.139202378,0.9345,234.42,16.44,9.78,1222.65
2003-5-17,7.02,2.561326503,0.9911,190.99,11.5,6.25,940.01
2003-5-18,0,3.091332287,1.0166,384.48,13.29,4.75,860
2003-5-19,0,3.997247819,0.9543,514.98,18.55,4.48,838.32
2003-5-20,0,4.673723584,0.8948,560.55,22.96,4.41,832.41
2003-5-21,0,4.169604557,0.8778,462.78,21,9,1160
2003-5-22,6,2.8275175,0.9316,175.94,15,10,1240.35
2003-5-23,7.35,2.268603603,1.0591,112.83,12.94,10,1240
2003-5-24,5.55,2.761904473,1.2799,164.78,15.4,10.99,1318.97
2003-5-25,3.52,2.565837709,1.2403,139.49,15.01,11.42,1353.91
2003-5-26,15.33,2.539933638,1.3989,138.94,14.7,11.16,1333.14
2003-5-27,6.75,3.47267483,1.6962,303.91,16.5,8,1080
2003-5-28,3,3.610534602,1.5716,292.67,18.5,10.5,1280
2003-5-29,0,4.036430856,1.4272,465.06,20.26,10,1240
2003-5-30,0,4.76989134,1.2743,520.53,24.5,11,1320
2003-5-31,3.47,4.466051714,1.1298,386.2,23.75,13,1480
2003-6-1,14.6,3.827223905,1.6962,294.93,20.5,12.5,1440
2003-6-2,0,4.225550717,2.087,508.31,20.4,8.48,1118.22
2003-6-3,0,4.233600659,1.8208,489.19,21,9.87,1229.85
2003-6-4,13.84,3.526945933,1.7415,290.72,17.8,10.32,1265.88
2003-6-5,6.26,3.966846353,2.305,319.21,20.72,12,1399.6
2003-6-6,0,4.724716162,2.2908,530.03,23.64,10.23,1258.38
2003-6-7,39.97,4.155674858,2.4947,346.5,22,12.86,1469.03
2003-6-8,54.72,3.25343627,9.4861,205.71,19.24,14.21,1616.62
2003-6-9,0,4.310016378,7.7022,446.33,23,13.5,1560
2003-6-10,0,4.923429357,4.8422,499.65,26.03,13.85,1588.27
2003-6-11,0,5.103576904,3.483,480.2,27.96,16.24,1838.45
2003-6-12,5.8,5.203081603,2.7043,340.53,29.5,18.5,2120
2003-6-13,13.25,4.863496699,2.4069,307.68,28.51,19.25,2240.02
2003-6-14,10.86,5.026234853,2.5032,323.17,29.01,19.01,2202.24
2003-6-15,0,4.84481678,2.6136,427.32,27.69,17.99,2071.55
2003-6-16,0,4.280957205,2.5287,427.66,22.92,13.76,1580.42
2003-6-17,2.49,3.846241246,2.1747,386.45,18.84,9.92,1233.94
2003-6-18,33.78,3.854511405,2.8317,273.17,21.45,14.29,1622.86
2003-6-19,12.43,3.979997583,5.0404,274.75,22.94,15.84,1787.54
2003-6-20,7.36,3.540842925,5.6917,217.41,22,16.73,1898.7
2003-6-21,8.72,3.502159163,4.6156,227.1,20.97,15.5,1760
2003-6-22,1.63,3.942618241,3.8228,377.17,21.53,13.85,1587.92
2003-6-23,0,5.222261471,3.0865,512.37,27.65,14.44,1635.03
2003-6-24,0,5.879059384,2.4947,508.78,32,17.26,1961.11
2003-6-25,0,6.030141825,2.0445,503.27,33,17.94,2070.8
2003-6-26,0,5.923398265,1.7103,449.16,34,21.5,2560
2003-6-27,0,5.889084069,1.4555,448.15,33.76,21.26,2521.21
2003-6-28,0,5.0709852,1.1751,409.45,29.5,19.5,2280
2003-6-29,4.23,5.013500358,1.1525,336.06,28.5,18.07,2085.48
2003-6-30,0,5.340766875,1.1383,429.79,30.87,19.93,2314.63
2003-7-1,0,5.281487148,1.1072,447.96,29.8,18.27,2101.76
2003-7-2,8.99,5.100566268,1.0506,342.73,28.25,16.69,1895.03
2003-7-3,26.68,4.251221657,1.4951,251.89,25.83,18.5,2120
2003-7-4,0,5.009127983,1.8519,409.96,29.27,19.3,2247.82
2003-7-5,0,5.494871218,1.7132,407.55,32.79,22.13,2661.26
2003-7-6,6.57,5.63223999,1.4668,328.51,32.79,20.98,2476.83
2003-7-7,7.68,5.524359181,1.3649,330.1,32,20.22,2355.18
2003-7-8,0,5.251960363,1.2686,390.01,31.75,21.78,2604.97
2003-7-9,4.08,5.515425932,1.1723,321.16,32.3,20.74,2438.45
2003-7-10,26.01,4.628721497,1.3535,284.02,27.55,18.64,2142.61
2003-7-11,0,4.628166026,1.5065,371.9,27.95,19.25,2239.55
2003-7-12,0,5.181374684,1.4696,452.2,29.51,17.72,2035.41
2003-7-13,0,4.939559215,1.3677,429.18,28.51,17.79,2045.8
2003-7-14,22.53,4.297664844,1.6084,265.87,26,18,2080
2003-7-15,0,4.486659425,1.9227,402.3,25.99,16.6,1888.05
2003-7-16,0,4.922012957,1.6707,404.15,29.5,19.5,2280
2003-7-17,0,5.166708421,1.3847,460.92,29.5,17.2,1953.86
2003-7-18,0,5.246631396,1.2063,474.03,29.66,16.5,1880
2003-7-19,0,4.672820557,1.1185,390.19,28,18.39,2110.89
2003-7-20,0,5.136665687,1.0619,473.28,28.92,15.66,1773.08
2003-7-21,0,4.809824806,1.0052,375.44,29.5,19.83,2306.33
2003-7-22,5.71,4.702036982,0.9599,247.81,30.36,21.9,2624.38
2003-7-23,5.81,4.294941525,0.9628,232.24,28,20.5,2400
2003-7-24,0,4.084476805,0.9514,302.27,26.78,19.76,2300.55
2003-7-25,0,4.928407992,0.926,441.02,29.11,17.5,2000
2003-7-26,0,5.147041873,0.892,452.95,30.48,18,2080
2003-7-27,0,4.845935734,0.8637,364.81,31.28,22,2640
2003-7-28,0,4.4516163,0.8325,316.53,30.16,22.5,2720
2003-7-29,14.86,4.434933616,1.0562,302.4,27,17.23,1957.34
2003-7-30,0,3.938777613,0.9996,366.35,23.99,15.73,1778.67
2003-7-31,2,3.24147388,0.9883,215.93,23.88,19.34,2254.1
2003-8-1,1.26,4.089411986,0.9458,326.39,27.5,20.13,2341.34
2003-8-2,0,4.274372644,0.8863,333.84,29,21.24,2518.45
2003-8-3,0,4.311422914,0.8382,332.81,29.54,21.75,2600.41
2003-8-4,4.53,4.101691343,0.8269,231.28,28.99,22,2640
2003-8-5,9.04,3.659376085,0.875,202.36,26.77,21,2480
2003-8-6,5.5,4.188901714,0.9005,295.9,27,18,2080
2003-8-7,8.89,3.643039549,0.9571,220.78,26,19.84,2307.2
2003-8-8,20.21,3.738413329,1.3705,227.7,26.87,20.48,2396.22
2003-8-9,0,3.780715141,1.2261,303.76,27.5,21.06,2489.94
2003-8-10,3.02,3.765563889,1.1044,256.14,27.5,21.04,2487.19
2003-8-11,0,3.75349875,1.0675,322.53,27,20.27,2363.97
2003-8-12,0.04,3.971267648,1.0534,354.98,28,20.33,2373.22
2003-8-13,0,4.159444523,0.9968,382.52,28.85,20.25,2360.4
2003-8-14,0,4.628991911,0.9571,420.87,31.5,20.98,2476.83
2003-8-15,0,4.872950016,0.9033,449.33,32.5,20.24,2358.45
2003-8-16,8.43,4.433279513,0.9005,311.75,30.5,20.34,2374.18
2003-8-17,7.69,4.298549174,1.0081,314.46,29.5,19.41,2266.21
2003-8-18,0,4.181406152,0.9033,440.69,28,17.3,1967.82
2003-8-19,0,4.221340975,0.8495,458.56,28,16.47,1874.92
2003-8-20,0,4.328255891,0.79,459.48,29,17,1920
2003-8-21,0,4.228323995,0.7419,407.8,30,20,2320
2003-8-22,0,4.301015069,0.6938,391.47,31.27,21.5,2560
2003-8-23,0,4.395479167,0.6796,444.09,30.5,18.44,2116.18
2003-8-24,0,4.15719229,0.6654,502.26,27.04,11.94,1395.06
2003-8-25,0,4.219085973,0.6315,494.84,28,13,1480
2003-8-26,0,4.104316961,0.6201,410.08,29.64,19,2200
2003-8-27,0.02,4.129043032,0.5947,401.17,30.28,19.72,2297.22
2003-8-28,0,4.163275294,0.572,421.77,30.16,18.6,2136.4
2003-8-29,6.22,4.219939212,0.5578,386.34,30.5,18.08,2086.76
2003-8-30,7.44,4.204548528,0.589,290.05,31.81,21.01,2481.6
2003-8-31,10.99,3.644928168,0.7702,288.93,27,17.08,1933.99
2003-9-1,2.21,3.430492642,0.7447,326.52,26.34,17.84,2054.82
2003-9-2,2.85,3.517768699,0.7249,265.46,28.13,19.94,2321.53
2003-9-3,3.48,3.420617529,0.7051,248.34,27.14,18.82,2170.53
2003-9-4,9.48,3.127682483,0.7561,208.07,26.1,19.36,2258.03
2003-9-5,1.89,3.249787113,0.7957,334.29,25.13,16.26,1841.66
2003-9-6,0,3.459519651,0.7306,428.45,25.5,13.24,1518.45
2003-9-7,0,3.558248499,0.6909,457.61,26.13,11.54,1363.33
2003-9-8,0,3.517047241,0.64,430.66,26.5,13.24,1518.45
2003-9-9,0,3.010880822,0.6003,314.31,24.24,15.99,1799.37
2003-9-10,0,3.065206311,0.5635,386.67,23.14,12.25,1420.05
2003-9-11,0,3.274803249,0.538,439.22,24.71,10.5,1280
2003-9-12,0,2.584709422,0.5777,232.47,22.5,16.5,1880
2003-9-13,18.13,2.813340049,0.8353,190.38,25,18.2,2096.11
2003-9-14,4.06,2.792951267,0.8353,158.59,27.15,21.45,2552.65
2003-9-15,5.02,2.665001467,0.7759,156.8,26,20.5,2400
2003-9-16,7.13,3.034006224,0.7617,260.1,25.88,16,1800
2003-9-17,0,3.070667908,0.7136,398.96,25.49,13.2,1512.9
2003-9-18,16.72,2.583959344,1.1893,196.43,24.09,17.59,2014.29
2003-9-19,13.13,2.750924519,0.8495,209.94,25.55,18,2079.78
2003-9-20,0,3.099837399,0.7192,373.01,27.5,15.98,1798.26
2003-9-21,0,2.883093632,0.6938,340,26.1,16.2,1832.38
2003-9-22,0,2.704092651,0.6541,313.67,24.97,16.21,1834.3
2003-9-23,13.77,2.549892816,0.7108,222.64,23.94,16,1800
2003-9-24,0,2.700276071,0.7646,417.9,23.71,10.02,1241.52
2003-9-25,0,2.732444149,0.7249,387.69,24.95,12.76,1460.6
2003-9-26,0,2.671624334,0.6739,339.41,25.5,15.5,1760
2003-9-27,0,2.607678866,0.64,288.64,26.39,18.22,2097.76
2003-9-28,7.17,2.527682142,0.6485,240.09,24.93,15.78,1782.49
2003-9-29,0,2.373508264,0.6343,389,21.94,9.76,1220.83
2003-9-30,0,2.16267047,0.6145,398.7,19.17,6.51,960.97
2003-10-1,0,2.112578588,0.5862,393.46,18.91,6.33,946.03
2003-10-2,0,1.991345101,0.5663,387.17,17.5,5.22,897.59
2003-10-3,0,1.839193115,0.5437,419.27,15.37,0.36,629.02
2003-10-4,0,1.91907389,0.5324,365.6,17.41,5.7,920
2003-10-5,0,1.91412474,0.5324,383.7,17.73,4.5,840.03
2003-10-6,0,1.903467036,0.5324,383.56,18.1,4.62,849.59
2003-10-7,0,1.939212298,0.5324,393.44,19.35,4.54,842.88
2003-10-8,0,2.086810426,0.5324,373.5,22.31,8.36,1108.46
2003-10-9,0,2.221602265,0.5267,364.74,25,10.74,1299.28
2003-10-10,0,2.088111345,0.5125,327.84,23.49,11.79,1383.2
2003-10-11,2.07,1.814912729,0.5125,207.57,20.96,13.81,1584.44
2003-10-12,14.45,1.985895817,0.5862,233.48,23,12.01,1401.11
2003-10-13,0,1.956457343,0.6003,331.89,23,10.5,1280
2003-10-14,7.23,1.819958571,0.5777,314.58,21.37,7.5,1040
2003-10-15,17.96,1.680863434,0.8353,212.07,19.34,9.38,1190.01
2003-10-16,0,1.644262899,0.773,330.91,19.2,6.31,944.42
2003-10-17,0,1.560800609,0.7108,313.76,18.05,6.24,939.22
2003-10-18,0,1.406633994,0.6796,282.15,15.36,5.26,900.6
2003-10-19,0,1.441912309,0.64,322.78,16.93,4,800
2003-10-20,0,1.393680924,0.6173,343.85,17.02,2.06,720
2003-10-21,0,1.608458045,0.589,251.9,21.31,11.55,1364.13
2003-10-22,1.85,1.496970264,0.5805,290.21,19.76,7.92,1073.41
2003-10-23,0,1.106681101,0.5748,266.39,11,0.99,640
2003-10-24,0,1.083566821,0.5607,318.99,11.62,-1.8,535.74
2003-10-25,0,1.178996069,0.555,341.61,16,-0.5,600
2003-10-26,3.49,1.275201075,0.5578,96.05,18.54,13.71,1569.96
2003-10-27,12,1.329121348,0.6343,128.32,19.24,12.68,1454.25
2003-10-28,22.72,1.192042014,0.7929,196.36,16.31,5.49,908.41
2003-10-29,42.78,1.094210334,1.2969,124.96,14.26,8.09,1087.03
2003-10-30,0,1.108210386,1.5206,294.8,16.2,3.08,766.73
2003-10-31,0,1.188279752,1.2176,299.82,19.51,5.19,895.21
2003-11-1,0,1.296657438,1.0789,302.98,23.57,7.73,1058.67
2003-11-2,0,1.354095663,1.0137,259.93,23.5,11.28,1342.18
2003-11-3,0,1.344954423,0.9543,271.86,24.5,10.99,1319.46
2003-11-4,0,1.390454075,0.909,238.89,25,13.64,1571.13
2003-11-5,8.59,1.385620001,0.9061,148.49,24.81,15.88,1791.6
2003-11-6,19.36,1.246177137,1.3082,132.8,22.19,14.6,1655.5
2003-11-7,10,1.00493003,1.6849,130.82,16.31,9.32,1185.85
2003-11-8,0,0.842265667,1.4895,260.33,13.48,2,720
2003-11-9,0,0.693119575,1.2743,265.62,8.79,-2.92,487.95
2003-11-10,0,0.63157756,1.1157,300.21,9.66,-6.11,391.55
2003-11-11,0,0.702006765,1.0279,290.35,13.26,-2.09,520
2003-11-12,19,0.87174817,1.1553,124.66,14.73,7.74,1058.93
2003-11-13,8.89,0.857259313,1.3507,154.63,15.64,6.58,966.65
2003-11-14,0,0.699161861,1.2686,173.2,9.5,2.48,720
2003-11-15,0,0.714444548,1.1525,217.93,12,2.5,720
2003-11-16,0,0.683500049,1.0534,257.95,13.89,1.22,657.46
2003-11-17,0,0.768429531,0.9968,218.48,15.5,5.46,916.87
2003-11-18,0,0.720476857,0.9486,239.89,15.75,4.02,801.52
2003-11-19,28.67,0.863039536,1.0024,107.65,17.5,11.34,1347.19
2003-11-20,27.36,0.752356732,2.0048,158.06,16.28,6.59,967.3
2003-11-21,0,0.637726433,2.4041,259.89,16.91,2.81,744.44
2003-11-22,0,0.640297062,2.0926,255.23,17.5,3.54,800
2003-11-23,0,0.610750695,1.7188,253.26,17,3,760
2003-11-24,0,0.580806363,1.4838,253.44,16.5,2.4,720
2003-11-25,2,0.499018868,1.3196,251.21,12.8,-1,560.25
2003-11-26,0,0.480636966,1.195,225.93,9.4,-2,520
2003-11-27,0,0.516102898,1.1185,227.8,12.65,0.63,640
2003-11-28,0,0.58915774,1.0789,220.53,16.48,4.5,840
2003-11-29,6.23,0.527691334,1.2573,188.1,13.04,2.02,720
2003-11-30,0,0.527794451,1.2488,153.33,9.03,1.99,719.46
2003-12-1,0,0.510398652,1.178,201.03,11.8,1.84,707.41
2003-12-2,0,0.414729722,1.1044,223.84,9.16,-2.57,514.72
2003-12-3,0,0.34079699,1.0364,221.3,3.37,-7.74,340.55
2003-12-4,0,0.345371055,1.0024,215.46,3.83,-7,360
2003-12-5,20.73,0.402991184,1.2431,130.79,4.86,-3.25,480
2003-12-6,16.59,0.402973194,2.1832,115.16,3.85,-3.15,480
2003-12-7,0,0.367177158,2.2597,128.75,0.29,-5.37,410.71
2003-12-8,0,0.352738407,1.9227,170.27,1.88,-5.89,396.91
2003-12-9,0,0.328675549,1.6282,217.41,5.07,-6.16,387.6
2003-12-10,0,0.346624265,1.464,233.87,10.54,-2.73,501.99
2003-12-11,35.79,0.434240307,2.1323,160,13.5,2,720
2003-12-12,0,0.383526977,2.8232,208.9,9.5,-1.32,560
2003-12-13,0,0.344981129,2.4098,192.52,4.5,-4.8,440
2003-12-14,13.85,0.380403826,2.2738,164.77,7.97,-1.78,537.83
2003-12-15,11.63,0.41595103,2.6533,149.73,7.95,-0.14,600
2003-12-16,0,0.342766166,2.3843,212.73,8,-3.24,480
2003-12-17,6,0.340823719,2.0841,173.73,12.66,-1,560
2003-12-18,3.16,0.376101157,1.9709,169.48,7.45,-1.87,530.12
2003-12-19,0,0.338149654,1.7953,176.36,3.43,-5.06,434.84
2003-12-20,0,0.346523309,1.6169,172.99,3.71,-4.52,440
2003-12-21,0,0.320560264,1.4753,201.21,4.36,-5.66,400
2003-12-22,0,0.35814695,1.3819,211.27,9,-2.01,520
2003-12-23,0,0.460304776,1.3167,190.31,13,3.38,789.55
2003-12-24,25.34,0.484923009,1.5376,142.76,14,4.5,840
2003-12-25,5.77,0.392799657,2.1266,181.3,9.24,-0.65,588.15
2003-12-26,0,0.390600494,2.0586,169.03,5.38,-2.1,520
2003-12-27,0,0.37220625,1.8349,209.48,8,-2.2,520
2003-12-28,0,0.294087012,1.6622,248.43,10.5,-4.51,440
2003-12-29,0,0.310952442,1.515,248.32,12.5,-2.85,492.36
2003-12-30,1,0.410137572,1.4187,222.69,12.65,0.71,640
2003-12-31,0,0.366820502,1.3309,230.26,10.5,-2.05,520
2004-1-1,0,0.387006631,1.2828,237.12,10.36,-1.5,560
2004-1-2,1,0.429749469,1.2459,216.61,9.5,-0.25,600
2004-1-3,0,0.520155469,1.212,219.41,14.97,4.5,840
2004-1-4,0,0.577683566,1.2091,217.48,17.13,6.65,971.75
2004-1-5,6.98,0.545352871,1.229,136.08,11.86,4.36,828.48
2004-1-6,10.82,0.414385417,1.3734,166.04,7,-2.71,503.04
2004-1-7,0,0.353669504,1.3394,216.11,1.5,-7.46,360
2004-1-8,0,0.370916528,1.2573,168.06,-0.31,-6.6,360
2004-1-9,0,0.344101515,1.195,219.11,-0.02,-8.96,320
2004-1-10,0,0.273677454,1.1298,236.48,-5.12,-15.09,200
2004-1-11,0,0.279697661,1.0845,259.6,-3.27,-15.33,198.42
2004-1-12,0,0.441406941,1.0619,209.99,4.5,-3.82,458.67
2004-1-13,0,0.461803065,1.0449,242.99,7.73,-3,480
2004-1-14,0,0.367698937,1.0336,264.58,2.63,-9.72,280
2004-1-15,1.23,0.349322081,1.0336,278.34,-0.95,-11.53,244.87
2004-1-16,0,0.330851525,0.9883,273.08,-3.21,-13.23,221.61
2004-1-17,0,0.392670374,0.9798,262.71,0,-9.33,294.93
2004-1-18,10.45,0.477520664,1.11,162.58,2.83,-4.22,440
2004-1-19,9.45,0.459677093,1.2799,142.56,1,-5.32,414.58
2004-1-20,0,0.437619312,1.212,170.79,-1,-6.5,360
2004-1-21,0,0.425864139,1.1298,230.15,-0.82,-8.74,320
2004-1-22,0,0.461176497,1.0704,292.25,3.49,-8.74,320
2004-1-23,0,0.430419951,1.0194,267.54,-0.5,-10.28,280
2004-1-24,1,0.38552066,0.9345,208.86,-5.08,-11.26,259.22
2004-1-25,0,0.370217477,0.9203,288.68,-5.05,-14.74,200
2004-1-26,8,0.424847711,0.9769,198.49,-2.99,-11.25,260.33
2004-1-27,3.48,0.516925638,0.9854,166.84,0.56,-5.97,391.42
2004-1-28,6.01,0.515589171,1.0449,140.7,-0.25,-5.5,401.61
2004-1-29,0,0.512631274,1.0109,260.94,-0.13,-7.96,329.1
2004-1-30,0,0.50331753,1.0024,243.1,-1.26,-8.27,320
2004-1-31,0,0.469764934,1.0024,267.55,-3.1,-10.84,280
2004-2-1,0,0.522427761,1.0024,331.65,0,-11.19,264.44
2004-2-2,0,0.574727909,1.0024,361.39,3.22,-11.16,267.6
2004-2-3,6.13,0.697770788,1.1582,324.78,7.5,-6.27,378.26
2004-2-4,21.08,0.749459051,1.7613,202.76,6.5,-1.11,560
2004-2-5,0,0.687916909,1.7953,300.63,4,-5,440
2004-2-6,17,0.790621895,1.8944,220.04,7.08,-1.6,551.97
2004-2-7,22.96,0.848274049,3.7378,193.42,8.29,1,640
2004-2-8,0,0.720022731,3.6812,295.87,3.5,-4.99,440
2004-2-9,0,0.76157032,3.0299,349.66,4.99,-6.26,379.22
2004-2-10,0,0.929087156,2.4352,322.17,9.48,-0.24,600
2004-2-11,0,0.882025574,2.1662,332.32,7.5,-2.5,520
2004-2-12,0,0.829836578,1.8859,301.47,5.14,-3.42,480
2004-2-13,0,0.878678665,1.7047,288.16,6.14,-2.06,520
2004-2-14,0,0.950497612,1.5688,340.62,8,-3,480
2004-2-15,0,0.887223909,1.4725,344.31,5.55,-5.38,409.54
2004-2-16,0,0.773028138,1.3819,347.35,1.5,-9.27,298.67
2004-2-17,4.65,0.845464287,1.2941,295.23,3.45,-9,320
2004-2-18,3,0.953258402,1.2828,253.35,5.75,-3.54,476.82
2004-2-19,0,1.102504369,1.2912,385.73,9.41,-2.73,501.66
2004-2-20,0,1.127374711,1.3167,390.82,9.5,-2.94,484.44
2004-2-21,0,1.248406584,1.3196,312.29,11.8,2.62,734.25
2004-2-22,0,1.2035475,1.2912,335.05,10.11,0,600
2004-2-23,0,1.156063818,1.2686,375.65,8.5,-3.99,441.04
2004-2-24,0,1.168278081,1.2176,329.89,8.23,-1.5,560
2004-2-25,0,1.119898822,1.1865,354.92,6.5,-4.64,440
2004-2-26,0,1.098603287,1.144,348.63,5.5,-5.24,420.55
2004-2-27,0,1.159658555,1.1157,320.46,6.57,-2.95,484.11
2004-2-28,0,1.404946259,1.0817,403.99,11.69,-4.14,440
2004-2-29,0,1.640796757,1.0619,417.18,16.5,-2.26,520
2004-3-1,0,1.745337448,1.0336,404.9,17.5,0.06,605.07
2004-3-2,2.02,1.863442722,1.0562,342.75,18.5,6.41,952.5
2004-3-3,0,1.852524232,1.0675,380,17.73,3.5,800
2004-3-4,1,1.656226871,1.0675,282.47,14.49,6,920
2004-3-5,0,1.810493604,1.0562,313.87,16.36,6.51,960.54
2004-3-6,18.43,2.047509434,1.2884,254.09,19.55,8.24,1099.22
2004-3-7,4.62,1.812972316,1.6169,264.66,14.99,3.53,800
2004-3-8,10.44,1.509068022,1.9255,201.54,10.14,2.49,720
2004-3-9,0,1.365414389,2.1323,248.67,7.3,0.5,640
2004-3-10,1,1.317443296,1.9114,217.6,6.71,1,640
2004-3-11,0,1.62565291,1.6169,326.29,10.31,1.01,640.97
2004-3-12,0,1.71221058,1.43,359.55,11,0.35,628.25
2004-3-13,0,1.521647614,1.3054,338.33,7.5,-2,520.25
2004-3-14,0,1.578623241,1.2176,402.09,7.5,-5,440
2004-3-15,0,1.991941024,1.1695,389.93,13.96,1.78,702.31
2004-3-16,12.22,1.817106762,1.2205,268.85,11.16,0.83,640
2004-3-17,7.8,1.058951211,1.4583,89.37,2.5,-0.24,600
2004-3-18,1.03,1.445129992,1.4781,276.88,5.54,-1.31,560
2004-3-19,18.29,1.587670028,1.9227,240.95,7,-1.16,560
2004-3-20,0,1.783008526,2.4154,427.94,8.48,-4.17,440
2004-3-21,0.33,1.992722795,2.1294,377.03,12,1.8,703.85
2004-3-22,0,1.714684209,1.7896,403.36,7,-4,440
2004-3-23,0,1.735928735,1.5546,462.65,6.5,-8,320
2004-3-24,0,2.095936007,1.4045,445.88,11.5,-1.99,526.26
2004-3-25,2.43,2.333313855,1.3677,354.26,15.1,3.98,800
2004-3-26,0,2.627668969,1.3281,379.36,19,8.36,1108.85
2004-3-27,1,2.81297646,1.2828,377.39,21.04,10.36,1268.48
2004-3-28,0,2.456608559,1.2431,371.41,16.25,6.34,947.54
2004-3-29,0,2.018999872,1.1865,339.99,10.54,2.25,720
2004-3-30,0,1.811281455,1.1468,294.74,8.32,1.72,697.83
2004-3-31,5,1.70137537,1.2035,168.23,8.5,3.81,800
2004-4-1,5.35,1.932271663,1.4357,196.93,11,5.5,920
2004-4-2,1.74,1.758512558,1.5178,222.81,9.42,5,880
2004-4-3,3.48,1.805997657,1.4923,199.7,9.13,4.21,816.82
2004-4-4,4.21,2.032864156,1.498,271.47,9.5,2,720
2004-4-5,7.98,1.999294907,1.6367,328.94,8,-0.5,600
2004-4-6,0,2.386197642,1.5291,480.62,11.36,-0.5,600
2004-4-7,0,3.081999252,1.3847,496.6,18.76,4.7,856.12
2004-4-8,0,2.86090794,1.2941,486.73,16.19,3.25,779.65
2004-4-9,2.1,2.780134848,1.2743,448.65,15.5,4.05,804
2004-4-10,0,2.983820124,1.2176,507.62,16.5,1.9,711.97
2004-4-11,3.74,2.416590478,1.2205,279.08,12.52,4.5,840
2004-4-12,18.17,1.575800557,1.3422,106.72,7.98,5.39,911.16
2004-4-13,48.19,2.374355042,5.2669,257.68,12.5,5.56,920
2004-4-14,14.42,2.46039752,7.8721,246.57,14,7.5,1040
2004-4-15,10.45,2.729687699,6.1448,324.77,14.38,5,880
2004-4-16,0,2.984656683,4.644,504.77,15.2,2.19,720
2004-4-17,0,3.523990367,3.5679,520.55,20.02,4.79,863.18
2004-4-18,0,4.151717061,2.7864,505.54,25.91,10.34,1267.18
2004-4-19,0,4.390283371,2.2965,517.07,27.43,10.17,1253.72
2004-4-20,0,4.220241438,1.9878,483.68,26.47,12.3,1424.25
2004-4-21,0,3.331855479,1.8038,411.84,19.69,9.99,1239.49
2004-4-22,0,3.582328911,1.682,417.63,21.99,12,1400
2004-4-23,0,4.290111878,1.5999,503.65,25.95,10.98,1318.41
2004-4-24,0,4.01243609,1.6226,513.7,23,8,1079.91
2004-4-25,0,3.408602028,1.5603,491.41,17.63,5,880.36
2004-4-26,12.62,3.484775629,1.5093,304.75,20.39,10.93,1314.72
2004-4-27,14.55,3.716572549,2.0133,344.89,21,9.5,1200
2004-4-28,0,3.429592617,2.2908,500.3,17,4,800.25
2004-4-29,0,3.676968819,2.036,487.57,19.38,6.58,966.24
2004-4-30,0,3.835471884,1.7641,425.9,22.18,11.53,1362.39
2004-5-1,0,4.100273369,1.5603,438.34,23.99,12.5,1440
2004-5-2,0,3.832089607,1.4583,347.46,23.99,15.49,1759.51
2004-5-3,9.51,4.040768321,1.5178,354.77,22,9,1160
2004-5-4,0,3.13979036,1.6905,414.16,14.5,4.53,842.5
2004-5-5,0,3.773774536,1.648,479.11,19,6,920
2004-5-6,0.14,3.993860014,1.515,471.15,21,8.11,1088.5
2004-5-7,0,4.675926325,1.4158,502.29,25.92,10.5,1280
2004-5-8,0,4.303197091,1.3281,466.56,23.5,10.5,1280
2004-5-9,0,3.910512246,1.2629,456.8,20.1,8,1080
2004-5-10,8.08,4.608482374,1.2205,339.3,26.15,13.45,1551.57
2004-5-11,0,4.89926707,1.178,425.8,29,16.84,1907.36
2004-5-12,0,5.07412749,1.1242,424.88,30.06,17.5,2000
2004-5-13,0,5.024757084,1.0817,423.12,29.5,17,1920.06
2004-5-14,0,4.780795545,1.0506,398.98,28.05,16.65,1892.23
2004-5-15,0,4.873603013,1.0052,387.29,28.99,17.86,2056.87
2004-5-16,0,5.057907229,0.9599,432.83,29,16.09,1813.66
2004-5-17,0,4.455500712,0.9288,353.88,26.5,17,1919.75
2004-5-18,0,4.578824379,0.892,364.3,27.21,17.42,1987.18
2004-5-19,8.41,4.624865771,0.875,279.97,27.36,17.44,1990.01
2004-5-20,0,3.991454819,0.8665,337.79,23,14.75,1680.45
2004-5-21,0,3.994012037,0.9769,335.99,23.02,14.85,1695.86
2004-5-22,0,4.583968298,1.2403,369.89,27,17.43,1988.49
2004-5-23,0,5.294077655,1.0732,399.08,31.52,20.3,2368.69
2004-5-24,0,5.319546662,0.9911,384.49,32.18,21.48,2556.31
2004-5-25,5.61,5.198927752,0.9628,317.75,30,18.3,2103.76
2004-5-26,9,4.315554163,1.0279,265.88,25.1,16.44,1871.12
2004-5-27,0,3.901956881,0.9939,314.31,22.85,15.59,1767.11
2004-5-28,2,4.525221971,1.0081,376.2,26.2,16.96,1916.75
2004-5-29,0,4.714643408,0.9684,479.08,24.5,11.76,1380.55
2004-5-30,0,4.540416578,0.9203,505.74,22.26,8.5,1120.37
2004-5-31,13.92,3.516366089,0.9628,198.64,21,15.19,1734.69
2004-6-1,10,3.937641764,1.1751,250.56,22.3,14.74,1678.45
2004-6-2,8.66,4.92709597,1.2743,349.72,26.34,14,1600
2004-6-3,0,4.817490703,1.1468,446.45,26.01,14.53,1644.15
2004-6-4,0,4.412518454,1.0874,420.23,23.5,13.37,1539.05
2004-6-5,12.51,2.950572256,1.1695,134.66,19.57,15.87,1789.45
2004-6-6,4.71,2.498186442,1.2573,104.59,17.43,14.82,1691.18
2004-6-7,0,4.1371275,1.1893,408.15,22,13.05,1487.73
2004-6-8,0,5.089433129,1.0987,480.56,27.37,15,1720
2004-6-9,0,5.585342485,1.0307,475.47,31,18,2080
2004-6-10,0,5.678038521,0.9656,462.1,32,19.36,2256.84
2004-6-11,11.45,4.466810249,1.0081,325.33,23.92,14,1600
2004-6-12,0,4.173103408,1.0364,448.37,20.99,11,1320.25
2004-6-13,0,4.509290599,0.9458,477.7,22.9,11.59,1367.28
2004-6-14,0,4.306119707,0.8948,351.4,25.59,18,2080
2004-6-15,0,4.699385306,0.8608,365.3,28.5,20.29,2367.18
2004-6-16,1.26,4.662791551,0.807,316.6,29,21.27,2523.33
2004-6-17,3.98,4.913823935,0.7872,278.12,30.03,21.5,2560
2004-6-18,4,5.357777345,0.7787,310.36,31.68,21.5,2560
2004-6-19,0,5.221340421,0.7306,418.53,30.5,20.34,2375.08
2004-6-20,0,4.937324912,0.6796,503.18,25.5,12.72,1457.22
2004-6-21,0,4.869140244,0.6428,516.08,24.5,11.09,1327.21
2004-6-22,0,4.816450162,0.623,411.15,27.57,18,2080
2004-6-23,0,4.659527435,0.6683,379.02,27.55,19,2200
2004-6-24,0,4.743948406,0.7192,415.41,27,17.49,1998.73
2004-6-25,0,4.867858389,0.6938,411.72,28.09,18.5,2120
2004-6-26,0,5.090915973,0.657,447.02,28.5,17.5,2000
2004-6-27,0,5.295643177,0.6173,521.71,27.5,12.85,1467.68
2004-6-28,0,4.97515527,0.5947,464.71,27.02,15.48,1758.11
2004-6-29,1.48,4.884457082,0.5805,447.39,27,16.23,1836.76
2004-6-30,0,5.215256015,0.5663,489.29,28,15,1709.91
2004-7-1,0,5.173516705,0.5437,455.17,28.73,17,1920.49
2004-7-2,0,4.92011007,0.5324,393.86,29,19.5,2280
2004-7-3,0,5.189838672,0.5324,444.62,29.35,18,2080
2004-7-4,1.55,5.154693392,0.5182,455.66,28.74,17,1920.49
2004-7-5,0.06,4.984621375,0.4955,352.06,31,22.3,2687.29
2004-7-6,0,5.436067226,0.4842,427.07,31.5,19.97,2317.92
2004-7-7,0,5.502150563,0.4672,475.21,30.5,17,1906.56
2004-7-8,0,5.387521922,0.4502,418.2,31.5,20.22,2354.51
2004-7-9,0,5.390791525,0.4389,453.6,30.5,18,2057.56
2004-7-10,0,5.440504181,0.4276,502.7,29.5,14.75,1620.88
2004-7-11,0,5.322307315,0.4248,440.04,30.5,18.46,2114.81
2004-7-12,47.77,4.321917645,0.4729,212.91,28.5,21.69,2590.5
2004-7-13,46.8,3.914004338,0.7787,204.57,25.5,19.35,2255.85
2004-7-14,5.6,4.553000481,0.8184,356.23,26.5,17,1920
2004-7-15,17.6,4.852991903,0.9373,309.66,28.26,17.74,2038.45
2004-7-16,0,4.993247381,0.807,434.7,28.66,17.15,1943.46
2004-7-17,0,5.002195926,0.7164,411.9,29.48,18.6,2135.69
2004-7-18,8.86,4.43144976,0.6541,245.88,28,20.01,2320.84
2004-7-19,10.6,3.962058823,0.6003,207.38,26.15,19.74,2299.22
2004-7-20,0,4.740106834,0.5777,374.53,29.19,19.79,2303.37
2004-7-21,0,5.167004164,0.5352,438.71,30.5,18.59,2134.46
2004-7-22,0,5.142743582,0.5069,422.25,30.9,19.5,2280
2004-7-23,0,4.382254086,0.487,288.41,30,22.94,2790.14
2004-7-24,0,4.033740357,0.487,278.96,27.5,21,2480.49
2004-7-25,0.06,3.100630658,0.4984,179.33,23.64,19.79,2303.42
2004-7-26,0,3.776977532,0.5125,302.85,24.46,17.81,2048.89
2004-7-27,0,4.269354867,0.4899,332.73,28.18,20.5,2400
2004-7-28,19.44,3.836094039,0.5493,206.45,27.01,21,2480
2004-7-29,5.59,4.56693242,0.6739,359.96,28.5,18.75,2160.65
2004-7-30,0,4.627222012,0.6343,380.6,30.05,20.9,2464.74
2004-7-31,0,4.368107291,0.5409,320.03,30.5,23.1,2816.51
2004-8-1,9.62,3.903549015,0.5663,207.28,28.53,22.5,2720
2004-8-2,0,4.034454766,0.6485,321.55,28,21,2480
2004-8-3,0.55,3.916751954,0.606,305.79,27.83,21.29,2526.18
2004-8-4,1.61,4.750815181,0.5635,426.83,30.5,19.92,2313.65
2004-8-5,6.04,4.217581177,0.6796,285.48,28,19.5,2279.81
2004-8-6,0,3.873976938,0.6343,424.42,23.63,14.44,1635.27
2004-8-7,0,3.998077997,0.538,485.04,23,11.5,1360
2004-8-8,0,4.373305705,0.487,512.67,25.5,11.76,1380.6
2004-8-9,0,4.608036415,0.4587,483.34,28.5,15.75,1779.77
2004-8-10,0,4.521856307,0.4389,453.31,28.97,17.62,2019.71
2004-8-11,0,4.108148553,0.4134,352.01,29.15,21.26,2521.76
2004-8-12,0,3.957009463,0.4078,324.65,29,21.83,2612.21
2004-8-13,2.45,3.501462251,0.4502,245.12,27.42,21.88,2620.36
2004-8-14,25.24,3.516050893,0.5352,232.72,25.85,19.5,2280
2004-8-15,16.01,3.46904399,1.0307,237.48,25.42,19.03,2205.52
2004-8-16,15.33,3.561099743,1.1327,259.6,25.5,18.43,2114.63
2004-8-17,0,4.067167493,1.1129,444.2,27,16.49,1877.62
2004-8-18,0,3.889863646,0.9373,374.24,27.91,19.61,2289
2004-8-19,0,3.826470242,0.8325,336.2,29,21.65,2583.46
2004-8-20,0,4.200077019,0.7136,371.73,31.23,22.5,2720
2004-8-21,0,4.254014246,0.572,411.74,30.52,20.49,2398.83
2004-8-22,0,4.035515588,0.5239,482.86,26.5,13.69,1574.8
2004-8-23,0,4.033242502,0.4757,486.56,26.5,13.12,1499.98
2004-8-24,0,3.874755547,0.4672,426.75,27,16.45,1871.93
2004-8-25,0,3.444528865,0.4361,340.86,25.79,18.2,2096.07
2004-8-26,0,3.712147127,0.4276,405.88,26.5,16.66,1892.83
2004-8-27,0,3.83287799,0.4163,399.22,28,18,2080
2004-8-28,0,4.011725563,0.3908,389.88,30.12,20,2320
2004-8-29,0,4.040669707,0.3879,408.92,30,19,2200
2004-8-30,5.71,3.757784833,0.3908,262.08,29.5,20.74,2438.45
2004-8-31,25.17,3.501504828,0.6938,244.36,28.02,20.14,2342.57
2004-9-1,0,3.850015729,0.6768,442.86,28,15.26,1740.83
2004-9-2,0,3.701911822,0.6003,416.16,27.5,16.03,1804.15
2004-9-3,0,3.680502747,0.5069,420.57,27.44,15.65,1771.78
2004-9-4,0,3.588761742,0.4644,387.47,27.67,17.18,1948.3
2004-9-5,0,3.373413005,0.4531,374.79,26.1,16.28,1844.52
2004-9-6,0,3.071148063,0.4361,328.92,24.5,16.44,1864.51
2004-9-7,0,3.355737867,0.4219,361.88,27,17.58,2013.2
2004-9-8,3.36,3.107593929,0.4134,200.22,28,21.44,2550.8
2004-9-9,0,3.071698096,0.4163,267.04,28,21.5,2560
2004-9-10,0,3.513514908,0.3908,402.07,28.5,17.04,1926.36
2004-9-11,0,3.183553111,0.3879,376.61,26,16,1800
2004-9-12,0,3.231446418,0.3851,428.31,25.5,12.74,1459.22
2004-9-13,0,3.413244812,0.371,414.18,28,15.19,1735.07
2004-9-14,0,3.154593431,0.3794,353.92,26.93,17,1920
2004-9-15,3.91,2.449403894,0.4361,166.19,23,17.56,2009.45
2004-9-16,6,2.582796159,0.4502,179.63,24.5,18.5,2120
2004-9-17,0,2.77387771,0.4248,260.85,26.5,19.71,2296.83
2004-9-18,7.2,2.891145893,0.4474,246.51,26,17,1920
2004-9-19,0,2.673679932,0.4616,399.36,21.98,10.34,1267.41
2004-9-20,0,2.584214822,0.4134,410.42,21,8.7,1136.2
2004-9-21,0,2.891872081,0.3851,437.42,25,9.5,1200
2004-9-22,0,3.140996044,0.3738,428.3,28.5,12.4,1431.61
2004-9-23,0,3.128659045,0.3568,397.54,29,15.01,1721.11
2004-9-24,0,2.897283019,0.3511,390.9,26.81,13.5,1560
2004-9-25,0,2.702714994,0.3426,399.42,24.74,11,1320
2004-9-26,0,2.647746028,0.3455,357.66,25,13.5,1560
2004-9-27,0,2.584812479,0.354,334.15,25,14.49,1639.37
2004-9-28,15.01,2.423402278,0.3908,184.91,25.48,18.22,2097.3
2004-9-29,17.32,2.176153805,0.555,166.82,23.05,16.75,1899.78
2004-9-30,2.55,2.061120099,0.5125,209.2,21.04,14.38,1630
2004-10-1,0,2.330013105,0.4899,382.43,22.72,9.53,1202.08
2004-10-2,11.38,2.222963467,0.4757,235.92,22.5,12.87,1469.25
2004-10-3,0,2.012169417,0.4927,286.75,20.21,11.88,1390.41
2004-10-4,0,2.156150169,0.4332,367.81,21.75,9.23,1178.38
2004-10-5,0,2.041924734,0.3738,376.43,20.43,7.24,1019.22
2004-10-6,0,1.866643632,0.3313,392.94,18.08,3.48,798.72
2004-10-7,0,2.057584517,0.3171,389.08,22,6.49,959.5
2004-10-8,0,2.172158827,0.3171,382.16,24.5,8.5,1120
2004-10-9,0,2.0917605,0.3115,341.62,23.5,10.5,1280
2004-10-10,0,1.956918067,0.3087,303.88,22,11.25,1339.78
2004-10-11,0,1.749129563,0.3002,341.47,18.78,6.05,924.21
2004-10-12,0,1.624968726,0.303,350.77,17.06,3.7,800
2004-10-13,0,1.632258936,0.3058,361.69,18,3.37,789.63
2004-10-14,7,1.567428472,0.354,189.95,17.39,8.8,1143.93
2004-10-15,5,1.502703191,0.3993,131.94,18.09,12.26,1420.6
2004-10-16,5.51,1.556674771,0.4361,206.49,18,8.1,1087.89
2004-10-17,0,1.451890505,0.3794,323.35,16.49,3.76,800
2004-10-18,0,1.408147881,0.3483,351.58,16.83,1.33,666.54
2004-10-19,28.51,1.398417558,0.4106,130.75,17.46,11.31,1345.04
2004-10-20,3.31,1.033656235,0.538,49.66,14.14,12.23,1418.38
2004-10-21,3.49,1.111192433,0.5607,82.69,13.48,10,1240.34
2004-10-22,2,1.176945003,0.5324,161.85,14,8.8,1143.91
2004-10-23,0,1.220217814,0.4927,245.16,14.5,6.22,937.7
2004-10-24,0,1.131288044,0.4587,211.2,13,6.19,935.42
2004-10-25,0,1.163476318,0.4644,245,14.17,5.99,920
2004-10-26,0,1.19284423,0.4446,238.41,15.5,7.5,1040
2004-10-27,0,1.227379305,0.4332,300.13,17.4,5.74,920
2004-10-28,0,1.1993794,0.4276,298.72,17.43,5.5,920
2004-10-29,0,1.12348584,0.4248,290.75,16,4.47,837.52
2004-10-30,5.2,1.142671841,0.4672,121.75,16.89,11.29,1343.04
2004-10-31,0,1.361922288,0.4729,228.6,22.26,13.48,1556.65
2004-11-1,0,1.233218257,0.4389,287.97,21,8.48,1118.42
2004-11-2,0,1.147112613,0.4304,270.93,19,7.76,1060.55
2004-11-3,0,1.126743568,0.4248,260.05,18.84,8.24,1099.22
2004-11-4,11.12,0.949006894,0.5267,265.31,15.63,2.81,744.75
2004-11-5,32.42,0.919866044,0.8863,170.78,13.46,5,880
2004-11-6,0,0.894560847,0.8127,290.6,15.31,2.5,720
2004-11-7,0,0.951466293,0.6258,298.48,19,4.37,829.26
2004-11-8,0,0.877882218,0.5437,293.99,17,3,760
2004-11-9,0,0.692306953,0.5097,268.14,9,-2,520
2004-11-10,0,0.648621836,0.5012,286.8,9,-3.8,456.07
2004-11-11,0,0.757358006,0.4899,268.78,13.3,1.55,683.82
2004-11-12,31.61,0.757930466,0.6371,169.41,12.05,3.3,784.25
2004-11-13,32.4,0.676590247,1.413,150.71,8.76,1.37,669.25
2004-11-14,0,0.616497356,1.2941,258.59,9,-2,524.03
2004-11-15,0,0.622672227,1.0619,281.3,12.5,-1.45,552.9
2004-11-16,0,0.646204227,0.943,280.54,14.97,0.36,628.73
2004-11-17,0,0.618683324,0.858,281.54,15.24,0,600.25
2004-11-18,0,0.677371918,0.7419,251.01,15,2.98,758.57
2004-11-19,0,0.732396586,0.6598,215.34,15.63,5.87,920
2004-11-20,2,0.763405541,0.6343,169.45,15.5,8.16,1092.75
2004-11-21,0.04,0.737226104,0.6145,131.42,14,8.48,1118.42
2004-11-22,2.02,0.707020305,0.6031,142.99,13.5,7.42,1033.8
2004-11-23,1,0.704142993,0.6031,100.03,12.9,8.79,1143.42
2004-11-24,2,0.732402402,0.6116,101.88,14.5,10.24,1259.22
2004-11-25,3,0.682457422,0.6513,169.74,18.56,7,1000
2004-11-26,0,0.472570915,0.6683,250.5,12.24,-1.24,560
2004-11-27,0,0.460296643,0.623,245.26,11.5,-1.5,560
2004-11-28,31.43,0.577450152,0.943,164.68,15.49,4.32,825.78
2004-11-29,0,0.489266196,1.076,226.6,12.5,0.78,640
2004-11-30,0,0.455696195,0.9345,227.52,11.38,-0.5,600
2004-12-1,9.46,0.538968717,0.9486,152.43,13.89,3.7,800
2004-12-2,4.54,0.439500929,0.9288,191.49,11.7,-0.36,599.46
2004-12-3,0,0.422495331,0.8608,219.21,10.03,-1.29,558.81
2004-12-4,0,0.335527678,0.7759,245.53,9,-5.25,420.29
2004-12-5,0,0.395991168,0.7079,231.43,12.13,-1,560
2004-12-6,0,0.439914154,0.6796,212.5,12.36,1,640
2004-12-7,5.66,0.590438988,0.7249,103.56,13.8,7.31,1024.44
2004-12-8,5.31,0.549860956,0.7617,146.3,16.6,6.44,954.82
2004-12-9,0,0.422391034,0.7391,220.13,13.58,1.45,676.36
2004-12-10,11,0.586512342,0.9883,97.34,13.67,7.69,1055.59
2004-12-11,4,0.56124023,1.0534,114.23,13.95,6.82,985.33
2004-12-12,1.96,0.469627834,0.943,162.98,10,2.5,720
2004-12-13,0,0.476499115,0.858,145.13,9.19,2.71,736.75
2004-12-14,0,0.372797305,0.7815,199.37,7.5,-2.19,520
2004-12-15,0,0.319464839,0.7192,203,3.5,-6.19,384.49
2004-12-16,0,0.283130183,0.6909,234.58,5.36,-7.3,360
2004-12-17,0,0.309359277,0.6796,234.91,8.63,-4.3,440
2004-12-18,0,0.285536549,0.6654,243.48,9.5,-4.84,440
2004-12-19,0,0.29278755,0.6626,238.91,9,-4.79,440
2004-12-20,0,0.233689241,0.6824,243.44,2.5,-11.66,240
2004-12-21,0,0.252952009,0.6541,228.68,1.61,-10.81,279.36
2004-12-22,0,0.277487825,0.6541,241.42,10.35,-4.75,440
2004-12-23,5.23,0.403517543,0.7844,197.62,15,2.2,719.7
2004-12-24,24.58,0.357667465,1.2912,153.65,9,-2.21,520
2004-12-25,0,0.32303907,1.1129,169.5,1.5,-6.74,360
2004-12-26,0,0.334908509,0.9514,148.54,0.5,-6.35,375.52
2004-12-27,1,0.332658709,0.8552,155.28,-0.5,-6.76,360
2004-12-28,0,0.266873715,0.7617,241.79,0,-11.26,259.22
2004-12-29,0,0.381592244,0.7334,192.53,6.8,-2.64,509.07
2004-12-30,0,0.36699184,0.7277,221.63,9.44,-2.5,518.29
2004-12-31,0,0.381933927,0.7051,207.08,8.12,-2.57,513.68
2005-1-1,0,0.420719433,0.7023,245.07,16.64,2.35,720
2005-1-2,0,0.403930311,0.6796,243.64,13.52,0.23,618.14
2005-1-3,0,0.483133677,0.6796,219.37,13.27,2.73,738.38
2005-1-4,0.85,0.593168775,0.6796,197.83,16.11,7,1000
2005-1-5,10.59,0.550064974,0.79,111.1,10.45,4.5,840
2005-1-6,6.04,0.541371487,0.8863,93.93,8.74,3.84,800
2005-1-7,0,0.517144923,0.8438,156.08,8.46,2.25,720
2005-1-8,8.15,0.536643567,0.8948,114.86,8.98,2.93,754.32
2005-1-9,0,0.487332459,0.9798,175.91,7,0,600
2005-1-10,0,0.503684285,0.8948,186.04,8.02,0.5,640
2005-1-11,0,0.480144502,0.8184,226.29,9,-1,560
2005-1-12,3.49,0.56723495,0.8552,106.43,8.56,3.18,774.56
2005-1-13,0,0.633638504,0.824,199.53,13.68,5.3,903.68
2005-1-14,21.35,0.588767118,1.1072,194.74,17.38,3.5,800
2005-1-15,0,0.483067394,1.5433,242.64,7.79,-2.92,486.62
2005-1-16,0,0.470444506,1.2856,123.66,1.55,-2.78,497.59
2005-1-17,0,0.426920483,1.1242,175.02,0,-6.34,372.51
2005-1-18,0,0.355394544,1.0081,203.18,-4,-11.5,240
2005-1-19,0,0.343633278,0.9345,237.83,-4.13,-13.5,200
2005-1-20,0,0.426144434,0.892,217.89,-0.2,-8.37,320
2005-1-21,0,0.400471077,0.8438,252.07,-1,-11.15,268.01
2005-1-22,0,0.372361197,0.7957,287.27,-1.34,-14.7,200
2005-1-23,15.69,0.40210607,0.8722,212.99,-2.09,-11.97,240
2005-1-24,0,0.370199719,0.8184,303.26,-4,-14.93,200
2005-1-25,0,0.444895447,0.7929,297.84,-0.36,-10.87,271.02
2005-1-26,0,0.549650317,0.8014,263.43,3.41,-5.15,422.54
2005-1-27,0,0.48199748,0.8042,325.66,1.5,-10.86,279.7
2005-1-28,0,0.403605758,0.7702,325.03,-3.68,-15.5,192.9
2005-1-29,0,0.450872674,0.6938,344.83,-0.74,-14.43,200
2005-1-30,5.73,0.556071192,0.7702,166.21,1,-5.48,414.37
2005-1-31,0,0.573582157,0.7617,250.03,1.5,-5.78,400
2005-2-1,0,0.591670781,0.7617,348.02,4,-9.05,305.19
2005-2-2,0,0.608511244,0.7419,369.01,5.5,-10.23,280
2005-2-3,0,0.664686442,0.7391,335.02,5.14,-6.47,370.79
2005-2-4,2,0.695379174,0.7815,219.07,4.33,-1.79,536.75
2005-2-5,0,0.796857261,0.8382,315.17,8.34,-2,520
2005-2-6,0,0.848758963,0.9033,350.47,10.59,-2.51,518.83
2005-2-7,0,0.87772161,0.9373,359.95,11.36,-2.81,494.89
2005-2-8,0,0.919719649,0.9769,351.3,11.59,-1.69,545.07
2005-2-9,0,1.002398658,1.0109,351.98,13.5,0,600
2005-2-10,3,0.981213646,1.0789,211.67,11,1.5,680
2005-2-11,0,0.825982533,1.0591,240.18,5.5,-2,520
2005-2-12,0,0.854347399,0.9826,284.06,6,-3.5,480
2005-2-13,0,0.896065583,0.926,308.03,6.91,-3.81,455.1
2005-2-14,14.64,0.987977083,0.9684,206.17,8.86,-0.1,600
2005-2-15,17.7,1.172738432,1.3847,195.85,13.3,4.32,825.46
2005-2-16,0,1.264148008,1.3054,324.38,15.5,2.5,720
2005-2-17,0,1.114185565,1.1751,320.17,10.92,-1.25,560
2005-2-18,0,0.853432904,1.0902,238.03,3,-4.5,440
2005-2-19,0,0.781765867,1.0562,288.52,0.28,-9.22,302.21
2005-2-20,0,0.920581088,1.0081,308.8,3.85,-6.65,360
2005-2-21,9.12,1.099485993,1.0987,222.58,8.08,-1.78,539.45
2005-2-22,1.97,1.124532186,1.1978,253.31,8.46,0.62,640
2005-2-23,0,1.101279505,1.127,289.81,7.15,-2,520
2005-2-24,0,0.971562357,1.0619,247.36,3.72,-3.5,480
2005-2-25,8,0.871195265,1.0222,221.49,0.49,-7.16,360
2005-2-26,0,1.05527597,0.9968,417.77,4.55,-8.73,320
2005-2-27,0,1.076428693,0.9713,375.29,4.5,-6.09,391.84
2005-2-28,0,0.988856369,0.9769,250.5,3,-3.02,482.75
2005-3-1,8.61,0.964306842,1.195,145.77,3,-1.5,559.7
2005-3-2,0,1.025362397,1.2063,244.19,3.34,-2.36,520
2005-3-3,0,1.04106462,1.1185,315.78,2.5,-5.01,439.36
2005-3-4,0,1.082315115,1.0477,374.57,2.63,-6.6,360
2005-3-5,0,1.212381678,1.0052,390.81,5,-4.83,435.03
2005-3-6,0,1.436205604,0.9713,453.39,8.87,-4.71,440
2005-3-7,0,1.756993108,0.943,408.43,14.34,0.69,635.55
2005-3-8,13.7,1.823033146,1.1978,319.1,15.04,-0.75,579.72
2005-3-9,15.44,1.262437271,1.4272,334.27,4.13,-7.79,336.75
2005-3-10,0,1.15670752,1.2573,431.74,1.69,-9.13,309.46
2005-3-11,0,1.508084184,1.1751,438.47,8.08,-3.18,480
2005-3-12,2,1.634594917,1.1553,430.37,10,-0.95,563.94
2005-3-13,0,1.584528179,1.1072,402.19,9,-0.68,585.88
2005-3-14,0,1.509674713,1.0506,370.11,7.68,-0.77,578.67
2005-3-15,0,1.568816259,1.0477,448.35,7.5,-3.79,456.75
2005-3-16,0,1.650575696,0.9769,449.25,8.5,-2.85,492.28
2005-3-17,0,1.537005608,0.9373,360.22,7.26,-0.74,580.83
2005-3-18,0,1.809005147,0.9118,496.65,9.95,-4,440
2005-3-19,0,1.891627919,0.8863,489.59,10.88,-2.5,520
2005-3-20,4.15,1.718002638,0.892,223.02,9.96,2.82,745.85
2005-3-21,6.7,1.741702955,0.9061,242.26,9.55,1.78,702.26
2005-3-22,0,1.973687975,0.875,442.62,10.97,-1.97,522.08
2005-3-23,22.49,1.781294034,1.2176,234.56,9.78,2.4,720
2005-3-24,29.45,1.494458053,1.8604,174.07,6.5,1.42,673.37
2005-3-25,0,1.751794118,1.6169,326.43,8.5,1,640.04
2005-3-26,0,1.886156886,1.3989,370.58,9.46,0.55,638.32
2005-3-27,0,1.871121222,1.2771,297.48,10.5,3.81,800
2005-3-28,12.64,2.089359288,1.4753,250.57,12.81,5.17,893.32
2005-3-29,13.89,2.148714766,1.8406,235,14,7,1000
2005-3-30,0,2.361260163,1.6933,435.6,13.87,2.51,722.75
2005-3-31,0,2.306032161,1.481,440.04,12.69,1.14,650.82
2005-4-1,0.48,2.264576162,1.3366,334.22,14,6.26,941.11
2005-4-2,29.93,2.416487691,1.6594,264.61,15.34,7,1000
2005-4-3,24.94,2.159913327,3.1432,250.34,12,4.5,840
2005-4-4,0,2.36383151,2.9166,370.77,13.71,5.11,888.74
2005-4-5,0,3.010516275,2.339,511.3,18.5,1.37,669.57
2005-4-6,0,3.34120196,1.8689,494.02,22,6.08,928.18
2005-4-7,0,3.38206089,1.5857,436.39,23.36,11.34,1347.2
2005-4-8,33.08,2.954341613,1.9935,299.54,19.31,9.53,1202.44
2005-4-9,0,2.679979714,2.6816,447.68,14.7,3.5,800
2005-4-10,0,3.117349211,2.6958,518.52,17.97,1.41,672.85
2005-4-11,0,3.069911499,2.3531,503.15,17.4,2.5,720
2005-4-12,0,2.619630821,1.951,469.48,12.67,0.49,639.32
2005-4-13,0,2.6861434,1.7387,468.43,13.18,1,640
2005-4-14,0,2.925009655,1.5206,514.27,14.79,-0.5,600
2005-4-15,0,2.712701905,1.4073,437.99,13.54,2.71,737.01
2005-4-16,0,2.641898456,1.3451,462.07,12.01,0.24,619.22
2005-4-17,0,3.44921641,1.3054,548.39,18.96,-1,560
2005-4-18,0,3.994983461,1.2714,535.53,24.03,4.46,837.15
2005-4-19,0,4.175520672,1.229,524.53,25.49,6.63,970.52
2005-4-20,0,4.5136468,1.1921,500.24,28.5,10.91,1312.55
2005-4-21,0,4.21804137,1.161,483.19,25.93,10.35,1268.1
2005-4-22,0,2.98395306,1.1383,411.51,14.97,4.24,819.45
2005-4-23,2,2.800294369,1.1383,303.92,15.37,7.94,1075.58
2005-4-24,1.86,2.928527236,1.1242,351.81,15.29,6.5,960
2005-4-25,0,3.028713303,1.0902,412.84,14.75,3.98,800
2005-4-26,0,3.420933175,1.0591,460.59,17.55,4.45,835.64
2005-4-27,8.46,3.630479664,1.127,305.86,20.5,9.24,1179.22
2005-4-28,0,3.713061559,1.0902,430.33,20.5,8.25,1100.33
2005-4-29,0,3.256853783,1.0392,379.32,16.96,7,1000
2005-4-30,7.99,3.039499476,1.0959,222.37,16.88,9.5,1200
2005-5-1,15.89,3.355762227,1.2771,261.77,18.5,9.5,1200
2005-5-2,5,3.546379476,1.3479,358.18,17.18,3.28,782.49
2005-5-3,3.47,3.57767062,1.2799,367.92,17,2.25,720
2005-5-4,0,3.306631162,1.2148,415.96,15.57,4.25,819.78
2005-5-5,0,3.425066094,1.1638,464.92,15.68,2.5,720
2005-5-6,0,3.042838324,1.144,337.48,14.59,6.18,934.38
2005-5-7,4,3.372470913,1.1836,292.32,16.57,6.5,960
2005-5-8,0,4.152428818,1.1242,521.53,20.81,4,800.03
2005-5-9,0,4.028834858,1.0562,469.15,20.52,6.75,980.21
2005-5-10,0,3.743401502,1.0307,450.65,18.22,5.68,920
2005-5-11,0,3.943179333,0.9939,439.95,20.19,8,1080
2005-5-12,0,4.421125904,0.9514,470.81,23.5,9.49,1198.81
2005-5-13,0,4.023231511,0.9005,499.01,19.31,4.35,827.96
2005-5-14,0,3.906892384,0.8722,405.81,20.28,9.42,1193.9
2005-5-15,1.1,4.394057244,0.8467,387.22,25.05,14.35,1627.73
2005-5-16,1.36,4.307955175,0.8382,410.85,23.5,12.16,1412.83
2005-5-17,0,4.160193693,0.807,458.58,21,8.29,1103.42
2005-5-18,0,4.195054223,0.7872,491.9,20.5,6.48,958.26
2005-5-19,0,4.249148425,0.7872,495.58,20.82,6.73,978.14
2005-5-20,40.74,3.348855077,1.5631,245.46,17.01,9.43,1194.16
2005-5-21,43.36,3.520341085,3.2848,303.6,16.5,6.9,991.82
2005-5-22,3.32,4.004795081,2.5598,325.04,20.16,9.31,1184.64
2005-5-23,0,3.642004441,2.019,365.49,18.59,10,1240
2005-5-24,0.25,3.229704377,1.6452,296.8,16.63,10,1240
2005-5-25,3.2,2.823634131,1.5008,185.88,14,8.7,1136.38
2005-5-26,6.99,2.902463152,1.5744,190.19,14.84,9.5,1200
2005-5-27,0,4.564381927,1.4753,496.82,22.99,9.5,1200.25
2005-5-28,0,5.021010656,1.3309,524.05,25.72,10,1240.25
2005-5-29,0,4.893805264,1.2261,508.78,25,10.28,1262.49
2005-5-30,0,4.939385768,1.1412,514.87,25,9.65,1212.3
2005-5-31,0,4.870589567,1.0562,482.42,25.16,11.45,1355.79
2005-6-1,0,4.48785816,0.9968,465.78,22.48,10,1240.03
2005-6-2,0,3.668042954,0.9203,324.26,19.48,12,1400
2005-6-3,16.63,3.198581585,1.0081,177.92,18.33,13.12,1499.19
2005-6-4,14.18,3.459994124,1.2997,192.1,20.48,14.83,1692.61
2005-6-5,0,4.905946478,1.212,429.53,27,15.8,1783.78
2005-6-6,8.19,5.26441271,1.0987,326.63,29.42,17.5,2000
2005-6-7,0.62,5.318742137,1.0902,422.03,30.01,18.29,2103.09
2005-6-8,0,5.624698192,0.9854,435.45,32,19.71,2296.75
2005-6-9,0,5.368107954,0.8778,425.17,30.52,19,2200
2005-6-10,0,4.65525085,0.8127,329.18,28.55,20.52,2403.79
2005-6-11,0,4.852009077,0.7759,371.19,28.64,19.5,2280
2005-6-12,0,5.06786539,0.7306,400.8,29.36,19.29,2246.65
2005-6-13,0,5.15468972,0.6966,386.72,30.49,20.71,2434.3
2005-6-14,0,5.438379992,0.6598,384.36,32.58,22.5,2720.72
2005-6-15,0,5.419622908,0.6116,383.36,32.5,22.5,2720
2005-6-16,0,5.501972383,0.5777,460.61,30.52,18,2080
2005-6-17,0,5.274691242,0.555,501.91,27.63,13.74,1579.22
2005-6-18,0,5.173150746,0.555,514.89,26.5,12.14,1411.37
2005-6-19,0,4.508442503,0.5324,424.31,24.05,14,1600
2005-6-20,0,4.288788262,0.5437,437.93,21.74,11.48,1358.17
2005-6-21,0,5.085790644,0.5295,540.89,25,9,1160
2005-6-22,0,5.388316604,0.5125,476.43,28.99,15.73,1778.7
2005-6-23,0,5.14211121,0.5748,465.86,27.41,14.8,1687.99
2005-6-24,0,4.888263972,0.5267,427.17,26.55,15.49,1759.37
2005-6-25,0,5.341109688,0.4927,443.3,29.35,17,1920
2005-6-26,0,5.461909182,0.4757,432.35,30.59,18.47,2117.28
2005-6-27,25.17,4.128131218,0.6654,190.85,27.07,21,2480
2005-6-28,17.11,4.256008522,0.8807,206.47,27.49,21,2480
2005-6-29,5.16,4.228654367,0.7476,202.23,27.96,21.76,2601.83
2005-6-30,6,4.333047914,0.6938,227.56,27.42,20.5,2400
2005-7-1,2.34,4.875759647,0.657,356.04,28.49,19,2200.06
2005-7-2,4.45,4.923553471,0.6145,345.89,28.99,19.5,2279.66
2005-7-3,0,4.908445344,0.572,432.78,27.32,16.5,1880
2005-7-4,0,4.925403845,0.5324,433.04,27.37,16.39,1863.03
2005-7-5,0,4.681156821,0.5125,356.15,28.2,19.63,2290.12
2005-7-6,8.69,4.774667305,0.5154,264.12,29.27,20.75,2439.55
2005-7-7,5.1,4.280230396,0.5069,232.55,27,19.96,2316.88
2005-7-8,33.91,3.566108156,0.9345,189.26,23.02,17.75,2040.65
2005-7-9,11.85,4.738498236,1.1978,327.71,26.5,15.98,1798.42
2005-7-10,0,5.558314629,0.926,482.33,31.03,17.38,1980.8
2005-7-11,0,5.84171321,0.6938,494.91,32.53,17.48,1996.22
2005-7-12,0,5.558528325,0.5805,434.6,32.5,20.48,2396.39
2005-7-13,0,4.952043689,0.5352,370.53,30.38,21.08,2493.35
2005-7-14,0,4.57565071,0.5069,320.98,29.44,21.74,2598.45
2005-7-15,0,4.325331295,0.4842,276.94,29.5,23,2800
2005-7-16,0,4.288094407,0.4701,275.85,29.5,23.12,2818.88
2005-7-17,9.84,4.34909338,0.589,212.54,30,23.5,2880
2005-7-18,8.26,4.819381952,0.5862,249.83,31.93,24,3000
2005-7-19,0,5.171778659,0.4955,361.53,33.51,24.48,3076.52
2005-7-20,0,5.381340132,0.4531,419.04,33.01,22.07,2651.11
2005-7-21,0,5.710777199,0.4049,475.83,33.5,19.79,2303.09
2005-7-22,9.63,5.413967828,0.504,314.48,33.5,22.5,2720
2005-7-23,0,5.355599506,0.4587,453.52,32.1,20,2320
2005-7-24,0,5.343479859,0.4021,503.87,30.5,16,1800
2005-7-25,4,4.998339853,0.3936,323.82,30.48,19.64,2291.05
2005-7-26,0,5.168903043,0.3823,399.76,32.91,22.73,2757.34
2005-7-27,0,5.56284348,0.3568,416.48,35,23.5,2880
2005-7-28,8.36,5.275204195,0.4191,341.8,31.84,19.26,2241.11
2005-7-29,0,4.331985988,0.4134,370.53,27.47,18.85,2175.92
2005-7-30,33.27,4.092508594,5.3236,244.75,27.11,19.71,2296.67
2005-7-31,0,4.179703875,4.4174,340.72,27.51,19.7,2296.2
2005-8-1,0,4.432249078,2.4126,377.55,28.5,19.5,2280
2005-8-2,0,5.130084051,1.5857,434.66,32.12,20.28,2364.82
2005-8-3,0,5.247674935,1.1893,418.71,33.56,21.98,2636.65
2005-8-4,0,5.434119288,0.7447,430.66,34.53,22,2640
2005-8-5,0,5.355357597,0.6088,417.37,34.5,22.49,2718.64
2005-8-6,3.35,4.974977614,0.6485,303.97,32.42,21.5,2560
2005-8-7,0,4.443415714,0.606,362.3,29.58,20.39,2382.89
2005-8-8,1.67,4.231119946,0.6088,296.89,29.42,21.45,2552.4
2005-8-9,18.54,3.910848193,0.7023,224.7,27.81,20.79,2446.48
2005-8-10,4.53,3.85111421,0.7532,227.08,27.5,20.56,2409.85
2005-8-11,0,4.7497988,0.6598,396.67,31.96,21.5,2560
2005-8-12,0,4.873713361,0.5748,381.39,33.5,23.19,2830.13
2005-8-13,0,4.643688787,0.5154,338.38,33.38,24.5,3080
2005-8-14,0,4.693539172,0.487,354.64,33.29,23.81,2955.22
2005-8-15,5.26,4.498413578,0.4701,274.48,31.51,21.91,2626.15
2005-8-16,0,3.817017336,0.4757,315.19,27.5,19.98,2318.32
2005-8-17,7.66,3.986060507,0.5635,267.48,27.74,18.94,2190.05
2005-8-18,0,4.400383084,0.504,420.84,29.5,18,2080
2005-8-19,3.61,3.80215482,0.4786,234.57,28,20.4,2383.94
2005-8-20,0,3.806393034,0.4842,310.78,28.5,21,2480
2005-8-21,0,4.466940937,0.4587,375.91,32.18,22,2640
2005-8-22,0,4.774960499,0.4219,456.9,32.48,18.26,2100.6
2005-8-23,0,4.367768608,0.3993,456.23,29.5,16.2,1832.39
2005-8-24,0,4.186637724,0.3851,442.04,28.54,16.11,1817.1
2005-8-25,0,4.227182684,0.3738,486.55,28,12.76,1460.56
2005-8-26,0,4.052993458,0.3681,451.28,27.53,14.53,1644.07
2005-8-27,4.02,3.918998663,0.3653,286.01,28.5,18.39,2110.85
2005-8-28,0,3.703860865,0.4163,312.88,28.98,21.02,2483.05
2005-8-29,0,3.88694566,0.4049,350.24,29.61,20.29,2366.08
2005-8-30,0,3.47725654,0.4163,255.01,29.5,23.02,2803.05
2005-8-31,0,3.653078329,0.4332,278.61,30.5,23.24,2838.45
2005-9-1,0,4.146353633,0.3851,414.78,30.85,18.5,2120
2005-9-2,0,4.2317145,0.371,445,31.14,16.8,1903.91
2005-9-3,0,4.10941245,0.3313,445.25,30.35,16.07,1810.64
2005-9-4,0,3.87720362,0.3171,446.15,28.5,14.5,1640.49
2005-9-5,0,3.767536489,0.3143,430.14,28.09,14.99,1718.73
2005-9-6,0,3.592575697,0.3115,428.55,26.68,13.77,1581.21
2005-9-7,0,3.626609001,0.303,450.38,26.85,12.19,1415.56
2005-9-8,0,3.737128112,0.3002,454.63,28.19,12.43,1434.63
2005-9-9,0,3.784119181,0.2973,429.59,29.32,14.64,1661.77
2005-9-10,0,3.676877943,0.2945,436.56,28.5,13.29,1526.08
2005-9-11,0,3.572103796,0.286,425.28,27.94,13.35,1535.94
2005-9-12,0,3.648734405,0.2823,430.52,29,13.44,1551.19
2005-9-13,0,3.910728081,0.2826,424.89,32,15.59,1767.23
2005-9-14,0,3.668706808,0.2945,355.4,31,18.74,2158.45
2005-9-15,3.61,3.220627463,0.3228,180.42,30,22.29,2685.73
2005-9-16,0,3.220872533,0.3171,235.64,30.5,22.86,2777.19
2005-9-17,0,3.321323217,0.3143,275.37,30.53,21.5,2560
2005-9-18,0,3.425979139,0.2973,354.81,30,17.54,2006.54
2005-9-19,0,3.471542154,0.2888,376.08,30.5,16.5,1880.25
2005-9-20,0,3.357877348,0.2917,325.08,30.49,18.94,2190.96
2005-9-21,0,3.246371601,0.2917,370.59,29,15.37,1749.93
2005-9-22,0,3.228101705,0.2917,408.17,29,12.61,1448.92
2005-9-23,0,3.391165193,0.286,355.97,31.5,17.74,2038.45
2005-9-24,0,2.96787535,0.286,311.34,28,17.14,1942.69
2005-9-25,0,2.689581998,0.2832,312.92,25,14.47,1637.52
2005-9-26,0,2.716008299,0.286,267.64,26.76,17.76,2041.66
2005-9-27,5,2.798669822,0.3228,241.79,27,15.5,1760
2005-9-28,0,2.688497825,0.3002,382.49,25.5,10.56,1284.43
2005-9-29,0,2.602697289,0.3058,351.03,25,11.76,1380.83
2005-9-30,0,2.489995006,0.3058,410.01,24.14,6.19,936.2
2005-10-1,0,2.349106186,0.2973,393.47,22.5,6,920
2005-10-2,0,2.469040277,0.303,397.87,25,7.19,1015.11
2005-10-3,0,2.475128675,0.3087,381.95,25.51,8.68,1134.19
2005-10-4,1,2.386436865,0.3285,285.72,25,14.05,1604.01
2005-10-5,0,2.401379258,0.3681,303.87,25.5,13.5,1560
2005-10-6,0,2.31743338,0.3823,247.41,25.57,16.15,1823.74
2005-10-7,8.16,2.131391464,0.4021,121.33,26,19.97,2317.95
2005-10-8,36.86,1.995769272,0.6541,112.76,24.93,19.51,2280.8
2005-10-9,30.56,1.88482341,1.2176,162.48,21,13.5,1560
2005-10-10,0.29,1.416434579,1.0279,100.47,17.5,14.37,1629.7
2005-10-11,25.58,1.298521195,1.2997,59.39,17.5,15.24,1739.22
2005-10-12,19.5,1.361037382,1.7811,76.58,17.26,14.26,1620.6
2005-10-13,28.67,1.4284936,2.945,88.69,18.27,14.75,1680.1
2005-10-14,9.84,1.388309347,2.8232,77.14,19,15.98,1798.66
2005-10-15,1.19,1.761930426,1.75,228.5,21.86,14.51,1640.98
2005-10-16,0,1.767515807,1.2856,289.61,21.52,11.5,1360
2005-10-17,0,1.603231477,1.0704,281.82,19,9.5,1199.79
2005-10-18,0,1.737475723,0.9543,332.67,22.19,9.13,1170.14
2005-10-19,0,1.686482264,0.8608,360.64,22.77,6.5,960
2005-10-20,0,1.547574329,0.7646,287.89,19.5,9.23,1178.14
2005-10-21,0,1.175647004,0.7164,138.03,14,9.85,1228.27
2005-10-22,21.64,1.212895289,1.0392,111.93,15.22,10.79,1302.86
2005-10-23,0,1.314973865,1.3366,277.2,16.17,7,999.82
2005-10-24,0,1.220084443,1.1129,298.88,14.5,4.24,819.22
2005-10-25,24.69,1.121942425,1.9652,166.46,12.76,6,920
2005-10-26,7.34,1.115868566,2.3616,201.96,12.9,4.11,808.62
2005-10-27,0,1.103650277,1.75,309.91,13.5,2.25,720
2005-10-28,0,1.048995507,1.3875,301.95,12.5,1.79,702.89
2005-10-29,0,1.000794554,1.2261,280.81,11.48,2.07,720
2005-10-30,0,1.090936512,1.1355,315.53,15.35,3.2,776.2
2005-10-31,0,1.148126058,1.0562,339.54,20,3.13,770.19
2005-11-1,0,1.208643891,1.0194,324.1,21,6.12,936.6
2005-11-2,0,1.127644828,0.9769,303.27,18.21,6.19,935.06
2005-11-3,0,1.00263334,0.9628,332.03,17.97,1.65,692.27
2005-11-4,0,1.110009784,0.9458,303.17,19.54,6.52,961.69
2005-11-5,0,1.158488247,0.926,280.6,20.58,9.11,1169.09
2005-11-6,0,1.163953348,0.909,286.86,21.96,9.21,1176.64
2005-11-7,0,1.073995414,0.8693,287.14,20.48,7.57,1045.62
2005-11-8,0,0.977199453,0.8467,289.34,18.82,5.47,917.56
2005-11-9,0,1.072544226,0.8467,237.69,20,10.17,1253.41
2005-11-10,3,1.0194536,0.8665,203.32,21,8,1080
2005-11-11,0,0.744755006,0.8467,261.52,12,0.5,640
2005-11-12,0,0.694988208,0.8269,287.65,13.22,-1.49,560
2005-11-13,0,0.773421392,0.8297,277.61,17.08,2.28,721.76
2005-11-14,0,0.98122432,0.8042,212.09,20.36,10.34,1266.86
2005-11-15,0,0.991788167,0.8127,189.1,20.5,11.73,1378.67
2005-11-16,8.46,0.978876657,0.8212,158.69,21.5,11.16,1332.44
2005-11-17,9.02,0.66751034,0.9458,196.08,15.06,1.22,657.3
2005-11-18,0,0.546578553,0.9203,216.7,6.5,-3.1,480
2005-11-19,0,0.507302496,0.9061,259.46,8.24,-5,440
2005-11-20,0,0.573356353,0.892,254.37,12.86,-0.79,578.67
2005-11-21,0,0.639034043,0.9345,216.16,13.5,2.69,736.07
2005-11-22,32.16,0.648423567,2.0218,112.39,11.14,4.31,825.02
2005-11-23,0,0.516002964,2.4154,174.55,6.29,-1.66,547.58
2005-11-24,0,0.480999323,1.9199,237.09,9.63,-3.01,480.25
2005-11-25,0,0.430520946,1.5829,229.78,6.5,-5.55,400
2005-11-26,0,0.400264396,1.4045,230,5.2,-6.94,360
2005-11-27,0,0.44608908,1.3082,237.95,10.68,-2.82,494.44
2005-11-28,0,0.687149901,1.2403,158.67,16.23,8.11,1088.91
2005-11-29,8.38,0.799595578,1.2035,90.4,19.12,13,1480
2005-11-30,19.52,0.652963223,1.6792,147.13,18.2,7.61,1048.56
2005-12-1,0,0.503033336,1.8632,198.81,11.71,1.52,681.52
2005-12-2,0,0.471676337,1.6849,162.94,7.5,-0.22,600
2005-12-3,0,0.42197192,1.4696,160.54,4.5,-2.83,493.46
2005-12-4,10.7,0.430348394,1.5971,138.25,7.09,-1.71,543.42
2005-12-5,3,0.445702509,1.7755,104.75,5.28,-0.91,567.14
2005-12-6,5.64,0.400729004,1.6877,102.27,2.5,-3.41,480
2005-12-7,0,0.340424411,1.5404,198.18,2.5,-6.74,360
2005-12-8,0,0.331992375,1.3932,191.78,1.5,-7.23,360
2005-12-9,15.53,0.360160381,1.6594,145.15,4.23,-4.74,440
2005-12-10,0,0.341642825,2.1124,205.06,4.17,-5.56,400.97
2005-12-11,0,0.356579075,1.9425,208.94,6.21,-3.93,452.83
2005-12-12,0,0.367802392,1.7273,198.83,6,-3.3,480
2005-12-13,0,0.306399709,1.5489,209.24,2,-7.76,339.22
2005-12-14,0,0.280776456,1.3847,195.94,-1.5,-10.23,280
2005-12-15,8.12,0.243640108,1.3167,210.83,5.49,-9.63,280
2005-12-16,21.06,0.283746727,2.373,208,12.5,-3.28,480
2005-12-17,0,0.358523845,2.86,237.93,8.5,-2.27,520
2005-12-18,0,0.366440641,2.4947,212.53,6.19,-2.76,499.22
2005-12-19,0,0.337273404,2.0218,230.25,5.71,-4.3,440
2005-12-20,0,0.30597154,1.7217,236.42,3.5,-6.77,360
2005-12-21,0,0.29982173,1.5065,234.05,2.49,-7.5,359.7
2005-12-22,0,0.311406281,1.3535,232.11,3.5,-6.5,360
2005-12-23,0,0.321372973,1.2969,253.16,8.22,-4,440
2005-12-24,0,0.301261313,1.2828,272.75,13.5,-2,520.25
2005-12-25,0,0.2853102,1.2969,251.14,13,-2.97,485.23
2005-12-26,19.94,0.438766705,1.6594,146.69,11.45,1.86,708.75
2005-12-27,0,0.470490573,1.6594,144.35,8.5,2.24,720
2005-12-28,0,0.360562296,1.498,225.89,10,-2,520
2005-12-29,8.96,0.488725463,1.4725,130.37,11.5,3.43,794.32
2005-12-30,14.79,0.470624521,1.7896,128.96,10,2.18,720
2005-12-31,1.29,0.418019762,1.7981,198.48,8.83,-0.54,596.66
2006-1-1,0,0.425998184,1.6509,185.57,8.45,-0.5,600
2006-1-2,0,0.391375327,1.5857,216.41,9.18,-2,520
2006-1-3,21.09,0.464391179,2.8034,134.27,9.49,1,640
2006-1-4,3,0.487687791,3.1149,86.4,6.5,1.5,680
2006-1-5,0,0.499221195,2.6448,172.96,10.25,2.15,720
2006-1-6,0,0.454253364,2.1974,201.43,9.5,-0.26,600
2006-1-7,0,0.380086558,1.8887,207.39,4.5,-5.4,407.77
2006-1-8,0,0.451174339,1.6764,184.08,6.86,-1.55,555.74
2006-1-9,0,0.576072586,1.5518,187.99,13.45,4.51,840.55
2006-1-10,0,0.462415874,1.4583,242.62,13,-0.38,600
2006-1-11,0,0.472851086,1.413,242.83,12.66,-0.5,600
2006-1-12,0.02,0.597548301,1.362,209.94,14.52,4.26,820.6
2006-1-13,0,0.594726863,1.3309,223.41,15,3.76,800
2006-1-14,13.77,0.586849586,1.5631,175.88,15,3,760
2006-1-15,10.37,0.444915422,1.9397,180.8,6.65,-5.1,432.32
2006-1-16,0,0.416930091,1.8661,194.49,1.17,-7.09,360
2006-1-17,7.4,0.446618839,1.6735,215.1,6.85,-6.22,382.62
2006-1-18,14.43,0.551476698,2.0756,227.86,15.59,-0.34,597.52
2006-1-19,0,0.557471018,3.0299,288.58,11.88,-1.39,560
2006-1-20,0,0.637631295,2.7835,249.88,12.86,1.59,687.21
2006-1-21,0,0.720784134,2.3191,242.36,16,4.2,816.2
2006-1-22,0,0.589861126,1.9907,271.71,11.99,-2,520
2006-1-23,32.96,0.640760954,3.1715,130.1,8.18,1.26,660.83
2006-1-24,3.11,0.626712584,4.6156,169.27,8.63,-0.97,562.08
2006-1-25,2,0.647228555,3.8794,199.47,8,-0.02,600
2006-1-26,0,0.586247534,3.0582,159.5,4,-2,520
2006-1-27,0,0.570709542,2.4551,252.68,5,-5.74,400
2006-1-28,0,0.681007538,2.0501,288.83,11.72,-2.61,509.8
2006-1-29,0,0.760876091,1.7896,275.65,13,0.16,612.91
2006-1-30,1.63,0.856373959,1.665,268.32,15.2,3,759.84
2006-1-31,1,0.849581254,1.5574,229.08,12.74,3.51,800
2006-2-1,0,0.723464809,1.498,149.71,6.77,1.49,679.58
2006-2-2,0,0.783959324,1.4187,259.55,9.79,-0.67,586.02
2006-2-3,5.62,0.975532574,1.4583,207.16,16.22,4,800
2006-2-4,5,0.980773766,1.5404,208.59,15.69,3.5,800
2006-2-5,5.04,0.939725171,1.6509,194.71,13.09,2.53,722.08
2006-2-6,0,0.806412334,1.5914,219.57,7.5,-0.52,598.59
2006-2-7,0,0.779163602,1.4781,217.56,6,-1.78,537.3
2006-2-8,0,0.756470863,1.4045,259.87,5,-4.69,440
2006-2-9,0,0.731139859,1.3451,257.73,3.5,-5.81,400
2006-2-10,0,0.759442305,1.2969,261.31,3.94,-5.31,414.99
2006-2-11,0,0.808903283,1.2771,200.57,5,-1.52,558.32
2006-2-12,13.84,0.769879718,1.665,176.09,3.17,-4.5,440
2006-2-13,0,0.715573786,1.8548,285.4,0.99,-8.77,319.37
2006-2-14,0,0.844855414,1.7641,305.56,4.8,-6.06,387.88
2006-2-15,0,1.051447496,1.7018,329.41,10.65,-2.23,520.25
2006-2-16,0,1.258520515,1.7358,346.75,16.03,0.92,649.05
2006-2-17,0,1.347342207,1.6962,341.49,17.13,2.91,752.9
2006-2-18,0,1.049096776,1.5971,338.37,8.69,-4,440
2006-2-19,0,0.787206057,1.4696,320.47,0.5,-10.33,280
2006-2-20,0,0.854638881,1.3847,282.42,2,-6.77,360
2006-2-21,0,1.038941216,1.3281,324.4,6.53,-4.28,440
2006-2-22,2.95,1.056880614,1.2063,253.56,6.5,-5,440
2006-2-23,1.25,1.042602714,1.1015,230.05,6.24,-0.4,598.97
2006-2-24,0,1.093711378,1.0647,292.65,6.5,-2.42,520
2006-2-25,0,1.227663745,1.0137,389.56,9.54,-6.2,384.09
2006-2-26,0,1.19465439,0.9854,379.48,7.96,-6.31,375.99
2006-2-27,0,0.953269417,0.9684,332.34,1.48,-8.94,320
2006-2-28,0,1.007686504,0.9571,279.68,2.75,-5.24,420.83
2006-3-1,0,1.168652401,0.9373,318.96,5.85,-3.65,467.73
2006-3-2,2.35,1.281299441,0.9458,319.9,7.71,-3.28,480
2006-3-3,0,1.160048067,0.9514,298.66,4.97,-3.58,473.59
2006-3-4,0,1.203919129,0.9231,306.45,5.48,-3.25,480
2006-3-5,0,1.36312156,0.9061,331.68,8.21,-1.5,560
2006-3-6,0,1.468714469,0.9061,394.02,9.5,-3.65,467.96
2006-3-7,0,1.438792513,0.8722,376.62,8.5,-3.26,480
2006-3-8,0,1.492745369,0.8467,408.35,8.99,-5,440
2006-3-9,0,1.691429117,0.8467,348.04,12.51,1.99,719.05
2006-3-10,0,2.24705831,0.841,376.25,20.86,8.03,1082.22
2006-3-11,0,2.330377029,0.8184,416.05,21.49,5.38,910.35
2006-3-12,0,2.186355476,0.8184,351.4,19.21,8,1080
2006-3-13,0,2.361329292,0.8382,378.89,20.97,8,1080
2006-3-14,1,2.4881519,0.8269,388.59,22.17,8.4,1112.2
2006-3-15,0,1.913618892,0.8297,352.32,13.5,2.75,740.33
2006-3-16,0,1.791684302,0.841,372.23,10.87,-0.52,598.07
2006-3-17,0,1.848620587,0.8325,369.7,11.44,0.29,623.37
2006-3-18,0,1.746787277,0.7985,417.8,9,-4.37,440
2006-3-19,0,1.700015964,0.7872,374.53,8.28,-2.5,520
2006-3-20,0,1.724506851,0.7872,389.43,8.17,-3.15,480
2006-3-21,0,1.649334556,0.7872,401.6,6.5,-5.23,421.38
2006-3-22,0,1.671664626,0.7759,326.25,7.5,-1.14,560
2006-3-23,0,1.840959162,0.7617,323.62,10,1.45,676.23
2006-3-24,0,2.063519637,0.7532,427.47,11.5,-1.5,560
2006-3-25,0.01,1.810698511,0.7646,292.73,9.49,2,720
2006-3-26,7.91,1.802087864,1.0392,222.53,9,1.5,680
2006-3-27,0,2.228375241,0.9996,422.82,12.84,0.5,640
2006-3-28,0,2.360007778,0.9316,444.83,14,0.5,640
2006-3-29,0,2.381585857,0.8891,399.37,14.61,3.48,798.11
2006-3-30,0,2.793407136,0.8438,489.99,18.3,0.5,607.76
2006-3-31,0,2.975871626,0.807,470.43,20.18,4,783.37
2006-4-1,1,3.131757665,0.7872,384.92,22.95,11.38,1345.47
2006-4-2,0,3.112921869,0.7759,442.82,21.31,7,965.5
2006-4-3,1.36,2.74874432,0.7617,418.16,17.05,4.55,844.34
2006-4-4,2,2.357261135,0.7561,326.14,13.61,5,880
2006-4-5,0.91,2.358894086,0.7391,369.27,12.5,2.65,732.25
2006-4-6,0,2.429174133,0.7249,390.13,12.76,2.22,720
2006-4-7,0,3.011999275,0.7136,464.18,18.22,3.84,731.73
2006-4-8,7.92,3.236650112,0.8099,343,20.42,6,920
2006-4-9,0,2.658084906,0.9118,431.95,14,1.76,685.61
2006-4-10,0,2.787919498,0.8382,471.55,14.67,0.5,601.74
2006-4-11,0,3.099778245,0.7957,494.25,17.52,1.5,630.42
2006-4-12,0,3.245272279,0.7702,454.21,19.38,5.73,855.39
2006-4-13,0,3.590029806,0.7561,436.66,23.06,10,1128.63
2006-4-14,0,3.586199042,0.7589,446.81,22.5,9,1051.11
2006-4-15,2,3.694487022,0.7532,401.4,24.35,12.79,1324.66
2006-4-16,0,3.873538753,0.7221,463.33,24.5,10.11,1010.06
2006-4-17,0,3.35004791,0.7051,460.28,19.02,5.5,773.6
2006-4-18,0,3.34568197,0.6994,471.41,18.51,4.5,693.7
2006-4-19,0,3.80881439,0.6796,494.81,22.49,6.77,698.32
2006-4-20,0,4.230711798,0.6683,505.97,25.99,9,771.36
2006-4-21,0,3.475977198,0.6541,408.56,20.25,8.78,907.47
2006-4-22,22.34,2.677715654,0.824,193.44,15.2,8.67,1133.76
2006-4-23,15.8,2.900125138,1.0506,201.9,17.5,10.69,1295.04
2006-4-24,7.11,3.526915767,1.2176,293.37,20.5,9.75,1146.65
2006-4-25,0.38,3.76170645,1.2346,466.83,20.95,7.08,781.22
2006-4-26,2.22,3.549150438,1.11,439.34,18.66,5.06,713.68
2006-4-27,0,3.589395678,0.9826,484.58,18.5,4,637.1
2006-4-28,0,3.629781677,0.8976,456.26,19.18,6,746.76
2006-4-29,0,3.427237778,0.8353,482.65,16.57,2.5,582.88
2006-4-30,0,3.60729555,0.7957,506.54,17.72,2.29,557.73
2006-5-1,0,3.678241552,0.7589,480.41,18.63,4.58,658.22
2006-5-2,0,3.913959945,0.7476,516.65,19.99,3.74,575.74
2006-5-3,0,4.192630851,0.7277,504.32,22.5,6.75,704.3
2006-5-4,0,4.481000327,0.6966,492.28,25,9.5,834.17
2006-5-5,0,4.639296027,0.6711,452.62,27,13.25,1068.97
2006-5-6,0,4.618174969,0.6626,440.14,26.92,13.74,1082.61
2006-5-7,0,4.228857032,0.6541,496.24,22.13,6.8,634.62
2006-5-8,0,3.266398319,0.6541,314.12,17.12,9,1010.14
2006-5-9,0,3.634218588,0.6541,397.7,18.5,7.84,815.22
2006-5-10,0,4.245658496,0.64,466.64,22.5,9,761.04
2006-5-11,0,3.999106002,0.6258,392.32,22,11.5,1009.85
2006-5-12,13.06,3.993375703,0.7759,286.22,22,11.75,1214.98
2006-5-13,0,4.180497757,0.6881,435.42,22.27,10.28,947.14
2006-5-14,0,3.56538011,0.657,323.15,19.57,11.49,1137.62
2006-5-15,22.47,3.773355907,1.0137,277.52,20,10.5,1138.11
2006-5-16,5.94,3.893175781,1.0506,278.63,21,11.41,1305.83
2006-5-17,0,4.166192856,0.9231,447.56,21.5,9.49,955.54
2006-5-18,0,4.338749011,0.8495,437.24,23.22,11.53,1081.84
2006-5-19,8.58,4.068345535,0.8835,297.23,21.75,11.56,1301.24
2006-5-20,0,4.058564655,0.8495,430.36,20.84,9.88,1038.71
2006-5-21,0,4.631496723,0.7702,538.06,23,6.56,722.43
2006-5-22,0,4.308464167,0.7079,497.4,21,6.98,791.74
2006-5-23,0,4.260514969,0.6711,515.51,20,4.88,680.13
2006-5-24,0,4.52538455,0.6456,518.49,22,6.38,721.71
2006-5-25,0,4.465052722,0.6201,439.08,23.26,11.24,1080.6
2006-5-26,0,4.892538346,0.6031,426.68,27.14,15.26,1376.98
2006-5-27,0,4.896969367,0.5975,397.51,28,17.12,1598.48
2006-5-28,0,4.908622785,0.5748,417.59,27.45,16,1453.01
2006-5-29,0,5.179127698,0.5635,471.15,28.07,14.5,1224.8
2006-5-30,0,5.53696595,0.5493,466.04,30.86,17.16,1434.9
2006-5-31,0,5.006993539,0.5437,421.66,28,16.5,1485.48
2006-6-1,0,4.895867902,0.5267,387.09,28.23,18,1683.75
2006-6-2,6.34,5.033858445,0.521,281.78,29.51,19.36,2099.22
2006-6-3,9.02,4.219903375,0.5493,228.43,25.33,17.8,2048.65
2006-6-4,0,4.391322825,0.5465,405.72,23.5,13.5,1345.71
2006-6-5,3.56,4.272360538,0.5409,280.39,23.33,14.23,1613.47
2006-6-6,0,4.16578523,0.555,363.08,23,14.5,1529.8
2006-6-7,3.63,3.718466106,0.5862,216.18,21.5,15,1720
2006-6-8,8.37,4.01851284,0.6116,268.52,21.7,13.43,1549.43
2006-6-9,2.23,4.712355282,0.6003,408.3,25.5,14.79,1508.39
2006-6-10,1.78,4.488088882,0.5805,435.38,23.51,12.94,1328.36
2006-6-11,0,4.386613027,0.555,473.06,21.5,9.73,1061.53
2006-6-12,0,4.073643787,0.5777,404.77,20.73,11.38,1266.75
2006-6-13,0,4.643020982,0.5663,458.29,24,12.52,1260.11
2006-6-14,0,4.451455995,0.538,392.5,24.37,15,1574.01
2006-6-15,0,4.649465778,0.5295,424.97,25,14.56,1476.39
2006-6-16,0,5.613148179,0.5069,540.25,28.99,12.35,1114.08
2006-6-17,0,5.65430847,0.4842,516.95,29.87,14.5,1301.17
2006-6-18,0,5.339584753,0.4616,436.6,29.83,18.1,1779.22
2006-6-19,0,5.307426062,0.4304,401.74,30.66,20,2063.29
2006-6-20,0.06,5.245522211,0.4248,406.73,30.14,19.5,1997.88
2006-6-21,0,5.349332946,0.4049,441.76,29.93,18.22,1781.01
2006-6-22,0,5.456246155,0.3879,434.75,31,19.45,1928.83
2006-6-23,7.37,5.280206113,0.3993,290.04,31.11,21,2461.5
2006-6-24,25.79,4.60762286,0.4134,244.39,28.31,20.5,2400
2006-6-25,65.96,4.160897676,5.8899,217.57,26.09,19.5,2280
2006-6-26,14.02,3.910241698,6.881,181.58,26.39,21,2480
2006-6-27,7.19,3.855748234,3.8794,169.98,27,21.99,2639.02
2006-6-28,22.45,4.410188701,2.7722,234.16,28,21,2480
2006-6-29,0,5.037351935,2.5145,397.93,29.81,20.25,2360.66
2006-6-30,0,5.29379297,1.7925,477.96,29,16.5,1880
2006-7-1,0,5.320577478,1.2516,483.72,29,16.15,1823.3
2006-7-2,0,5.642482747,0.9883,458.51,32,19.5,2280
2006-7-3,2.69,5.577903558,0.8608,354.62,32.5,21.05,2487.73
2006-7-4,0,5.488420761,0.79,410.56,32.52,21.73,2596.76
2006-7-5,13.81,5.16644272,0.8014,292.48,31,21.21,2513.82
2006-7-6,45.98,4.488339086,1.3649,283.04,26.18,17.5,2000
2006-7-7,0,4.595223976,1.8038,422.19,25.5,15.44,1755.03
2006-7-8,0,4.762776511,1.6962,430.82,26.58,16,1800
2006-7-9,0,4.781761086,1.3026,424.09,27.01,16.59,1887.33
2006-7-10,0,4.784121365,1.0364,385.29,28.46,19.13,2220.45
2006-7-11,0,4.804661266,0.8976,358.51,29.73,21.06,2490.32
2006-7-12,0,4.910882296,0.8184,347.86,31.05,22.5,2720.06
2006-7-13,5.7,4.970781895,0.7759,273.89,31,22,2640
2006-7-14,0,4.886164137,0.9713,397.15,29.27,19.53,2281.81
2006-7-15,0,4.82750769,0.9231,400.92,28.79,19.02,2203.34
2006-7-16,0,5.236294431,0.7957,413.38,31.64,21.05,2488.3
2006-7-17,0,5.996240208,0.7221,468.19,35,21,2480
2006-7-18,0,6.169641822,0.6456,463.27,36.23,21.92,2627.2
2006-7-19,0,5.833818629,0.7844,470.24,34.03,20.07,2331.14
2006-7-20,0,4.908977225,0.6796,368.71,31.09,21.99,2637.75
2006-7-21,0,4.922130118,0.5975,364.64,31.5,22.5,2720
2006-7-22,53.04,4.737255057,1.6254,270.37,30.4,21.75,2599.55
2006-7-23,24.69,4.29158777,2.6533,258.12,27.5,19.75,2299.78
2006-7-24,0,4.867365555,2.2342,451.49,28.5,17,1920
2006-7-25,0,4.708262863,1.8661,402.2,28.9,19.05,2208.64
2006-7-26,0,4.527803956,1.3847,359.41,29,20.4,2383.56
2006-7-27,0,4.824050712,1.076,371.28,30.92,21.53,2564.97
2006-7-28,4.57,5.155527244,0.9288,287.59,32.99,22.7,2752.24
2006-7-29,2.56,5.195954794,0.8495,348.27,33,22.25,2680.65
2006-7-30,0,5.078521383,0.7674,375.28,33,23,2800
2006-7-31,0,5.352343032,0.7362,424.09,33.5,21.5,2560
2006-8-1,0,5.396897051,0.6881,390.13,35,24,3000
2006-8-2,0,5.433187234,0.6485,370.24,36,25.47,3273.88
2006-8-3,0,5.387181895,0.6145,358.05,36.25,26.1,3383.11
2006-8-4,0,5.35305161,0.5833,393.83,35,23.79,2949.27
2006-8-5,0,5.377583389,0.5465,472.04,33,18.43,2119.21
2006-8-6,0,5.220819452,0.5012,472.45,32,17.58,2013.17
2006-8-7,0,4.679959225,0.4672,374.43,31,21.09,2494.28
2006-8-8,0,4.734046387,0.4729,375.04,31.56,21.5,2560
2006-8-9,0,4.890712594,0.4672,460.38,30.35,16.84,1907.41
2006-8-10,0,4.583099991,0.4616,417.08,29.27,17.87,2059.24
2006-8-11,0,4.353337934,0.4531,406.46,27.81,17,1920
2006-8-12,0,4.547159012,0.4304,482.22,27.5,13.03,1485.52
2006-8-13,0,4.607169426,0.4219,497.49,27.79,12,1400
2006-8-14,0,4.680572992,0.4049,456.42,29.5,15.58,1766.74
2006-8-15,0,4.334947134,0.3908,345.61,30,20.5,2400
2006-8-16,0,4.56353058,0.3964,415.63,30.05,17.94,2070.8
2006-8-17,0,4.695407702,0.3879,443.96,30.61,17,1920
2006-8-18,0,4.487652695,0.3879,429.31,29.52,16.86,1909.02
2006-8-19,0,4.409749906,0.3879,411.78,29.5,17.5,1999.27
2006-8-20,0,4.466479647,0.3879,346.22,32.04,22,2640
2006-8-21,0,4.753755799,0.371,438.66,32,17.8,2047.87
2006-8-22,0,4.598597417,0.3625,435.37,31,17,1920.21
2006-8-23,0,4.660531469,0.3511,422.52,32,18.28,2102.31
2006-8-24,0,4.404691604,0.3511,401.32,30.6,18.08,2085.6
2006-8-25,0,4.353654744,0.354,395.79,30.5,18.1,2088.27
2006-8-26,0,3.992782243,0.371,310.83,30,20.86,2457.58
2006-8-27,29.76,3.297513488,0.5352,158.42,27.62,21.79,2605.73
2006-8-28,20.45,3.621931952,0.6881,187.1,29.43,22.33,2693.36
2006-8-29,0,3.509299806,0.6654,251.17,28.53,21.52,2563.99
2006-8-30,22.45,3.073668218,0.7929,168.43,25.3,19.4,2263.94
2006-8-31,0,2.493922876,0.7334,158.23,22.13,18.24,2099.22
2006-9-1,28,2.571494972,0.7277,141.94,21.5,16.9,1911.79
2006-9-2,46.75,2.581329566,2.1464,145.87,21.72,17.02,1931.04
2006-9-3,11.77,3.145388135,1.8632,247.62,23.5,15,1720
2006-9-4,0,3.42135743,1.4442,360.42,26,16.26,1841.76
2006-9-5,10.78,2.977211059,1.2488,213.23,23.9,16.86,1909.07
2006-9-6,11.46,2.807746295,1.3366,201.24,22.75,16.26,1841.21
2006-9-7,0,3.507947825,1.1412,414.79,26.5,14.38,1630.4
2006-9-8,0,3.487984106,0.9514,399.5,27,15.5,1760
2006-9-9,0,3.545880813,0.8325,407.83,27.68,15.5,1760
2006-9-10,0,3.316584589,0.7532,375,26.42,15.89,1790.96
2006-9-11,0,2.936388185,0.7051,356.91,23,13.68,1574.43
2006-9-12,0,2.847498381,0.6711,411.28,21,9.76,1220.55
2006-9-13,0,2.920411204,0.6513,422.76,22,10,1240
2006-9-14,7.55,2.567427126,0.6485,205.24,22,15.38,1750.38
2006-9-15,20.35,2.491756483,1.6679,164.02,23.74,18.5,2120
2006-9-16,11.72,2.716851503,1.6933,214.23,24.5,17.49,1997.76
2006-9-17,0,3.068003757,1.0732,391.31,26,14.93,1708.86
2006-9-18,0,3.191435895,0.8722,400.42,27.5,15.5,1760
2006-9-19,0,3.109951613,0.7844,356.96,27.97,17.88,2060.42
2006-9-20,0,2.863136799,0.7419,401.06,24.5,12.89,1471.59
2006-9-21,0,2.615359304,0.6938,428.94,21.29,8.48,1118.17
2006-9-22,0,2.610908405,0.6626,438.71,21.5,7.65,1051.87
2006-9-23,0,2.754729573,0.6428,373.47,24.93,14.37,1629.92
2006-9-24,1.35,2.729268912,0.6258,291.74,27.23,19.51,2280.49
2006-9-25,0,2.813657621,0.6343,395.78,26,13.77,1581.71
2006-9-26,0,2.666599692,0.5947,417.79,24.24,10.34,1267.6
2006-9-27,0,2.614536731,0.572,411.22,24.07,10.34,1267.19
2006-9-28,0,2.606288644,0.555,401.89,24.5,11,1320
2006-9-29,3.5,2.413369884,0.572,287.71,22.5,10.21,1256.58
2006-9-30,0,2.241528208,0.555,410.19,20.25,5.92,920
2006-10-1,4.03,2.24447866,0.5748,265.85,21.23,9.94,1235.03
2006-10-2,0,2.274832928,0.572,364.8,22,9.69,1215.36
2006-10-3,0,2.423998568,0.555,371.54,24.6,11.05,1323.77
2006-10-4,0,2.584897051,0.5324,335.46,27.5,15.38,1750.4
2006-10-5,1.98,2.353375157,0.5125,319.52,25,13.94,1595.03
2006-10-6,28.98,1.572151054,0.7815,119.99,16.32,11.71,1377.15
2006-10-7,12.07,1.383059357,1.1497,87.76,14.98,11.78,1382.78
2006-10-8,0,1.798539687,0.8693,266.57,18.5,10.41,1272.84
2006-10-9,0,2.089833219,0.7249,374.69,23,8.38,1110.56
2006-10-10,0,2.193145006,0.6683,371.02,25.29,10,1240.25
2006-10-11,0,2.014679649,0.7306,288.55,23.16,13.25,1519.55
2006-10-12,21.18,1.857303962,0.9769,197.44,21.38,12.7,1456.07
2006-10-13,0,1.67689878,0.9061,374.65,18.32,3.23,778.38
2006-10-14,0,1.518540094,0.8155,359.74,15.6,1.7,695.61
2006-10-15,0,1.511169466,0.7589,373.54,16.5,0.53,640
2006-10-16,0,1.52961282,0.7164,363.87,17.5,1.7,696.15
2006-10-17,14.79,1.558132213,0.8155,271.57,18,6.13,937.15
2006-10-18,24.83,1.622392391,1.4527,150.25,20.76,13.62,1569.66
2006-10-19,0,1.714027105,1.4498,228.75,22.5,14,1600
2006-10-20,8.34,1.661404058,1.2856,201.5,21.74,11.37,1349.92
2006-10-21,0,1.42879967,1.1921,322.04,18,4.67,853.46
2006-10-22,0,1.32814755,1.0562,317.6,16.31,3.33,786.55
2006-10-23,0,1.278603736,0.9628,276.7,15.35,4.82,865.46
2006-10-24,0,1.103965916,0.8891,227.46,11.5,3.4,791.79
2006-10-25,0,1.102712622,0.8297,230.84,12,3.74,800
2006-10-26,0,1.072980838,0.7957,285.2,12,1,640
2006-10-27,14.95,1.043012869,0.7759,224.28,12.05,0,600.24
2006-10-28,29.21,1.262611224,1.2318,227.36,18.79,5.53,912.9
2006-10-29,0,1.187278292,1.6226,270.56,16.83,5.91,920
2006-10-30,0,1.097218532,1.4923,316.74,16.67,1.92,713.4
2006-10-31,0,1.22873674,1.2658,303.03,20.5,6.15,937.83
2006-11-1,0,1.365181665,1.093,263.87,23,11.17,1333.32
2006-11-2,1.5,1.147592565,1.0024,274.56,18.76,6.64,971.16
2006-11-3,0,0.871713596,0.926,269.56,11.07,-0.12,600
2006-11-4,0,0.79284164,0.8863,282.93,9.5,-2.75,499.77
2006-11-5,0,0.791062251,0.8608,285.7,10.5,-2.5,520
2006-11-6,0,0.824555315,0.824,294.45,13.5,-1.25,560
2006-11-7,9.14,0.880425752,0.8184,214.09,16,1.48,678.32
2006-11-8,33.44,1.014345413,1.2856,119,17.09,10.33,1266.34
2006-11-9,19.05,1.062855842,2.0077,107.26,19.02,12.97,1477.37
2006-11-10,0,1.032278914,1.9992,251.25,21,8.49,1119.13
2006-11-11,0,1.024061072,1.6565,233.12,20.64,9.29,1183.34
2006-11-12,51.47,1.04180441,1.6395,128.31,20,12.36,1429.02
2006-11-13,31.81,0.936364079,4.2475,74.01,17.5,13.44,1549.64
2006-11-14,3.52,0.888010254,4.7006,66.41,16.5,13,1480
2006-11-15,0,0.904333056,3.7661,109.14,17.13,12.8,1463.91
2006-11-16,8,1.001300773,2.86,127.37,20.65,13.45,1551.33
2006-11-17,9.04,0.867306999,2.4919,171.76,19.08,8.5,1120
2006-11-18,0,0.69048532,2.1521,252.02,15.07,2.85,747.96
2006-11-19,0,0.658890019,1.8491,205.73,11.5,2.72,737.83
2006-11-20,0,0.616257498,1.6226,190.82,9.52,1.67,693.65
2006-11-21,0,0.58086145,1.4753,214.6,9.43,0.3,623.93
2006-11-22,19.25,0.63767639,1.5008,98.36,9.62,4.57,845.36
2006-11-23,23.68,0.638332641,2.2625,61.95,9.3,6.24,938.93
2006-11-24,0,0.623740038,2.6759,212.31,13.03,3.74,800
2006-11-25,0,0.525282275,2.4268,264.16,15.31,0.67,640
2006-11-26,0,0.505242648,2.0445,262.1,15.03,0.36,628.46
2006-11-27,0,0.511274941,1.7698,257.09,15.5,1.18,654.06
2006-11-28,0,0.536484763,1.5857,251.87,17.1,2.92,753.45
2006-11-29,0,0.64978132,1.4668,202.13,16.51,7.03,1002.22
2006-11-30,0,0.73415321,1.3847,177.41,18.59,10.5,1280
2006-12-1,1,0.730850822,1.3281,205.63,20.75,10.54,1282.9
2006-12-2,0,0.496070763,1.2856,243.14,15.99,2.76,740.83
2006-12-3,0,0.431376381,1.2261,217.87,8.5,-1.65,548.04
2006-12-4,2.88,0.42523491,1.2091,162.27,6.16,-2.14,520
2006-12-5,0,0.375275961,1.1751,214.05,4.87,-4.74,440
2006-12-6,0,0.314359089,1.1383,257.44,8.83,-6.02,398.42
2006-12-7,0,0.385315479,1.1327,244.39,12.26,-1.09,564.15
2006-12-8,0,0.342337002,1.0817,234.66,6.86,-5,440
2006-12-9,0,0.337870431,1.0675,213.97,4.07,-6,400
2006-12-10,0,0.373237837,1.0477,230.03,10.21,-1.79,537.59
2006-12-11,0,0.35501527,1.0336,245.68,15,0,600.25
2006-12-12,0,0.406546104,1.0336,228.67,14.22,1.5,680
2006-12-13,1.47,0.514600638,1.0166,162.3,12.41,4.86,868.9
2006-12-14,0,0.563562957,1.0052,121.26,12.5,7,1000
2006-12-15,0,0.486440581,1.0024,198.22,15.19,4.82,865.53
2006-12-16,0,0.417470768,1.0024,211.23,13.5,2,720
2006-12-17,0,0.35377096,1.0024,230.3,13.73,0,600
2006-12-18,0,0.448093181,1.0024,222,18.65,5.12,889.57
2006-12-19,0,0.343719148,0.9571,234.37,15.61,0.72,640
2006-12-20,0,0.316732377,0.9373,222.35,9,-3.74,460.6
2006-12-21,0,0.386356201,0.9373,195.68,10,-0.42,594.87
2006-12-22,0,0.485058071,0.9514,157.93,12.08,4.04,804.17
2006-12-23,14.2,0.517262945,1.2743,130.6,15.5,6.07,931.16
2006-12-24,0,0.391777517,1.4187,210.48,13.5,1.15,651.65
2006-12-25,21.85,0.335600751,1.379,170.12,12.89,-1.19,560
2006-12-26,16.48,0.483516645,1.7245,138.01,14.47,4.44,834.98
2006-12-27,0,0.469619377,1.8094,157.7,10.5,2.67,733.96
2006-12-28,0,0.365834979,1.5574,211.49,9.5,-2,520
2006-12-29,0,0.359753675,1.3451,224.14,11.5,-1.5,560
2006-12-30,0,0.411907778,1.229,211.16,12.64,0.77,640
2006-12-31,1.61,0.386180412,1.1497,215.06,11,-1.06,560
2007-1-1,27.78,0.520790365,1.515,147.03,14.25,4.78,862.16
2007-1-2,0,0.4755462,2.8317,207.28,12.5,2.46,720
2007-1-3,0,0.349877077,2.7694,249.66,11.5,-3,480
2007-1-4,0,0.41960238,2.2031,244.87,15.13,0.94,648.55
2007-1-5,1,0.657917042,1.8491,153.72,16.1,9.22,1177.89
2007-1-6,4.38,0.774209622,1.7245,116.6,20.24,13,1480
2007-1-7,11.47,0.60666341,1.6537,157.02,17,6.73,978.38
2007-1-8,36.18,0.588948262,2.6335,150.72,14.82,5.5,920
2007-1-9,0,0.471707501,4.1909,226.79,10.62,-0.27,600
2007-1-10,0,0.457976407,3.7378,188.93,6,-2,520.25
2007-1-11,0,0.389102782,2.9166,238.51,4.76,-6.48,361.52
2007-1-12,0,0.523109927,2.3418,211.76,10.16,0.72,637.7
2007-1-13,0,0.702526281,1.9793,165.1,15.27,8.26,1100.83
2007-1-14,0.09,0.750713156,1.7755,186.34,17.53,9.3,1183.68
2007-1-15,0,0.738741285,1.6537,212.4,18.03,8.19,1095.2
2007-1-16,0,0.632416365,1.5659,257.07,17.68,4,800
2007-1-17,0,0.43102817,1.4725,256.99,4.86,-7.26,360
2007-1-18,5.13,0.434521087,1.413,199.32,2.81,-7.47,360
2007-1-19,3,0.531725604,1.4385,172.7,6,-2.25,520
2007-1-20,0,0.528278518,1.4243,204.5,4.5,-2.5,520
2007-1-21,0,0.465655921,1.3592,213.39,0.98,-6.26,379.22
2007-1-22,2.33,0.497216,1.3224,157.46,1.35,-4.21,440
2007-1-23,0,0.542091492,1.3224,160.39,3.16,-2.5,520
2007-1-24,0,0.558366148,1.2884,238.1,5.5,-4.08,440
2007-1-25,0,0.559182149,1.2658,236.15,4.8,-4.5,440
2007-1-26,0,0.446426984,1.2148,278.81,0,-12.07,240
2007-1-27,0,0.552257326,1.1723,308.59,8.22,-8.28,320
2007-1-28,0,0.669100044,1.1836,260.36,8.63,-2,520
2007-1-29,1,0.570667028,1.1723,241.86,2.76,-5.72,400
2007-1-30,0,0.563993416,1.1525,292.34,3.16,-8.17,320
2007-1-31,0,0.584537419,1.1383,257.35,2.5,-6.47,362.08
2007-2-1,0,0.593347161,1.1383,241.42,2.07,-6,400
2007-2-2,3,0.632075367,1.144,93.76,2.84,-1.02,560
2007-2-3,0,0.647172279,1.1723,218.12,3.04,-3.96,443.33
2007-2-4,0,0.603037458,1.1497,237.98,0.92,-6.79,360
2007-2-5,0,0.539316007,1.0959,274.17,-1.88,-11.19,264.44
2007-2-6,0,0.463167988,1.0194,220.29,-6,-12.62,240
2007-2-7,1,0.517288895,1.0024,265.41,-4,-11.25,259.77
2007-2-8,0,0.554128296,0.9628,323.38,-2.61,-12.25,240
2007-2-9,0,0.609389753,0.9316,311.75,-1,-10,280
2007-2-10,0,0.663068682,0.9373,310.5,0.5,-8.31,320
2007-2-11,0,0.67939439,0.9373,370.47,1.2,-11,280
2007-2-12,0,0.81273266,0.9373,375.72,5.37,-7.5,360
2007-2-13,0,0.857344469,0.9656,279.02,5.5,-3.33,480
2007-2-14,31.04,0.861162236,0.9911,232.47,5.22,-5.06,434.82
2007-2-15,0,0.735645279,1.1327,300.05,0.66,-8.63,320
2007-2-16,0,0.650230741,1.2743,247.88,-2.54,-9.35,291.87
2007-2-17,0,0.78347765,1.699,318.41,1.26,-8.5,320
2007-2-18,0,0.874177273,1.5036,311.45,3.49,-5.9,396.36
2007-2-19,0,0.834405688,1.3366,348.52,1.96,-9.52,280
2007-2-20,0,1.061305434,1.2828,350.84,7.74,-4.18,440
2007-2-21,2,1.257898386,1.3507,344.24,12.03,0.13,610.79
2007-2-22,0,1.224992157,1.3479,372.84,11,-3.26,480
2007-2-23,0,1.091644336,1.2997,287.83,7,-1.5,560
2007-2-24,0,1.037402497,1.2261,346.19,4.97,-6.15,388.27
2007-2-25,15.59,1.011076743,1.2006,205.82,4.22,-3.36,480
2007-2-26,11.03,0.927361331,1.6169,130.27,3.28,-1,560.25
2007-2-27,0,1.166555978,1.8519,297.35,7.05,-0.96,563.33
2007-2-28,0,1.342252151,1.7188,374.34,10,-2,520
2007-3-1,3.07,1.366570302,1.5461,291.74,10,-2.84,492.73
2007-3-2,20.97,1.649551603,1.8689,292.25,15.15,1.5,680
2007-3-3,0,1.738480278,2.1974,419.53,16.76,-0.8,578.67
2007-3-4,0,1.487642501,1.985,382.46,10.89,-1.74,540.83
2007-3-5,0,1.295354341,1.7188,329.25,6.86,-2.54,516.91
2007-3-6,0,1.169986906,1.515,380.38,3.47,-8.28,320
2007-3-7,0,0.910545618,1.3677,309.61,-2.3,-10.56,280
2007-3-8,0,1.033165729,1.2658,415.63,-0.24,-14.01,200
2007-3-9,0,1.205396457,1.2516,380.9,3,-8.59,320
2007-3-10,0,1.626612893,1.2374,409.82,10.48,-3.45,469.25
2007-3-11,1.02,1.949156021,1.2799,406.28,15.5,1.34,667.18
2007-3-12,0,1.840731178,1.2261,433.48,13.24,-3,480
2007-3-13,0,2.001571033,1.1921,425.1,15.31,-0.27,600
2007-3-14,0,2.310414594,1.1582,405.31,19.55,5.17,893.48
2007-3-15,8.35,2.654237532,1.1383,322.83,23.88,6.66,972.47
2007-3-16,32.62,1.578520761,1.5008,213.93,8.46,0.57,639.7
2007-3-17,0.65,1.171637518,3.4547,184.23,2.5,-2.18,520
2007-3-18,0,1.372018081,3.6812,262.39,4.48,-2.37,520
2007-3-19,0,1.702338499,2.8317,407.92,7.97,-4.62,440
2007-3-20,0,2.047262682,2.2682,405.53,12.93,0.14,613.38
2007-3-21,0,1.950600542,1.8717,415.19,11,-2.09,520
2007-3-22,0,2.244222049,1.6254,399.79,15.06,2.61,730.96
2007-3-23,4,2.814673486,1.5376,301.15,22.22,8.92,1153.41
2007-3-24,4.71,2.14680265,1.5716,207.12,15.42,8,1080
2007-3-25,0,2.020529141,1.5772,334.67,11.82,2.74,739.22
2007-3-26,0,2.215516855,1.4781,423.17,12.91,0,600
2007-3-27,0,3.008325909,1.396,449.73,22.34,6.3,944.17
2007-3-28,0,3.23309271,1.3224,447.08,24.5,8,1080
2007-3-29,0,2.714817603,1.2516,438.54,18,3.24,779.22
2007-3-30,0,2.685981204,1.195,471.29,17,-0.09,600
2007-3-31,0,2.549996757,1.1582,414.16,15.48,2.48,720
2007-4-1,0,2.197622135,1.1383,285.34,13,5.26,900.6
2007-4-2,0,2.53766482,1.1383,327,16.48,7.44,1035.03
2007-4-3,0,2.971172336,1.1383,419.1,19.62,6.64,971.09
2007-4-4,16.82,2.314480028,1.3705,227.58,13.5,5.5,920
2007-4-5,0,1.999351306,2.0105,296.92,9,1.5,680
2007-4-6,0,2.026275249,1.9171,353.17,8,-1.16,560
2007-4-7,0,1.977130491,1.6367,333.64,7.5,-0.86,571.24
2007-4-8,0,1.909535472,1.4583,326.92,6.5,-1.5,560
2007-4-9,0,2.054449535,1.3309,373.24,7.5,-1.83,533.95
2007-4-10,0,2.350788401,1.2629,443.33,10,-2.02,520
2007-4-11,0,2.490201738,1.2629,475.23,11.02,-2.51,518.81
2007-4-12,28.03,2.633651141,1.8802,297.53,13.85,3.81,800
2007-4-13,0.02,2.558360826,3.2848,364.24,13.5,4.74,859.22
2007-4-14,1.59,2.779907214,2.9733,448.38,13.5,-0.25,600
2007-4-15,46.43,2.824434844,2.8317,306.42,15.23,5,880
2007-4-16,41.97,2.452747072,6.258,289.5,11,1.74,699.22
2007-4-17,5.08,2.09690851,7.7871,195.4,9.26,3.5,800
2007-4-18,0,2.118239741,6.1448,233.1,10.5,5.48,918.66
2007-4-19,1,2.112983685,4.4741,231.17,10.5,5.65,920
2007-4-20,0,3.163765298,3.4263,503.45,16.02,2,720
2007-4-21,0,3.887193582,2.7496,554.18,22,1.06,644.97
2007-4-22,0,4.236051185,2.3616,533.61,25.11,6.19,936.6
2007-4-23,0,4.433955528,2.0841,521.43,26.72,8.42,1113.39
2007-4-24,0,4.518976441,1.9255,455.71,28.48,14.42,1633.68
2007-4-25,0,4.004174067,1.801,461.48,23.6,10.24,1258.82
2007-4-26,0,3.22050699,1.699,379.06,17.79,8.5,1120
2007-4-27,2.78,3.018018185,1.6933,280.5,16.85,9.15,1171.98
2007-4-28,5.3,3.381425003,1.8236,269.9,20,11.5,1360.25
2007-4-29,0,3.82313364,1.7925,442.77,22,10.69,1295.59
2007-4-30,0,4.607277099,1.6594,535.38,26.36,8.2,1096.12
2007-5-1,0,4.394406274,1.5659,504.01,25,9.76,1220.88
2007-5-2,0,4.164909162,1.4725,465.8,23.69,10.78,1302.6
2007-5-3,0,3.979442056,1.396,488.43,21.3,7.66,1052.57
2007-5-4,0,3.897698406,1.3337,510.72,19.83,5,880
2007-5-5,0,4.188149647,1.2884,528.41,21.76,5.06,885
2007-5-6,0,3.712841534,1.2346,450.74,18.92,6.89,991.29
2007-5-7,0,3.449626548,1.2091,472.74,15.75,3,760.04
2007-5-8,0,3.961857635,1.1921,523.93,19.23,3,760.25
2007-5-9,0,4.317532937,1.1723,450.15,23.67,10.73,1298.7
2007-5-10,0,4.332046323,1.1723,382.72,25.5,15,1720
2007-5-11,0,4.687026377,1.161,431.22,27,14.49,1639.21
2007-5-12,0,4.620749076,1.1383,443.65,25.93,13,1480
2007-5-13,6,4.181054834,1.2006,327.14,22.16,10,1240
2007-5-14,0,4.085486293,1.1638,488.41,20,5.77,920
2007-5-15,0,4.478152645,1.1044,445.88,24.16,11.3,1343.91
2007-5-16,14.97,4.781635627,1.0675,295.78,27.96,16.63,1890.36
2007-5-17,12.13,4.577860313,1.229,322.67,25,12.5,1440
2007-5-18,0.37,3.497009685,1.2459,332.97,17.35,8.5,1120
2007-5-19,0,3.938243031,1.1751,453.74,18.5,5.5,920
2007-5-20,0,4.315086948,1.1185,420.29,22.5,10.51,1280.8
2007-5-21,0,4.438116705,1.0506,423.87,23.5,11.49,1359.34
2007-5-22,0,4.514338974,1.0109,487.18,22.57,8,1080
2007-5-23,0,4.482382088,0.9571,460.01,22.9,9.75,1220.33
2007-5-24,0,4.746267123,0.9175,482.11,24.42,10,1240
2007-5-25,0,5.305160204,0.875,486,28.5,13,1480.49
2007-5-26,0,5.647413972,0.8637,460.85,31.41,16.44,1870.62
2007-5-27,0,5.516331461,0.8184,433.95,30.99,17.28,1964.97
2007-5-28,4.73,5.325150132,0.9288,307.26,30.1,17.5,2000.49
2007-5-29,0,4.95371224,0.858,413.77,27.07,14.82,1690.6
2007-5-30,0,5.2525415,0.8184,491.26,27.37,11.5,1360
2007-5-31,0,5.504102367,0.7957,455.37,30,15.49,1759.51
2007-6-1,0,5.427828856,0.7617,424.84,30.16,17,1920
2007-6-2,0,5.195825211,0.7504,397.14,29.18,17.34,1974.94
2007-6-3,25.88,4.480782141,0.8325,238.33,26.16,17.5,2000
2007-6-4,33.49,3.976706768,1.6367,190.73,24.55,18,2080
2007-6-5,0,4.685808896,1.7896,348.06,26.98,17.57,2011.17
2007-6-6,2,4.777052626,1.5489,417.05,25.5,14,1600
2007-6-7,0,4.84245857,1.2346,473.03,24.5,10.92,1313.9
2007-6-8,0,5.366523517,1.0421,430.34,29.59,16.98,1918.32
2007-6-9,0,5.485271946,0.9061,400.48,31.27,19.5,2280
2007-6-10,0,4.71522505,0.8353,369.91,26.39,16.5,1880
2007-6-11,0,4.733877363,0.8212,389.87,25.92,15.5,1760
2007-6-12,9.15,5.029228193,0.8155,286.93,28.5,18,2080
2007-6-13,2.79,4.599944827,0.7702,293.95,25.3,15.5,1760
2007-6-14,0,3.567692467,0.7957,280.1,19.5,13,1480
2007-6-15,0,3.340933644,0.7617,241.48,19.02,13.56,1564.97
2007-6-16,0,4.299102413,0.7447,349.95,24,15.5,1760
2007-6-17,0,5.261893859,0.6994,423.87,29.23,17.56,2010
2007-6-18,0,5.312710327,0.6768,410.64,30.04,18.76,2161.76
2007-6-19,0,5.206926814,0.6683,420.53,28.95,17.5,2000
2007-6-20,5.13,4.853331982,0.6768,277.13,28,18.51,2121.95
2007-6-21,0,5.278766837,0.6683,490.16,27.5,13.36,1537.8
2007-6-22,0,5.119783924,0.6456,450.18,27.5,15.26,1740.83
2007-6-23,0,5.189052207,0.623,521.96,26,10.33,1261.46
2007-6-24,0,5.149607074,0.6003,511.61,26,10.99,1318.81
2007-6-25,11.06,4.892567613,0.6598,309.41,27.02,16.36,1857.49
2007-6-26,0,5.113029764,0.657,381.89,29.83,19.84,2307.41
2007-6-27,0,5.393405913,0.6173,383.97,31.87,21.5,2560
2007-6-28,6.31,5.521578526,0.5947,292.42,32.62,21.93,2628.01
2007-6-29,3.75,4.767126971,0.6031,265.89,28.5,19.79,2303.59
2007-6-30,0,4.105807664,0.6003,310.12,24.79,17.81,2050.04
2007-7-1,0,4.741476934,0.5748,436.53,25.79,15.07,1725.32
2007-7-2,0,4.879523657,0.5607,498.39,25,11.74,1379.22
2007-7-3,0,5.050435035,0.5409,512.09,25.85,11.47,1357.56
2007-7-4,8.03,4.589819688,0.5437,298.84,25.68,15.99,1798.97
2007-7-5,2.22,4.021287225,0.5663,252.98,26,19.85,2307.73
2007-7-6,0,4.776767273,0.5437,355.42,29,20.3,2367.82
2007-7-7,0,5.648651201,0.5069,484.99,31.16,16.98,1918.32
2007-7-8,0,5.672155259,0.4644,463.66,32,18.67,2147.28
2007-7-9,0,6.040251999,0.4474,460.5,34.5,20.5,2400
2007-7-10,0,5.735559163,0.4304,409.06,34.13,22.5,2720
2007-7-11,0,5.382957322,0.4332,388.7,32.5,22,2640
2007-7-12,0,5.238505123,0.4304,411.44,30.79,19.8,2304.2
2007-7-13,0,5.137975816,0.4106,430.46,29.5,18,2080
2007-7-14,0,5.225712302,0.4021,450.41,29.5,17,1920.49
2007-7-15,0,5.035971195,0.3851,383.31,30.19,19.99,2318.97
2007-7-16,0,5.36455895,0.3766,410.99,32,20.71,2180.13
2007-7-17,0,5.261342218,0.371,425.96,30.93,19.33,1954.87
2007-7-18,0,5.096005892,0.3625,381.9,31.15,21,2267.79
2007-7-19,0,5.467685898,0.3794,434.04,32.41,20.23,2033.78
2007-7-20,0,4.895147937,0.3681,374.36,30,20.2,2184.92
2007-7-21,0,4.926559375,0.3483,453.95,28,15.8,1543.19
2007-7-22,0,5.076489191,0.3341,466.71,28.92,16,1540.88
2007-7-23,2.18,4.532129255,0.3426,386.28,26.5,16.3,1719.8
2007-7-24,0,4.67816422,0.3483,472.27,25.96,13.43,1332.29
2007-7-25,0,5.130840233,0.3256,480.26,29.41,15.83,1509.63
2007-7-26,0,4.736374497,0.3228,380.67,29.34,19.5,2102.42
2007-7-27,0,4.69818911,0.3256,362.22,29.78,20.44,2252.98
2007-7-28,0,5.094307327,0.32,413.01,31.47,20.27,2076.83
2007-7-29,5.33,4.810177744,0.521,330.51,30.76,21.09,2371.99
2007-7-30,17.8,4.023674049,0.926,207.77,27.5,20.68,2428.05
2007-7-31,0,4.582690219,0.7532,365.49,29.16,19.67,2235.5
2007-8-1,0,5.377390144,0.5975,466.98,32.5,18.53,1880.68
2007-8-2,0,5.425120071,0.487,447.6,33.5,20.19,2110.72
2007-8-3,0,5.007678617,0.3936,372.64,32.69,22.33,2586.87
2007-8-4,0,5.210887731,0.3625,397.27,33.51,22,2474.48
2007-8-5,0,4.818752237,0.3426,383.28,31.08,20.45,2303.07
2007-8-6,3.7,4.284100101,0.3483,231.28,29.5,21.5,2560
2007-8-7,0,4.785737002,0.3625,345.37,32.5,22.99,2775.91
2007-8-8,0,5.27601374,0.3398,359.51,35.82,25.23,3116.51
2007-8-9,5.89,4.999910484,0.3256,271.43,34,23.74,2935.92
2007-8-10,5.9,4.878735696,0.3285,307.33,31.72,19.99,2319.11
2007-8-11,0,4.651310588,0.3285,453.58,28.99,16,1719.6
2007-8-12,0,4.745888678,0.3115,462.21,29.72,16.08,1692.46
2007-8-13,0,4.854247644,0.2973,414.27,32,19.98,2229.96
2007-8-14,0,4.842519552,0.2888,476.99,30.5,15.62,1624.98
2007-8-15,0,4.749227424,0.2792,454.96,30.5,16.8,1724.28
2007-8-16,4.94,4.415782927,0.2917,293.29,31,21.44,2510.92
2007-8-17,7.63,4.281687875,0.3341,244.49,31.05,22.37,2697.43
2007-8-18,0,4.515517836,0.303,445.63,29.49,16.34,1699.22
2007-8-19,11.81,3.780635371,0.303,278.92,25,15.3,1744
2007-8-20,18.48,2.950175328,0.4332,165.2,22.24,17.07,1933.01
2007-8-21,18.64,2.398313649,0.6966,108.23,20.31,17.14,1947.54
2007-8-22,11.89,2.322397315,0.7532,108.39,19.5,16.41,1862.37
2007-8-23,1.02,2.930383108,0.6739,236.02,22.51,17.23,1956.76
2007-8-24,0,3.612879444,0.6201,335.7,26.43,18.31,2104.68
2007-8-25,0,4.158758062,0.5437,362.93,30.83,21.16,2504.94
2007-8-26,0,4.254089554,0.4417,373.33,31.5,21.24,2518.45
2007-8-27,0,3.878091298,0.3993,357.05,28.98,19.76,2300.83
2007-8-28,0,4.019968434,0.3738,422.24,28.55,16.75,1900.33
2007-8-29,0,4.049655918,0.3483,448.69,28.32,14.94,1709.99
2007-8-30,0,4.066958314,0.3313,436.06,29,15.96,1797.03
2007-8-31,0,4.059578189,0.3256,424.77,29.5,16.9,1911.66
2007-9-1,0,3.781392936,0.3143,412,27.55,15.94,1794.84
2007-9-2,0,3.757440306,0.2973,457.78,26.5,12.49,1432.35
2007-9-3,0,3.797891954,0.2888,444.97,27.5,14.03,1503.55
2007-9-4,0,3.971785736,0.2789,417.16,30,17.29,1876.83
2007-9-5,0,3.929508379,0.2778,434.8,29.49,15.7,1673.05
2007-9-6,0,3.692557772,0.2769,389.3,28.48,16.96,1878.99
2007-9-7,0,3.666926723,0.2741,350.65,29.49,19.26,2228.94
2007-9-8,0,3.6250646,0.265,342.07,29.62,19.65,2277.86
2007-9-9,0,3.717057075,0.2682,391.02,29.59,17.52,1956.16
2007-9-10,0,3.580884749,0.2818,329.37,30.16,20.5,2399.99
2007-9-11,13.38,3.537389363,0.3511,238.33,30.42,21.15,2503.29
2007-9-12,0,3.326123052,0.3455,399.74,26.5,14.5,1626.8
2007-9-13,0,3.270191988,0.3087,437.38,25.56,11.52,1320.73
2007-9-14,0,3.172296168,0.3002,374.37,26.1,15.22,1728.84
2007-9-15,15.75,2.89950098,0.4361,258.84,24,14.5,1640.49
2007-9-16,0,2.767878834,0.4361,425.01,21,8.03,1082.37
2007-9-17,0,2.712169711,0.3653,415.11,20.85,8.35,1108.18
2007-9-18,0,2.666628191,0.3398,369.06,21.5,10.99,1319.24
2007-9-19,0,2.75700534,0.3171,380.35,22.72,11.27,1341.78
2007-9-20,0,2.983798646,0.3058,414.38,25.29,11,1315.46
2007-9-21,0,2.978154351,0.303,379.96,26.02,13.24,1518.45
2007-9-22,0,3.008022927,0.303,334.46,27.49,16.43,1868.33
2007-9-23,0,2.98745644,0.3087,339.77,27.5,16,1800.49
2007-9-24,0,2.930947909,0.2917,396.47,26.54,11.75,1374.79
2007-9-25,0,2.954670995,0.286,386.59,27.35,12.76,1460.15
2007-9-26,0,3.05996414,0.2823,338.07,29.46,17.01,1925.75
2007-9-27,0,2.804341107,0.2812,254.31,28.66,19.97,2317.95
2007-9-28,0,2.681016636,0.2917,275.98,27,17.71,2033.19
2007-9-29,0,2.642153602,0.2815,366.38,25.5,12,1400.25
2007-9-30,0,2.543483843,0.2786,382.29,24.62,10,1231.76
2007-10-1,0,2.453483754,0.2784,355.38,24,11,1320.1
2007-10-2,0,2.377486317,0.2778,345.71,23.5,11.01,1320.94
2007-10-3,0,2.450918637,0.2798,285.84,25.8,15.85,1788.1
2007-10-4,0,2.397214674,0.2781,222.42,27.09,19.5,2280
2007-10-5,0,2.397737742,0.2778,241.35,27,18.74,2158.45
2007-10-6,0,2.367138196,0.2795,241.89,27,18.71,2153.34
2007-10-7,0,2.563955062,0.286,272.04,29.33,19.38,2260.2
2007-10-8,0,2.655800001,0.282,298.72,30.5,18.87,2179.11
2007-10-9,25.77,2.612480116,0.3936,218.26,30.51,19.24,2238.45
2007-10-10,31.82,2.284191555,1.0704,201.54,26.94,17.19,1949.8
2007-10-11,12.7,1.956755958,0.9628,195.92,22.5,13.53,1562.21
2007-10-12,5.2,1.780453096,0.8127,224.17,19.48,9.06,1165.13
2007-10-13,0,1.676223039,0.6654,362.36,18.19,3.76,800
2007-10-14,0,1.689937961,0.5125,346.12,18.94,5.38,910.1
2007-10-15,0,1.710141278,0.4276,344.81,20,6.02,921.52
2007-10-16,0,1.754021035,0.4049,308.06,21.18,9.32,1185.85
2007-10-17,0,1.85188854,0.3879,285.32,23.49,12.5,1440.25
2007-10-18,0,1.872924614,0.3766,259.47,24.5,14.58,1655.12
2007-10-19,26.07,1.787580421,0.4191,147.73,24.49,17.26,1961.2
2007-10-20,15,1.754198586,0.5324,194.67,23.5,13.67,1573.96
2007-10-21,0,1.724834304,0.4955,319.72,23.95,10.14,1251.26
2007-10-22,0,1.764511639,0.4332,300.75,25,12.16,1412.8
2007-10-23,0,1.770654444,0.3964,230.84,25.5,16.44,1871.11
2007-10-24,18.91,1.672780457,0.487,158.4,24.5,16.5,1880
2007-10-25,15.11,1.309570711,0.79,131.53,18,12.01,1400.92
2007-10-26,10.03,1.196188944,0.7617,96.91,16.97,12.73,1458.38
2007-10-27,18.77,1.420177214,0.8807,159.02,21,13.4,1543.64
2007-10-28,0,1.254662187,0.8552,278.64,17.82,7.1,1007.99
2007-10-29,0,1.048127446,0.7532,304.07,13.5,1.4,671.83
2007-10-30,0,1.077534445,0.6966,314.79,15.5,2.08,718.81
2007-10-31,0,1.134946672,0.6456,316.92,18.19,3.82,800
2007-11-1,0,1.255451789,0.5862,275.92,20.47,9.01,1160.95
2007-11-2,0,1.101578372,0.5324,293.22,17.84,5.15,892.18
2007-11-3,0,0.976554367,0.4559,227.75,13.49,5.03,882.71
2007-11-4,0,0.957909803,0.4899,262.21,14.15,3.6,798.26
2007-11-5,0,0.914851585,0.4672,297.11,15.13,1.37,669.54
2007-11-6,9.91,0.948718228,0.5862,187.51,15,4.71,856.62
2007-11-7,0,0.826942361,0.6315,244.75,11.5,1.68,694.49
2007-11-8,0,0.742505337,0.572,271.38,10,-1.62,550.1
2007-11-9,0,0.711140578,0.5465,241.39,8.45,-1.27,560
2007-11-10,1,0.716060396,0.5154,177.04,8.01,1.4,671.74
2007-11-11,0,0.690696716,0.5097,235.15,8.74,-0.79,576.75
2007-11-12,0,0.75170205,0.4899,212.84,11.09,2.68,734.23
2007-11-13,5.94,0.814958552,0.5012,156.91,13.89,5.5,920
2007-11-14,0,0.774950472,0.5097,271.71,16.33,3.23,778.54
2007-11-15,3.05,0.814765452,0.504,188.05,17,5.51,920
2007-11-16,0,0.714841103,0.4927,210.62,11.96,3.42,793.92
2007-11-17,0,0.620593883,0.4899,227.77,9.25,-0.19,600
2007-11-18,5.86,0.675516726,0.4842,134.58,10.53,3.5,799.6
2007-11-19,6,0.676974979,0.504,79.17,9.79,5.88,922.36
2007-11-20,2.48,0.683504978,0.5097,135.16,11.14,5.31,904.42
2007-11-21,0,0.754972172,0.4927,202.59,15.89,7.5,1040.25
2007-11-22,0,0.762189431,0.4842,251.55,20.5,7.66,1052.62
2007-11-23,0,0.513287943,0.4729,273.85,14.04,-1.2,560
2007-11-24,0,0.44116769,0.4672,242.11,5.5,-5.57,400
2007-11-25,0,0.479056344,0.4672,237.43,8.49,-2.71,503.08
2007-11-26,5.02,0.610764953,0.487,159.44,14.09,4.16,815.61
2007-11-27,1.74,0.656852655,0.4984,220.49,17.5,6.51,960.97
2007-11-28,0,0.504357065,0.4757,219.05,10.5,0.19,615.6
2007-11-29,0,0.490427557,0.4672,224.58,10.87,0.06,610.16
2007-11-30,0,0.466768376,0.4672,225.18,10,-0.76,579.22
2007-12-1,0,0.447289489,0.4672,177.93,5.5,-2,521.52
2007-12-2,17,0.441029816,0.4927,150.91,7.03,-1.82,534.37
2007-12-3,17.97,0.484170119,0.9345,152.96,10.51,1.15,656.07
2007-12-4,0,0.453978912,0.824,171.63,6.6,-0.61,590.96
2007-12-5,0,0.395059806,0.7079,157.42,2.29,-4,440.25
2007-12-6,0,0.315898591,0.6654,212.82,0.36,-9,320
2007-12-7,0,0.290558413,0.6145,242.31,2.23,-9.96,280
2007-12-8,7,0.399844271,0.6796,149.34,6.5,-2.32,520
2007-12-9,1.81,0.433047268,0.7221,195.75,8.69,0,600.25
2007-12-10,3.63,0.51184893,0.6881,83.83,8.26,3.73,800
2007-12-11,0.92,0.525756563,0.6711,121.29,9.51,4.65,851.88
2007-12-12,0,0.492956095,0.64,203.18,13.95,4.33,826.16
2007-12-13,1.53,0.426858434,0.6031,177.18,10,0.76,640
2007-12-14,0,0.429680635,0.5975,158.82,6.44,-0.01,601.99
2007-12-15,0,0.374648439,0.5748,206.27,6.82,-2.35,520
2007-12-16,33.6,0.408384783,1.0222,155.66,9.67,0.19,615.99
2007-12-17,0,0.400005018,1.1157,187.39,7,-1,560
2007-12-18,0,0.356201935,0.8863,184.86,3.73,-4.05,440
2007-12-19,0,0.358722803,0.8155,203.05,5.92,-3.19,480
2007-12-20,0,0.360543168,0.7929,211.73,7.5,-2.5,520
2007-12-21,2,0.369924525,0.7079,203.19,7.15,-2.22,520
2007-12-22,0,0.45392498,0.6796,154.34,8.12,1.75,700.05
2007-12-23,17.93,0.508261706,0.7646,139.35,13.49,5.23,898.38
2007-12-24,0,0.38549637,0.8495,232.95,13,0.71,640
2007-12-25,0,0.387687956,0.7362,218.49,9.5,-0.76,579.22
2007-12-26,5.64,0.385707619,0.6796,150.12,6.73,-1.93,525.91
2007-12-27,0.11,0.434387806,0.6513,155.02,6.2,0.1,608.18
2007-12-28,3.59,0.376904378,0.7079,171.05,9,-1.74,540.87
2007-12-29,25.82,0.407675165,0.9911,176.73,13.07,0.96,640
2007-12-30,10.65,0.397764983,1.2176,169.22,9.5,-0.99,560.42
2007-12-31,9.3,0.416913871,1.2459,153.88,8.02,-0.83,573.46
2008-1-1,0,0.403989763,1.1044,225.46,10.86,-0.62,590.46
2008-1-2,0,0.377881376,0.9911,214.1,6.6,-3.5,480
2008-1-3,0,0.314438964,0.9061,190.54,-1,-9.17,306.61
2008-1-4,0,0.287512721,0.8495,242.37,1.24,-11,280
2008-1-5,0,0.382742134,0.8212,213.15,5.36,-4.41,440
2008-1-6,1,0.450755134,0.7646,217.95,9.99,-0.29,600
2008-1-7,0,0.529930448,0.7362,231.16,16.01,3.99,800.25
2008-1-8,0,0.628045224,0.7362,216.92,18.12,7.26,1021.06
2008-1-9,0,0.641847165,0.7079,224.33,19,7.47,1037.51
2008-1-10,3.91,0.445020815,0.7362,195.17,14.49,-0.5,600
2008-1-11,10.1,0.553511364,0.7646,177.98,14.98,3.11,768.95
2008-1-12,0,0.544863989,0.7929,230.64,13,2,720
2008-1-13,0,0.506788799,0.8212,224.48,9.5,-0.57,594.43
2008-1-14,6.58,0.530672573,0.9061,126.03,7,0.35,628.27
2008-1-15,1.47,0.485115968,0.8778,163.59,4,-2.35,520
2008-1-16,0,0.484624259,0.7929,185.57,4.28,-3.03,480
2008-1-17,0,0.491946075,0.8495,222.81,5.86,-3.49,480
2008-1-18,15.55,0.555056099,1.0194,166.23,8.48,-0.78,577.59
2008-1-19,0,0.557609914,0.9911,185.76,6.5,-0.67,586.02
2008-1-20,0,0.464596963,0.9061,224.1,2.5,-6.5,360
2008-1-21,0,0.395964103,0.8495,210.88,-2.5,-10.5,280
2008-1-22,0,0.454775561,0.7929,265.57,2.74,-8.99,316.91
2008-1-23,0,0.54571788,0.7646,224.96,4.98,-3.85,451.87
2008-1-24,0,0.524415496,0.7646,231.25,3.5,-5.5,400
2008-1-25,0,0.484955755,0.7646,215.94,0.5,-7.5,360
2008-1-26,0,0.513329097,0.7079,214.78,1.36,-6.51,360
2008-1-27,0,0.581477874,0.7079,195.06,3.66,-3.3,480
2008-1-28,0,0.61179189,0.7079,244.28,5.5,-3.84,452.88
2008-1-29,0,0.634806313,0.6796,277.33,7.14,-4.51,440
2008-1-30,4.99,0.739926439,0.6796,201.91,10.38,-0.66,586.9
2008-1-31,0,0.650187018,0.7362,293.26,7,-5.6,400
2008-2-1,26.89,0.740870322,0.9628,221.33,10.19,-2.8,497.59
2008-2-2,35.33,0.818202733,1.3309,209.29,11.5,-0.02,600
2008-2-3,0,0.772616768,1.2459,292,9.53,-2.63,509.54
2008-2-4,0,0.845142267,1.076,265.53,10.53,0.39,631.02
2008-2-5,0,1.003449552,0.9911,246.81,14.55,5.36,908.41
2008-2-6,0,1.190441913,0.9628,281.02,19.75,8.03,1082.42
2008-2-7,1.23,1.131938272,0.9628,313.6,19,4.5,840
2008-2-8,0,0.891320884,0.9345,295.56,10,-1.5,560
2008-2-9,0,0.901151706,0.9486,312.7,10.02,-2.5,520
2008-2-10,5.07,0.918534479,0.9203,246.01,10.43,-3.5,480
2008-2-11,0,0.723757156,0.8467,343.15,3.48,-11.14,268.79
2008-2-12,0,0.737760657,0.8438,299.68,2.38,-8.3,320
2008-2-13,22.95,1.098634865,1.2091,256.58,14.21,-1.27,558.17
2008-2-14,16.62,0.982103961,1.8264,230.43,9.01,-2.5,520
2008-2-15,0,1.033216286,1.7217,326.91,10.19,-2.86,491.34
2008-2-16,0,1.018362286,1.515,321.52,9,-3.39,480
2008-2-17,0,1.023392447,1.3451,332.19,8.7,-4.49,440
2008-2-18,3.18,1.315051331,1.2459,250.89,15.66,1.62,689.48
2008-2-19,4.86,1.209178395,1.1808,257.2,12.5,-1.69,544.97
2008-2-20,0,0.961386252,1.0987,304.48,5,-6.02,398.66
2008-2-21,2.96,0.840292895,1.0591,235.33,1.11,-8.26,320
2008-2-22,9.54,0.870556536,1.0845,176.9,1.95,-4.7,440
2008-2-23,4.61,0.817407987,1.178,97.98,1.91,-1.51,556.66
2008-2-24,0,0.975333615,1.1525,302,3.5,-5.29,416.72
2008-2-25,0,1.166763791,1.1213,290,7.71,-1.82,534.82
2008-2-26,0,1.313989882,1.1157,309.89,10.49,-0.1,600
2008-2-27,8.47,1.290445659,1.1044,210.85,9.64,0.5,640
2008-2-28,0,1.008776839,1.0534,301.66,2.5,-7.04,360
2008-2-29,0,1.052591207,1.0279,357.28,3.01,-9.3,295.9
2008-3-1,1,1.280661532,0.9968,312.05,7.82,-2.1,527.21
2008-3-2,0,1.317354091,0.9543,337.39,8,-2.97,482.08
2008-3-3,0,1.517468383,0.9345,380.91,11.49,-2.27,520
2008-3-4,0,1.808803458,0.9231,310.28,16.8,6.79,983.29
2008-3-5,16.63,1.860591344,1.076,246.96,16.99,6.14,931.25
2008-3-6,0,1.600215425,1.0817,377.78,11.5,-1.5,560
2008-3-7,0,1.708487266,1.1072,380.26,12.96,-0.2,600
2008-3-8,25.03,1.895094175,2.5429,276.88,15.75,3.26,780.83
2008-3-9,0,1.686345118,2.945,386.78,11.57,-1.5,560
2008-3-10,0,1.480254458,2.4352,359.29,7.59,-3.5,478.81
2008-3-11,0.35,1.643214042,1.8831,329.32,10.5,0.83,640
2008-3-12,0,1.732454939,1.5489,344.4,11.5,1.36,668.73
2008-3-13,0,1.703604026,1.3564,406.94,10,-3.21,480
2008-3-14,0,1.902179484,1.2601,387.54,13,0.96,641.26
2008-3-15,1,2.04725099,1.1978,343.63,15.5,5.5,920
2008-3-16,2.05,1.817744937,1.1695,300.54,12.17,4,800
2008-3-17,0,1.770714724,1.1044,367.68,10,-0.26,600
2008-3-18,0,1.635488767,1.0619,302.01,8.51,0.87,640
2008-3-19,4.52,2.003336486,1.0987,259.43,13.45,4.27,821.93
2008-3-20,4.45,2.326150151,1.1723,298.83,16.97,5.5,920
2008-3-21,0,1.91038933,1.093,366.63,11,1.49,678.81
2008-3-22,0,1.925646408,1.0506,392.62,10.47,0,600
2008-3-23,0,1.894723757,1.0222,416.57,9.3,-2.25,520
2008-3-24,0,1.957232353,0.9854,448.15,9.5,-4,440
2008-3-25,0,1.955203602,0.9713,412.88,9.5,-2,520
2008-3-26,0,2.453244333,0.943,431.22,15.77,2.8,743.91
2008-3-27,0,2.494707182,0.9231,417.09,16.16,4,800.03
2008-3-28,0,2.908769489,0.9231,448.45,20.45,5.86,921.58
2008-3-29,0,2.413519779,0.9231,455.09,13.83,-0.33,600
2008-3-30,0,1.976341371,0.9231,387.9,8.54,-1.74,540.55
2008-3-31,0,2.217054499,0.8863,364.67,12.01,2.47,720.25
2008-4-1,2.29,2.53618281,0.9203,287.11,17.42,9.48,1198.31
2008-4-2,0.19,2.970975182,0.9486,471.92,19,3.5,800
2008-4-3,6.64,2.29980267,0.9203,333.36,10.96,-1.63,549.45
2008-4-4,18.73,2.50763451,1.2516,300.47,14.01,3.27,781.21
2008-4-5,0,2.527918516,1.3167,285.69,16.95,9.92,1233.43
2008-4-6,7.65,2.355416245,1.3394,230.18,13.81,6.5,960
2008-4-7,3.99,1.578715671,1.3422,107.47,8,5.03,882.76
2008-4-8,1,1.850758867,1.2629,209.08,9.42,5,880
2008-4-9,2,2.182799927,1.195,287.68,11.7,5.5,920
2008-4-10,1,2.689850299,1.1638,367.81,16.01,7.5,1040
2008-4-11,0,3.140601347,1.0987,413.9,19.85,9.5,1200
2008-4-12,0,3.314584655,1.1213,397.24,22,12.17,1413.91
2008-4-13,16.34,3.186327914,1.7245,337.84,19.02,7.5,1040.25
2008-4-14,0,2.726378254,1.6311,457.33,13.5,2.26,720
2008-4-15,0,2.766478617,1.3677,466.3,13.5,1.81,705.11
2008-4-16,0,3.132234268,1.1978,527.65,16.04,0,600
2008-4-17,0,3.651898491,1.1129,548.32,20.66,0.52,640
2008-4-18,0,4.002972184,1.0675,537.97,23.77,4,800.03
2008-4-19,0,4.140793268,1.0222,515.45,25.03,7.5,1040
2008-4-20,0,3.719458241,0.9713,422.41,22.83,11.3,1344.14
2008-4-21,0,3.008034927,0.943,300.84,18.65,11.5,1360
2008-4-22,0,3.031257123,0.9288,340.03,17.52,9.46,1196.97
2008-4-23,0,3.707458819,0.9118,457.35,21.33,8.88,1150.38
2008-4-24,0,4.180802205,0.8778,476.3,25,10.94,1315.03
2008-4-25,0,4.03269565,0.858,500.95,22.89,7.77,1061.43
2008-4-26,0,3.530447949,0.8382,380.62,20.93,11.5,1360
2008-4-27,6,2.944356565,0.8325,242,16.27,9,1160.25
2008-4-28,10.95,2.733590272,0.8976,214.58,15,8.85,1147.67
2008-4-29,6.61,3.133293603,1.0534,286.93,16.5,7.83,1066.2
2008-4-30,0,3.29168832,0.9656,483.63,15.5,3.24,779.45
2008-5-1,0,3.306630509,0.9175,457.27,16,4.76,860.83
2008-5-2,0,3.979580931,0.8807,475.96,21.84,9.24,1178.83
2008-5-3,0,3.95270847,0.858,451.72,22.07,10.57,1285.57
2008-5-4,0,3.853773534,0.8382,432.93,21.5,10.83,1306.41
2008-5-5,0,3.869928238,0.8099,460.44,20.67,8.93,1154.34
2008-5-6,0,4.320599226,0.7957,516.97,23,7.76,1038.14
2008-5-7,0,4.792886585,0.7646,521.22,26.5,9.81,1164.55
2008-5-8,0,4.423893235,0.7391,392.8,26.5,15.91,1792.55
2008-5-9,36.51,3.902092224,1.4272,296.99,21.48,11.3,1344.13
2008-5-10,10.74,3.150303388,2.0643,254.99,15.44,7.43,1034.32
2008-5-11,0,3.36217673,1.8519,395.87,16,6.36,948.46
2008-5-12,21.35,2.743811039,1.3677,192.41,13.5,7.77,1061.99
2008-5-13,0,3.413665317,2.5627,409.88,16,6.06,925.07
2008-5-14,0,4.498423866,2.1266,535.34,22.61,5.74,920
2008-5-15,0,4.444540057,1.6537,432.41,24.5,12.79,1463.54
2008-5-16,11,3.781307774,1.6169,261.75,21.06,12.65,1452.04
2008-5-17,4.93,4.058282053,1.6594,357.76,20.58,8.93,1154.32
2008-5-18,4.62,3.945944157,1.5036,294.23,21.46,12.18,1414.44
2008-5-19,0.05,3.931189499,1.4102,475.45,19,7.2,1016.2
2008-5-20,9.34,3.387881608,1.4781,317.14,15.23,5.74,920
2008-5-21,6.02,3.468505309,1.7047,291.23,16.83,8.22,1097.59
2008-5-22,1.01,3.936017389,1.5688,450.81,19.36,8.49,1119.37
2008-5-23,0,4.038575407,1.3762,472.77,19.62,7.92,1073.9
2008-5-24,0,4.416215339,1.2403,503.14,21.95,8.58,1126.11
2008-5-25,0,4.622138111,1.144,521.24,23.05,8.49,1114.33
2008-5-26,0,4.817353793,1.0421,504.97,24.87,10.78,1299.87
2008-5-27,0,4.7315807,0.9514,401.67,27.1,16.9,1912
2008-5-28,0.12,4.661700329,0.8835,477.59,23.97,11,1319.53
2008-5-29,0,4.56814066,0.8212,522.18,22,7,999.61
2008-5-30,0,4.986783229,0.7787,508.64,25.5,10.57,1267.96
2008-5-31,17.96,4.710542857,0.8665,295.72,26.55,16.36,1857.63
2008-6-1,0,4.939946434,1.2035,409.37,27.86,17,1920
2008-6-2,0,5.177153687,1.0506,479.68,27.5,13.74,1579.22
2008-6-3,0,4.952222517,0.9316,448.97,26.56,14.31,1624.56
2008-6-4,28.11,4.827249478,1.1072,301.43,27,16.5,1880
2008-6-5,18.42,4.334341141,1.6933,259.72,24.89,16.5,1880
2008-6-6,0,4.131936897,1.648,341.26,23.44,15.5,1760
2008-6-7,0,5.219051794,1.4017,439.09,28.98,17.13,1941.44
2008-6-8,0,5.980695004,1.1751,431.24,34.33,21.5,2560
2008-6-9,0,6.043239067,1.0279,403.01,35.46,23.41,2865.02
2008-6-10,0,6.094510784,0.926,416.46,35.29,22.66,2745.82
2008-6-11,0,5.789765406,0.8297,425.63,32.93,20.37,2379.4
2008-6-12,0,5.537603261,0.7249,447.01,30.5,17.5,2000
2008-6-13,0,5.362936454,0.6541,450.73,29.21,16.45,1871.92
2008-6-14,0,5.328782545,0.6201,415.86,30,18.5,2120
2008-6-15,0,5.329288704,0.623,398.04,30.5,19.5,2280
2008-6-16,5.54,5.449920269,0.6541,330.98,30,17.39,1983.07
2008-6-17,4,5.389412912,0.7702,343.38,29,15.75,1780.33
2008-6-18,0,5.187674453,0.6881,494.15,26.5,11.93,1394.49
2008-6-19,3,4.953197728,0.6768,347.01,25.5,12.53,1442.15
2008-6-20,0,4.955549399,0.6201,442.8,26.01,13.7,1576.07
2008-6-21,0,5.159482588,0.5833,411.14,28.5,17,1921.2
2008-6-22,0,5.045855133,0.5409,376.16,28.79,18.5,2120
2008-6-23,0,4.680956989,0.5352,322.87,27.94,19.5,2280
2008-6-24,0,5.181363322,0.5239,429.66,28.32,16.36,1857.18
2008-6-25,0,5.350551851,0.4984,467.9,28.5,14.87,1699.97
2008-6-26,0,5.604851973,0.4786,433.4,31.26,18.5,2120
2008-6-27,0,5.87121958,0.4616,419.38,33.5,20.82,2451.01
2008-6-28,5.04,5.667038804,0.4616,307.66,32.5,20.5,2400
2008-6-29,0,5.377875786,0.4361,373.57,31.79,21.37,2539.24
2008-6-30,2.33,5.117680324,0.4276,327.62,30.5,20.84,2453.71
2008-7-1,0,5.168852846,0.4191,399.32,29.5,18.59,2134.56
2008-7-2,0,5.230860802,0.3964,416.86,29.5,18,2080
2008-7-3,0,5.456567934,0.3766,422.64,31.01,19,2200
2008-7-4,13.57,5.558895392,0.371,322.8,31.5,19,2200.07
2008-7-5,7.84,4.558672054,0.5437,234.9,28,20,2320
2008-7-6,5.01,4.318069973,0.5239,209.25,27.5,20.5,2400
2008-7-7,4.14,4.549862863,0.5012,228.91,28.5,20.74,2438.8
2008-7-8,0,4.896700553,0.4502,343.12,29.97,21,2480
2008-7-9,3.38,4.926007596,0.4219,267.75,29.82,20.5,2400
2008-7-10,0,4.715341325,0.4134,339.05,29,20.42,2386.8
2008-7-11,0,5.248013674,0.3794,449.28,29.49,17,1920
2008-7-12,0,5.264139347,0.3483,436.95,30.07,17.99,2078.64
2008-7-13,0,5.061186895,0.3285,411.72,29.46,18.5,2120
2008-7-14,0,4.747049162,0.3171,358.85,28.97,19.9,2311.82
2008-7-15,0,5.155569516,0.3256,439.92,29.5,17.46,1994.18
2008-7-16,0,5.745304879,0.3058,502.78,32,16.02,1774.73
2008-7-17,0,5.880403334,0.2832,491.22,33.27,17.5,1953.32
2008-7-18,0,5.786060439,0.2761,442.03,34.04,20.65,2419.88
2008-7-19,0,5.645903481,0.2537,427.5,33.63,21,2480
2008-7-20,0,5.23162827,0.2413,363.76,32.92,22.9,2784.67
2008-7-21,0,5.468246995,0.2325,384.83,33.98,23,2800
2008-7-22,0,5.538957404,0.2212,391.17,34.33,22.98,2796.15
2008-7-23,0,5.28887118,0.2129,393.28,32.61,21.5,2560
2008-7-24,23.44,5.074695492,0.4163,299.99,31,20,2320
2008-7-25,0,5.231742496,0.4757,478.75,30,15.69,1774.81
2008-7-26,0,5.184210205,0.3483,457.21,30.36,17.03,1925.17
2008-7-27,27.54,4.802780667,0.4248,294.87,29.52,19,2199.8
2008-7-28,0,4.96573611,0.6371,429.23,29.82,17.86,2057.46
2008-7-29,0,5.128191014,0.4531,434.12,31,18.5,2120
2008-7-30,0,4.974243491,0.3653,385.03,31.43,20.72,2434.6
2008-7-31,0,4.537219082,0.337,314.38,30.66,22.38,2700.8
2008-8-1,0,4.913025616,0.3256,379.67,31.5,21.02,2482.7
2008-8-2,7.97,4.779275141,0.3171,276.43,31,21,2479.63
2008-8-3,0,4.791777046,0.3313,409.56,30,18.73,2157.39
2008-8-4,0,4.890764115,0.303,439.24,30,17.35,1975.25
2008-8-5,0,4.868283692,0.2744,417.83,30.5,18.5,2120
2008-8-6,0,4.831070024,0.2628,377.68,31.5,20.75,2440.66
2008-8-7,0,5.009757574,0.2418,433.33,31.38,18.23,2098.38
2008-8-8,0,4.859099339,0.226,447.65,29.99,16.34,1854.74
2008-8-9,0,4.554925647,0.2186,434.2,28,15.24,1739.22
2008-8-10,38.05,4.469661968,0.2393,325.06,27.5,14.83,1693.14
2008-8-11,17.95,4.11428221,0.4049,286.56,26.01,15.59,1767.47
2008-8-12,0,4.237566259,0.3936,410.47,26.5,14.9,1703.94
2008-8-13,0,4.319422003,0.3256,399.82,27.67,16.21,1833.24
2008-8-14,0,4.455722531,0.2917,397.28,29.12,17.49,1997.95
2008-8-15,0,4.406766143,0.2713,397.1,29,17.48,1996.03
2008-8-16,0,4.374630453,0.2571,412.8,28.56,16.5,1880
2008-8-17,0,4.450122634,0.2333,429.14,29.02,16.12,1819.06
2008-8-18,0,4.562059356,0.2135,415.94,30.5,17.84,2053.99
2008-8-19,0,4.759435825,0.201,416.38,32.24,19,2200.06
2008-8-20,0,4.323197245,0.1914,458.78,27.88,13.3,1527.83
2008-8-21,0,4.121190601,0.1852,455.21,26.37,12.13,1410.74
2008-8-22,0,4.09733874,0.1838,420.27,27.16,14.42,1633.9
2008-8-23,0,4.066911702,0.1826,411.6,27.32,14.85,1695.86
2008-8-24,0,4.039667181,0.1858,401.85,27.59,15.5,1760
2008-8-25,0,4.149799954,0.1798,358.33,30,19.24,2238.45
2008-8-26,0,4.055045948,0.1727,412.73,28,15.23,1738.67
2008-8-27,0,3.865316942,0.1691,447.13,25.75,11.5,1360
2008-8-28,0,3.559142805,0.1722,344.23,25.5,15.74,1779.45
2008-8-29,0.03,3.248669153,0.1954,246.2,26,19.26,2241.66
2008-8-30,0,3.521263881,0.1923,262.65,28.5,21,2480.68
2008-8-31,0,4.189979633,0.1705,418.92,30.5,16.5,1880
2008-9-1,0,4.097153867,0.1495,444.19,29.5,14,1600
2008-9-2,0,4.155056089,0.1427,442.12,30.36,14.5,1640
2008-9-3,0,4.076864059,0.147,408.76,30.5,16.49,1863.14
2008-9-4,0,4.11390205,0.1405,389.57,31.5,18.17,2034.19
2008-9-5,0,4.03990289,0.1277,368.55,31.53,19.03,2182.16
2008-9-6,28.79,3.263661895,0.3143,174.61,28.5,21.47,2554.92
2008-9-7,0,3.302580962,0.5975,292.06,27.07,18.36,2108.46
2008-9-8,0,3.56156927,0.4814,370.91,28,16.11,1817.9
2008-9-9,15.04,3.438088286,0.4276,239.83,28.33,18.44,2115.03
2008-9-10,14.49,3.102834889,0.5437,236.67,25.11,15.75,1780.33
2008-9-11,0,2.994479714,0.4729,323.15,24,14.49,1646.83
2008-9-12,7.14,2.858727198,0.3823,213.79,23.84,15.66,1772.88
2008-9-13,8.27,3.033107889,0.3908,200.53,26.91,19,2200
2008-9-14,0,3.34891294,0.3596,274.08,30.5,21.91,2625.01
2008-9-15,0,3.469754312,0.3143,309.78,31,21,2480
2008-9-16,0,3.014415331,0.286,349.49,25.5,14.74,1678.45
2008-9-17,0,2.727121284,0.2888,344.54,22.5,12.3,1424.22
2008-9-18,0,2.976347113,0.2832,394.69,25,11.98,1398.66
2008-9-19,0,2.770016063,0.2679,363.49,23.44,12.21,1417.09
2008-9-20,0,2.58130861,0.2665,360.23,21.5,10.67,1293.76
2008-9-21,0,2.802767711,0.2475,422.46,23.9,8.89,1150.96
2008-9-22,0,2.804846394,0.2376,396.6,24.61,11.06,1324.92
2008-9-23,0,2.518988289,0.2492,323.98,22.55,12.8,1463.94
2008-9-24,0,2.449648876,0.241,349.5,21.5,10.7,1296.2
2008-9-25,7.91,2.172974842,0.2025,194.11,20,12.73,1458.64
2008-9-26,12.02,2.104107407,0.3879,158.85,21.08,15.27,1741.79
2008-9-27,4.07,2.068172557,0.3341,123.09,23.3,18.74,2158.45
2008-9-28,9.07,2.146959054,0.2888,130.93,24.42,19.48,2276.65
2008-9-29,0,2.396694276,0.2792,282.29,24.44,16,1800.49
2008-9-30,0,2.413344721,0.2713,372.22,23.5,11.03,1322.21
2008-10-1,4.01,2.305892,0.3115,249.24,23,12.7,1455.63
2008-10-2,0,2.113794506,0.2888,338.59,20.5,10.25,1260.05
2008-10-3,0,2.103343405,0.2498,382.77,20.34,7.53,1042.21
2008-10-4,0,2.105279912,0.2311,366.17,21,9,1160
2008-10-5,0,2.135502969,0.2197,348.56,22.14,10.86,1309.14
2008-10-6,0,2.032232687,0.2186,346.11,21,9.73,1218.38
2008-10-7,0,1.861415019,0.22,378.12,18.5,5.25,900.28
2008-10-8,0,1.865417514,0.2155,388.05,19.24,4.64,851.34
2008-10-9,3.09,2.000095813,0.2322,206.76,22.85,14.15,1611.61
2008-10-10,0,2.119696103,0.2316,344.5,24.5,11.74,1379.22
2008-10-11,0,1.980613802,0.2203,366.68,23.01,8.47,1117.38
2008-10-12,0,1.9188292,0.2163,363.27,22.59,8.01,1080.42
2008-10-13,0,1.992222579,0.2172,356.81,24.5,9.5,1200
2008-10-14,0,1.944606622,0.2248,328.05,23.99,11,1320
2008-10-15,0,1.965909732,0.2212,278.39,24.92,14.52,1643.8
2008-10-16,0,2.059566782,0.224,291.67,26.86,15.28,1742.16
2008-10-17,0,1.758707844,0.2226,333.58,22.75,8.79,1143.36
2008-10-18,0,1.37940559,0.2141,235.32,15.66,7.76,1060.6
2008-10-19,0,1.296599264,0.22,284.95,14,3.95,800.42
2008-10-20,0,1.294374908,0.2155,345.7,15.29,0.74,640
2008-10-21,0,1.393627789,0.2251,346.95,18.57,3.08,766.57
2008-10-22,0,1.300778764,0.2178,299.16,16,4.5,840
2008-10-23,0,1.172453939,0.2447,300.2,13.5,1.93,714.72
2008-10-24,0,1.157300649,0.243,337.36,14.79,-0.2,600
2008-10-25,19.67,1.366230679,0.2667,186.26,19.07,9.48,1198.19
2008-10-26,0,1.336540788,0.4106,287.16,19.5,7.23,1018.38
2008-10-27,0,1.229902784,0.4078,276.51,17.47,5.78,920
2008-10-28,8.21,1.040605347,0.3936,158.44,12.5,4.41,832.83
2008-10-29,0,0.892077199,0.3908,142.88,8.91,3.76,800
2008-10-30,0,0.906886612,0.3426,254.36,10,-0.18,600
2008-10-31,0,0.972247622,0.3143,310.86,14.76,-0.37,600
2008-11-1,0,1.152487367,0.2945,295.04,20.24,5.51,909.45
2008-11-2,0,1.090968513,0.2973,254,17.61,6.24,939.22
2008-11-3,0,1.021640784,0.2917,249.76,16.24,5.12,889.83
2008-11-4,0.18,1.061461657,0.2945,193.57,17,8.85,1148.22
2008-11-5,12.77,0.979793776,0.3681,71.65,16,12.24,1419.22
2008-11-6,12.99,0.944160744,0.5097,54.05,16.47,13.76,1580.6
2008-11-7,4,0.94384506,0.5465,60.3,16.5,13.52,1561.7
2008-11-8,7.92,0.956468548,0.4842,94.74,16,11.15,1331.95
2008-11-9,0,0.891510807,0.4672,240.73,15.67,5.37,909.79
2008-11-10,0,0.797483088,0.3964,246.29,13.27,2.79,743.45
2008-11-11,0,0.69733347,0.354,256.57,10.5,-0.52,598.11
2008-11-12,0,0.723702369,0.3426,221.52,10.81,1.98,718.32
2008-11-13,19.98,0.78095304,0.4417,166.28,13.62,4.55,843.88
2008-11-14,15.36,0.864707952,0.6739,98.11,15.62,10.67,1293.47
2008-11-15,19.76,0.921437855,0.7561,89.98,18.09,13.5,1560.25
2008-11-16,7.7,0.769118335,0.8212,197.04,17.55,5.04,883.42
2008-11-17,0,0.62386581,0.7844,214.79,9.26,0.79,640
2008-11-18,0,0.570358662,0.5862,205.77,7,-0.95,563.82
2008-11-19,0,0.505088314,0.487,185.01,3.5,-3.25,480
2008-11-20,0,0.520910525,0.4587,202.41,5.26,-2.25,520
2008-11-21,0,0.498506227,0.4417,207.85,4.76,-3,480
2008-11-22,0,0.462561376,0.4276,187.68,2.5,-4.2,440
2008-11-23,0,0.432849583,0.4106,237.6,3.41,-6,400
2008-11-24,0,0.430061517,0.4106,273.49,8.53,-5.21,423.42
2008-11-25,18.1,0.54889837,0.7844,163.21,9.98,1.34,667.23
2008-11-26,0,0.512866179,0.8467,220.52,8.81,0,600
2008-11-27,0,0.45140091,0.6343,251.63,9.01,-2.52,518.61
2008-11-28,0,0.460342173,0.538,240.37,9.17,-1.63,549.65
2008-11-29,0,0.415720202,0.4786,250.72,8.53,-3.48,480
2008-11-30,14.92,0.435741261,0.5635,192.57,12.26,-1.02,560
2008-12-1,12.69,0.58508668,0.7589,156.24,14.46,5.53,916.2
2008-12-2,0,0.462237672,0.6654,226.33,10.02,0.1,607.79
2008-12-3,0,0.391198349,0.5833,240.02,7.49,-3.51,475.4
2008-12-4,0,0.446891509,0.5295,229.7,10.68,0.22,618.38
2008-12-5,1,0.403999513,0.504,228.44,8.53,-2.01,520
2008-12-6,0,0.322512937,0.487,243.02,5.06,-7,360
2008-12-7,1,0.37895102,0.5012,187.83,3.95,-4,440
2008-12-8,0,0.33083658,0.4729,184.56,0.5,-7.27,360
2008-12-9,0,0.3091303,0.4672,250.91,10.24,-4.46,440
2008-12-10,8.24,0.581130458,0.4786,138.13,16.51,7.79,1063.06
2008-12-11,45.64,0.513261933,0.8353,161.9,17.27,5.97,922.34
2008-12-12,56.91,0.400133637,2.4664,179.06,16.63,2.5,720
2008-12-13,0,0.36505574,2.4352,188.93,5.01,-3.5,479.82
2008-12-14,0,0.304747006,1.8519,233.98,7.2,-5.46,403.31
2008-12-15,0,0.527467826,1.4696,181.55,15.19,6.25,942.05
2008-12-16,9.64,0.414182684,1.3111,169.57,15.99,3,760
2008-12-17,11.16,0.446984844,1.3932,100.22,7,1.17,653.95
2008-12-18,0,0.412086705,1.3224,166.98,7.23,-0.32,599.37
2008-12-19,12.35,0.440160092,1.2374,119.27,8.55,1.29,662.83
2008-12-20,0,0.387857733,1.3507,174.23,6.28,-1.7,544.2
2008-12-21,7.94,0.386072858,1.3535,95.57,2.75,-2.71,502.86
2008-12-22,0,0.289112617,1.481,206.52,1.26,-8.64,320
2008-12-23,0,0.287085993,1.2743,196.61,-0.1,-9.24,300.6
2008-12-24,0,0.326681737,1.1723,231.47,9.27,-3.4,476.66
2008-12-25,2,0.332831695,1.093,243.67,16,0.29,623.42
2008-12-26,0,0.338760529,1.0109,220.83,8,-3.69,465.02
2008-12-27,0,0.446471618,0.9571,189.86,11.16,1.83,706.71
2008-12-28,0,0.574379441,0.9146,189.25,17.61,7.83,1066.51
2008-12-29,0,0.398661392,0.8552,234.41,14.93,1.29,662.86
2008-12-30,0,0.411645086,0.8212,201.26,9,-0.76,579.22
2008-12-31,0,0.415854343,0.8042,217.84,11.96,0.26,621.04
2009-1-1,0,0.315760189,0.7617,228.21,2.97,-7.76,339.22
2009-1-2,0,0.307454605,0.7476,231.41,2.14,-8.78,320
2009-1-3,0,0.405229718,0.7476,168.2,3.84,-2.94,484.65
2009-1-4,0,0.347652294,0.7476,240.85,6.37,-5.64,400
2009-1-5,0,0.463043898,0.7476,192.75,8.5,0.22,617.59
2009-1-6,4.69,0.496502116,0.7504,106.05,7,1.46,677.09
2009-1-7,27.3,0.514246772,0.9769,113.85,8.17,2.1,717.56
2009-1-8,0,0.480265932,1.2318,182.66,7.5,0,600
2009-1-9,0,0.424707516,1.1185,196.55,4.5,-3.57,474.04
2009-1-10,2.29,0.427024155,1.0364,203.43,5.64,-3.74,461.11
2009-1-11,6.94,0.455156867,1.0902,173.11,7.93,-2.38,520
2009-1-12,0,0.407297872,1.0506,222.89,3.48,-5.94,400
2009-1-13,0,0.409764374,0.9713,241.24,4.48,-6.25,380.33
2009-1-14,0,0.420933468,0.9316,222.65,3.1,-6.04,396.2
2009-1-15,0,0.389230832,0.8891,193.63,-0.76,-8.12,320
2009-1-16,0,0.328991592,0.841,213.94,-4.51,-12.76,240
2009-1-17,0,0.307875354,0.8042,263.02,-4.26,-15.99,163.16
2009-1-18,0,0.445036778,0.8042,211.11,1.76,-6.33,378.67
2009-1-19,0.04,0.4734537,0.7957,185.4,2,-4.77,440
2009-1-20,0,0.428684097,0.773,218.65,0,-8.26,320
2009-1-21,0,0.41084905,0.7476,235.16,-1,-10.12,280
2009-1-22,0,0.45337659,0.7306,268.36,2.47,-9,319.46
2009-1-23,0,0.510460064,0.7221,294.33,8,-7,360
2009-1-24,0,0.559831734,0.7221,295.83,10,-5.13,429.25
2009-1-25,0,0.475285193,0.7221,284.74,2.5,-9.99,280
2009-1-26,0,0.492389192,0.7079,203.26,0,-7.03,360
2009-1-27,0.05,0.506552571,0.6966,118.65,-0.5,-4.26,440
2009-1-28,20.61,0.624498107,0.8353,178.53,5.74,-2.96,485.46
2009-1-29,0,0.622448415,1.1015,267.53,5.91,-4.49,440
2009-1-30,0,0.574507736,0.9599,270.7,3.14,-7.13,360
2009-1-31,0,0.548940927,0.8976,225.72,0.5,-7.07,360
2009-2-1,0,0.720490445,0.8637,311.55,10.14,-4.05,440
2009-2-2,0,0.83739981,0.8637,299.55,13,-0.03,607.8
2009-2-3,2.98,0.775041077,0.8835,206.55,8.77,-1.5,560
2009-2-4,5,0.5960887,0.8976,177.79,0.5,-6.27,379.22
2009-2-5,0,0.542524543,0.858,313.12,-1.58,-11.58,242.36
2009-2-6,0,0.563031075,0.7872,344.19,-0.67,-12.67,240
2009-2-7,0,0.76521076,0.7929,373.3,8.17,-7.54,348.35
2009-2-8,0,1.039532624,0.8042,365,16.51,0.68,640
2009-2-9,0,0.953189138,0.8042,375.22,13.5,-3.01,480
2009-2-10,0,0.993191584,0.79,312.57,12.38,-0.74,580.83
2009-2-11,0,1.200029033,0.7815,287.2,16.75,5.28,902.16
2009-2-12,0.13,1.270373545,0.7646,257.6,17.5,7.85,1067.81
2009-2-13,0,1.057270051,0.7136,246.1,11.36,2.82,745.77
2009-2-14,0,0.917117622,0.6966,299.29,7.02,-4,440
2009-2-15,0,0.923660055,0.6966,279.71,6.5,-3.3,480
2009-2-16,0,0.918342394,0.6966,266.43,5.78,-3.18,480
2009-2-17,0,0.924647679,0.6966,296.91,5.5,-4.87,440
2009-2-18,5.15,1.000840548,0.7136,237.56,7.21,-4.36,440
2009-2-19,0,1.08373569,0.7391,290.73,8.75,-1.36,560
2009-2-20,0,0.96273088,0.6966,284.52,5,-4.52,440
2009-2-21,0,0.948165114,0.6796,269.89,4.17,-4.5,440
2009-2-22,3.17,1.099944791,0.6711,228.3,7.56,-2.57,514.72
2009-2-23,0,1.009196526,0.6513,260.54,5,-2.86,491.32
2009-2-24,0,0.958960688,0.6428,306.25,3,-6.51,360
2009-2-25,0,1.065338606,0.6428,380.23,5.45,-9,320
2009-2-26,0,1.295199088,0.6428,371.28,10.21,-3.84,456.6
2009-2-27,0,1.530985322,0.6428,329.21,14.51,3.04,763.27
2009-2-28,0.52,1.570357523,0.6428,346.74,14.72,2.3,720
2009-3-1,9.84,0.966520992,0.7646,110.48,3.5,-0.54,596.2
2009-3-2,12.27,0.93763442,0.7815,208.33,0.5,-6.5,360
2009-3-3,0,0.837446707,0.6994,373.5,-3,-13,240
2009-3-4,0,0.962902503,0.6881,465.83,-0.09,-15.65,188.07
2009-3-5,0,1.174564314,0.7023,477.87,4.39,-12.77,240
2009-3-6,0,1.564309782,0.8127,358.91,11.7,1.7,695.65
2009-3-7,0,2.019618078,0.9401,399.48,18.91,6.42,953.49
2009-3-8,0,2.368018286,0.9458,386.83,23.7,8.51,1120.87
2009-3-9,0,2.193912878,0.9005,393.58,20.5,5.71,920
2009-3-10,0,1.671682472,0.8382,300.3,12.27,3.5,800
2009-3-11,0,1.963299233,0.8042,362.8,16.03,4.5,840
2009-3-12,0,1.951502793,0.7929,396.88,15.08,1.84,707.41
2009-3-13,0,1.39131204,0.7646,248.01,6.92,0.48,638.42
2009-3-14,0,1.460255017,0.7476,298.82,7,-0.91,567.01
2009-3-15,1.69,1.479947541,0.7476,261.71,7.75,1.06,644.99
2009-3-16,1,1.388946177,0.7476,180.08,8,3.66,800
2009-3-17,0,1.777231019,0.7306,346.32,10.88,1.58,686.11
2009-3-18,0,2.105793911,0.7051,453.15,14.45,-1.5,560
2009-3-19,2.82,2.183769007,0.6966,331.79,15.36,2.22,720
2009-3-20,1.49,1.78261256,0.6966,368.21,9.5,-0.5,600
2009-3-21,0,1.711971103,0.6966,411.36,7.5,-4.28,440
2009-3-22,0,2.027271572,0.6853,455.47,11.55,-3.46,480
2009-3-23,0,2.001237734,0.6683,426.4,11,-1.86,531.39
2009-3-24,0,1.893592173,0.6428,432.26,9,-3.99,441.61
2009-3-25,0,2.000791613,0.6428,457.1,10,-4.84,440
2009-3-26,7,2.083558914,0.6739,273.76,11.92,1.87,709.7
2009-3-27,5.94,2.237299145,0.7646,256.19,14.32,5.18,894.5
2009-3-28,8.17,2.129576545,0.8438,215.08,13.83,6.61,968.93
2009-3-29,8.53,2.353131666,0.8778,250.45,15.63,7,1000
2009-3-30,0,2.585426616,0.8467,401.23,16.99,5.85,920
2009-3-31,0,2.24518824,0.807,409.46,11.99,0.81,640
2009-4-1,5.6,2.33572414,0.773,286.31,13.33,3.15,772.28
2009-4-2,8.37,2.056843435,0.9458,165.86,13.49,8.24,1099.22
2009-4-3,13.54,2.771810494,1.161,260.23,19.36,10.39,1271.09
2009-4-4,0,2.871087779,1.2488,382.42,19.5,9.5,1200
2009-4-5,0,2.83906065,1.0591,419.06,17.98,6.71,976.73
2009-4-6,22.14,2.677157899,1.1044,274,17,7.98,1078.32
2009-4-7,0,2.407447244,1.4527,405.77,12.5,2.6,727.77
2009-4-8,0,2.274808395,1.2771,416.81,10.41,0.44,635.03
2009-4-9,0,2.726355605,1.1044,485.9,14.39,0.75,633.37
2009-4-10,0,2.946130871,0.9939,465.79,16.97,4.31,802.8
2009-4-11,11.57,2.697740258,1.1497,295.74,15.39,6,920
2009-4-12,0,2.352889274,1.2346,403.82,10.63,1.19,654.83
2009-4-13,0,2.62812104,1.076,496.77,12.02,-1.8,522.11
2009-4-14,23.36,2.277421768,1.3649,239.81,11,3.93,800
2009-4-15,16.28,1.791838913,2.2031,134.52,8.5,4.81,865.05
2009-4-16,0,2.486263777,2.5429,408.11,11.23,1.67,693.64
2009-4-17,0,3.307143255,2.0247,540.17,17.61,-0.5,597.49
2009-4-18,0,3.883885252,1.5263,536.56,23,4.05,781.97
2009-4-19,0,3.492062685,1.2714,454.53,20.51,8.21,1096.62
2009-4-20,23.61,2.738557904,1.2091,242.41,15.47,8.18,1094.06
2009-4-21,10.65,2.965854924,1.3337,265.62,17.2,9.13,1170.21
2009-4-22,5.76,2.967192594,1.4328,292.24,16.12,7.21,1016.82
2009-4-23,0,2.82260405,1.481,409.66,13.87,4.62,849.38
2009-4-24,0,3.608336965,1.3281,541.86,18.84,1.94,715.5
2009-4-25,0,4.50726054,1.1865,521.69,27,9.73,1210.38
2009-4-26,0,5.099650548,1.0902,472.74,32.5,17.15,1947.95
2009-4-27,0,5.022831278,1.0251,465.88,31.8,16.98,1918.42
2009-4-28,0,4.885051397,0.9599,459.25,30.63,16.42,1867.48
2009-4-29,1.04,4.405383248,0.9231,501.73,25.5,10,1200.11
2009-4-30,0,3.052371052,0.9118,365.05,15.71,7.19,1015.37
2009-5-1,2,3.634781602,0.9005,411.36,20.34,10.02,1241.41
2009-5-2,2,3.421200191,0.9146,312.21,21,13.56,1565.02
2009-5-3,7,2.597547004,0.9345,156.9,15.56,10.99,1319.51
2009-5-4,18.24,2.03511747,1.2969,99.41,12.63,10,1240
2009-5-5,8.07,2.31220775,1.4045,128.49,13.98,10.5,1280
2009-5-6,7.4,2.730955145,1.8802,184.61,15.62,10.5,1280
2009-5-7,15.27,3.571911676,2.1181,271.55,20.71,12.54,1443.34
2009-5-8,0,4.190572134,2.1323,439.79,24,12.97,1477.52
2009-5-9,0,4.761552045,1.7528,467.55,27.83,14.99,1718.22
2009-5-10,0,4.475880464,1.5121,455.73,25.72,13.88,1590.1
2009-5-11,0,3.684180088,1.3139,419.62,19.5,9.8,1224.2
2009-5-12,0,3.811223358,1.1921,466.35,19.26,7.88,1070.09
2009-5-13,0,4.175917094,1.0987,539.37,20.5,4.98,878.11
2009-5-14,0,3.96874034,1.0279,424.25,21.5,11.33,1346.54
2009-5-15,2.22,3.829477789,0.9854,311.94,23.03,15.4,1751.94
2009-5-16,0,4.008669142,0.9713,362.55,23.51,15,1720
2009-5-17,6.67,3.987510962,1.0052,292.93,22.5,13.5,1560
2009-5-18,0,3.455317969,1.0109,406.69,17,8.24,1099.22
2009-5-19,0,3.821452133,0.943,533.25,17.02,3.13,770.77
2009-5-20,0,4.514074548,0.892,556.5,21.99,5.06,884.45
2009-5-21,0,4.875213575,0.8523,553.71,24.69,7,1000
2009-5-22,0,4.982734523,0.8212,507.84,26.5,11.67,1373.96
2009-5-23,0,4.940269818,0.7815,452.65,27.57,15.26,1740.83
2009-5-24,0,4.711467567,0.7362,404.61,27.27,17,1920.06
2009-5-25,0,4.650830013,0.7079,399.17,27.04,17.17,1947.48
2009-5-26,3.32,4.239624569,0.7192,325.97,22.5,12.21,1416.6
2009-5-27,4.8,3.709562605,0.7391,274.11,19.86,12,1399.76
2009-5-28,1.94,4.439093798,0.7164,442.2,24.02,13.53,1562.58
2009-5-29,7.88,4.521716516,0.7391,337.1,24.51,13.82,1585.78
2009-5-30,0,4.742764514,0.7504,470.36,25.5,13.75,1580.05
2009-5-31,0,4.963318147,0.7136,505.46,26,12.36,1428.49
2009-6-1,0,4.681781172,0.6796,534.79,22.82,7.86,1068.94
2009-6-2,5.4,5.106497292,0.6513,366.23,27.19,13.76,1580.83
2009-6-3,8.99,4.893852705,0.6456,324.38,27,15.77,1781.21
2009-6-4,7.9,3.755494836,0.6824,234.1,21,13.93,1594.32
2009-6-5,26.63,2.656263533,1.0817,117.85,17,13.76,1580.6
2009-6-6,0,3.531140939,1.8208,278.59,20.13,14,1600
2009-6-7,0,4.726077867,1.6849,448.04,25,13.52,1561.54
2009-6-8,0,4.927484318,1.3677,442.39,26.73,15.22,1737.3
2009-6-9,17.95,4.303628223,1.3422,245.08,25.65,18,2080
2009-6-10,0,4.438558041,1.4781,374.92,25.01,16.12,1819.16
2009-6-11,0,4.169734873,1.2686,327.79,24.47,17,1920
2009-6-12,3.82,4.380201405,1.1695,252.43,26.21,18.49,2119.41
2009-6-13,0,4.594160249,1.0449,371.59,26.71,18,2080
2009-6-14,1.01,4.510198074,0.9401,391.63,25.23,16.08,1812.25
2009-6-15,0,4.551171224,0.8807,440.65,23.9,13.28,1524.97
2009-6-16,4.99,4.072214668,0.8127,274.73,22.2,14.06,1605.03
2009-6-17,0.07,3.898470774,0.7759,373,20.33,12.16,1412.9
2009-6-18,15.7,3.397268295,0.875,183.99,20.85,15.82,1785.88
2009-6-19,19.55,3.976016591,1.1242,238.92,23.72,17.03,1924.15
2009-6-20,12.93,4.472902207,1.127,306.91,25,16,1800
2009-6-21,10.4,3.916977776,1.2997,226.28,24.5,18.44,2115.03
2009-6-22,4,4.006936044,1.2035,244.31,24.5,18,2080
2009-6-23,0.15,4.628231651,1.0845,427.9,26,16.6,1888.39
2009-6-24,1.26,4.278224828,0.9826,356.79,25.84,18.54,2125.96
2009-6-25,0,4.36564818,0.9118,371.05,26.14,18.5,2120.08
2009-6-26,0,5.055468409,0.8467,440.83,29,18.76,2162.31
2009-6-27,0,5.352159486,0.773,485.1,29.55,17.26,1961.2
2009-6-28,0,5.033177619,0.6966,464.71,28,16.98,1918.42
2009-6-29,0,5.238688731,0.6428,487.38,28.71,16.48,1877.01
2009-6-30,0,5.229905074,0.606,479.31,29,17.14,1942.69
2009-7-1,5.72,5.135903705,0.6598,347.43,29.01,17.96,2073.69
2009-7-2,2.92,4.836851759,0.6456,324.5,28.52,19.28,2245.34
2009-7-3,0,4.83757912,0.5947,444.97,27.66,17.72,2034.59
2009-7-4,0,4.852714559,0.5607,446.59,27.68,17.59,2014.64
2009-7-5,0,4.666235351,0.5239,435.49,26.5,16.83,1906.68
2009-7-6,0,4.839098615,0.504,444.2,27.5,17.25,1959.8
2009-7-7,0,5.1997292,0.4899,465.52,29.5,18,2079.2
2009-7-8,0,5.159756987,0.4701,487.53,28.5,16.17,1828.06
2009-7-9,0,4.710126586,0.4559,476.14,25.5,14.23,1618.67
2009-7-10,0,4.727111967,0.4474,499.5,24.86,12.52,1441.44
2009-7-11,0,4.858564783,0.4361,495.08,26,13.5,1560
2009-7-12,10.12,5.012995743,0.4219,329.49,29,18.21,2096.67
2009-7-13,0,5.153254181,0.4163,489.31,28.39,15.38,1750.15
2009-7-14,0,5.077759267,0.3993,496.48,27.63,14.3,1624
2009-7-15,0,5.252684554,0.3738,509.93,28.52,14.03,1602.7
2009-7-16,0,5.093132283,0.3625,412.47,30.47,19.97,2317.52
2009-7-17,0,5.153087645,0.3596,410.57,31,20.39,2383.19
2009-7-18,0,4.889452979,0.3426,396.01,29.5,19.55,2283.84
2009-7-19,0,5.118802985,0.3341,482.06,28.5,15.04,1720.36
2009-7-20,0,5.046646086,0.3341,464.89,28.5,15.75,1780.33
2009-7-21,22.9,4.426759637,0.6088,261.42,27.38,18.88,2180.56
2009-7-22,0,4.486908708,0.6173,362.18,27.45,18.49,2118.81
2009-7-23,7.77,4.102507225,0.5352,225.58,26.59,19.45,2271.78
2009-7-24,4.34,4.230488373,0.5069,256.98,26.16,17.91,2065.8
2009-7-25,2.01,4.912725817,0.4955,425.95,29.04,17.51,2001.96
2009-7-26,0,4.757584421,0.4786,348.98,30.54,21.45,2552.63
2009-7-27,0,4.628753732,0.4587,337.74,30.13,21.5,2560
2009-7-28,0,4.721369607,0.4531,371.51,29.83,20.23,2356.03
2009-7-29,10.51,4.527850306,0.4417,238.01,30.5,22.5,2720
2009-7-30,0,4.672771102,0.6173,335.24,31.18,22.61,2737.1
2009-7-31,10.72,4.664427082,0.572,263.56,30.7,21.75,2600.65
2009-8-1,0,4.739338431,0.7192,404.79,29.6,19.03,2204.13
2009-8-2,0,4.228812585,0.6343,322.85,28.42,20.61,2417.02
2009-8-3,18.99,4.338548679,0.6485,255.1,28.9,20.56,2409.88
2009-8-4,0,4.743003825,0.5578,414.6,29.81,18.82,2171.05
2009-8-5,0,4.481428745,0.5295,337.55,30.5,21.98,2636.83
2009-8-6,8,4.226538441,0.5663,277.25,27.38,18.37,2109.85
2009-8-7,0,4.144156797,0.5578,404.31,25.75,15.91,1792.84
2009-8-8,0,4.374665289,0.5154,418.59,27.49,16.86,1909.07
2009-8-9,21.1,4.277130018,0.6173,265.48,29.04,20.37,2379.61
2009-8-10,0,4.943272125,0.6315,422.62,32.28,20.53,2404.33
2009-8-11,0,4.705199033,0.538,364.92,32.5,22.88,2781.08
2009-8-12,39.8,4.413924561,0.5918,265.05,30.87,22,2640
2009-8-13,18.32,3.694095303,1.0534,211.7,27.5,21.11,2498.05
2009-8-14,0,3.877169135,0.9203,353.35,26.83,18.79,2165.78
2009-8-15,0,4.39334748,0.8665,429.17,29.02,18,2080
2009-8-16,0,4.73060964,0.7787,457.83,31,18,2080.25
2009-8-17,0,4.815283592,0.7079,436.06,32.42,20.02,2323.31
2009-8-18,0.58,4.651366381,0.6711,425.34,31.71,20,2320.49
2009-8-19,2.42,4.490990651,0.6116,347.67,32,21.96,2633.14
2009-8-20,0,4.400281021,0.521,366.24,32,22.5,2720
2009-8-21,0,4.051697341,0.4502,305.74,31.49,23.94,2986.66
2009-8-22,77.33,4.016703757,1.9935,244.56,30.55,22.5,2720
2009-8-23,9.44,3.863930188,4.0776,233.18,30,22.48,2716.22
2009-8-24,0,4.072658052,3.1998,370.02,30,20.66,2425.76
2009-8-25,0,4.240582626,2.2569,422.74,30,18.49,2118.81
2009-8-26,0,4.26628303,1.6027,402.51,30.98,20,2320.49
2009-8-27,0,3.87613386,1.2063,348.88,29.5,20.73,2437.34
2009-8-28,28.03,3.404401495,1.127,218.76,27.21,20.38,2380.59
2009-8-29,18,3.313355335,1.4951,201.66,27.49,21.23,2517.34
2009-8-30,8.81,3.783036956,1.6254,270.46,29,19.86,2309.02
2009-8-31,0,3.581050027,1.4838,403.26,26,15.76,1780.6
2009-9-1,0,3.368285027,1.229,422.08,23.5,12.73,1458.67
2009-9-2,0,3.454168003,1.0336,445.97,24,11.84,1386.94
2009-9-3,0,3.39336657,0.9288,412.76,24.5,13.73,1578.67
2009-9-4,0,3.447554455,0.8523,370.62,26.5,16.97,1919.33
2009-9-5,0,3.713183572,0.7929,414.23,28.16,16.36,1858.03
2009-9-6,0,3.549533582,0.7646,409.84,26.95,15.5,1760
2009-9-7,0,2.873450871,0.7079,264.85,24.45,18.17,2093.23
2009-9-8,0,2.733087276,0.6796,255.67,23.38,17.44,1990.79
2009-9-9,3.18,2.48631338,0.6598,166.12,22,17.06,1928.84
2009-9-10,21.18,2.372647492,0.7504,168.78,20.5,15.59,1767.14
2009-9-11,71.9,2.362381952,3.5962,169.52,20.7,15.79,1783.48
2009-9-12,12.52,2.164878068,5.6917,135.04,20.38,16.53,1882.78
2009-9-13,0,2.760203547,4.3608,298.59,23.97,17,1920.49
2009-9-14,0,3.233908598,3.1149,409.68,26.5,15,1720
2009-9-15,0,3.237822595,2.2059,395.24,27.25,16.27,1843.52
2009-9-16,0,2.907009095,1.6905,354.87,25,16.08,1817.14
2009-9-17,0,2.423999821,1.4272,301.2,20.77,14,1600
2009-9-18,0,2.708289592,1.2176,404.65,22,11.36,1348.72
2009-9-19,0,2.760091028,1.1213,426.04,22.5,10.36,1268.9
2009-9-20,0,2.750088653,1.0279,454.01,22.26,7.49,1039.42
2009-9-21,0,2.845676721,0.9543,442.19,24,9.41,1192.65
2009-9-22,0,2.879516894,0.9118,400.29,25.43,13.25,1519.55
2009-9-23,14,2.77515779,0.9061,224.73,27,18.88,2180.56
2009-9-24,3.68,2.758733814,0.9345,204.46,28.09,20.74,2438.45
2009-9-25,0,2.684980016,0.9345,353.98,25.22,15.23,1738.38
2009-9-26,8.85,2.425298855,0.9033,274.5,21.88,11.67,1373.78
2009-9-27,39.28,2.315556116,1.5801,220.01,22.47,14.86,1694.23
2009-9-28,3.24,2.525893996,2.3928,267.21,24.2,13.76,1580.6
2009-9-29,0,2.486496915,2.1351,391.88,23.5,10.96,1316.77
2009-9-30,0,2.174168221,1.7188,355.27,20,9.85,1227.96
2009-10-1,0,2.063409913,1.4158,405.79,18.07,5.03,882.21
2009-10-2,0,2.116376825,1.229,399.13,19.45,6.42,953.92
2009-10-3,10.14,2.096593906,1.178,203.59,21.88,14.48,1638.42
2009-10-4,0,2.310232136,1.1242,358.75,23.74,12.26,1420.58
2009-10-5,0,2.175147487,1.0251,386.35,22,8.75,1139.76
2009-10-6,0,2.016015617,0.9486,391.76,20,6.41,952.65
2009-10-7,2.35,2.113133192,0.9118,324.28,22.24,10.46,1276.85
2009-10-8,0,2.015554089,0.875,363.93,21.14,8.61,1128.66
2009-10-9,0,2.0928107,0.8382,334.61,23.05,11.62,1369.62
2009-10-10,0,2.188492104,0.8155,347.78,25,12,1400
2009-10-11,0,1.876353831,0.8014,389.39,21,4.51,841
2009-10-12,0,1.62629137,0.7815,314.97,16.5,5.74,920
2009-10-13,0,1.659228001,0.7815,303.16,17.73,7.23,1018.27
2009-10-14,0,1.543332962,0.7759,326.92,15.93,4.17,815.44
2009-10-15,16.04,1.266657775,0.8212,141.44,12.01,6.27,941.21
2009-10-16,10.96,1.104457215,0.9798,94.61,10.22,6.52,961.75
2009-10-17,9.51,1.04639737,1.144,78.64,10.05,7.07,1005.8
2009-10-18,22.23,1.042879061,1.6565,103.52,8.93,4.94,875.4
2009-10-19,0,1.208986908,2.0416,291.84,11.35,1.73,698.67
2009-10-20,0,1.391750712,1.8378,359.22,17.02,1.92,713.4
2009-10-21,0,1.545519006,1.5376,358.32,21.49,5,880
2009-10-22,0,1.621610777,1.3337,337.59,23.01,8.17,1093.95
2009-10-23,0,1.536159315,1.1865,278.22,21,10.51,1280.98
2009-10-24,11.13,1.481705588,1.1072,152.92,20.9,13.7,1576.12
2009-10-25,14.54,1.420215409,1.3507,221.47,19.95,8.23,1098.62
2009-10-26,0,1.246227972,1.3337,271.1,16.31,6.23,938.38
2009-10-27,26.9,1.246918739,1.379,153.04,17,9.81,1224.91
2009-10-28,46.16,1.284460478,2.6674,137.54,18.7,12.22,1417.94
2009-10-29,0,1.154318961,4.1626,191.59,15.81,9.23,1178.67
2009-10-30,0,1.09110275,3.3697,220.96,14.47,6.76,980.83
2009-10-31,6.01,1.285883042,2.7156,174.09,20,11.36,1348.73
2009-11-1,8.44,1.166189848,2.6221,159.76,17.59,10.02,1241.9
2009-11-2,0.02,0.958391467,2.6221,158.95,12.5,7.26,1020.6
2009-11-3,0,0.99334942,2.3305,296.82,15.37,2.97,757.46
2009-11-4,0,0.920100986,1.9963,307.2,14.47,0.89,640.09
2009-11-5,0,0.921735354,1.7755,268.77,13.63,3.17,773.94
2009-11-6,0,0.843840059,1.5999,277.02,12,0.97,640
2009-11-7,0,0.758088115,1.4753,312.83,11.88,-2.95,484.02
2009-11-8,0,0.901741562,1.3847,300.28,17.54,2.86,749.16
2009-11-9,0,0.925327745,1.3139,304.6,20.5,4,800
2009-11-10,0,1.000317462,1.2856,268.23,20,7.74,1058.83
2009-11-11,7.02,0.927294856,1.2912,138.11,16,9.06,1164.58
2009-11-12,30.96,0.763966952,1.4357,64.17,11,8.16,1092.45
2009-11-13,15.29,0.765445064,2.9733,63.2,11.5,8.71,1136.61
2009-11-14,5.34,0.835736336,3.3414,73.84,14.52,11.16,1332.88
2009-11-15,0,0.931975641,2.7949,171.65,18,11.5,1360
2009-11-16,0,0.856967286,2.3899,252.54,19,7.39,1031.42
2009-11-17,0,0.746859516,2.0416,246.7,15.5,4.48,838.42
2009-11-18,0,0.766027889,1.7925,207.71,14.92,6.36,948.79
2009-11-19,2.13,0.8405561,1.6254,180.27,17.32,9.8,1223.93
2009-11-20,5,0.804133041,1.5178,161.15,17.5,8.51,1120.42
2009-11-21,0,0.646775536,1.4583,247.79,14,3,760.25
2009-11-22,0,0.63273728,1.4073,235.68,13.11,3.03,762.08
2009-11-23,0,0.690003218,1.3649,148.35,12.5,6.99,999.06
2009-11-24,6.89,0.674332206,1.3875,46.19,11.48,9.41,1192.49
2009-11-25,0.71,0.68486545,1.3989,70.12,12.24,9.88,1230.1
2009-11-26,1.53,0.691306826,1.3762,96.25,12.84,9.5,1200
2009-11-27,0,0.623129325,1.3451,164.87,11.5,5.5,920
2009-11-28,0,0.582293573,1.2997,185.05,10.82,3.87,800
2009-11-29,0,0.449183477,1.2488,267.65,14.5,-0.49,600
2009-11-30,9.57,0.530214694,1.2403,187.56,16,3.19,775.49
2009-12-1,0,0.471587782,1.3252,243.8,12.11,0.35,628.04
2009-12-2,0,0.491024708,1.3366,235.21,12.98,1.69,695.32
2009-12-3,28.46,0.571646873,2.7156,178.99,19,6.24,939.22
2009-12-4,0,0.480252368,3.5962,242.39,15.38,2.66,732.83
2009-12-5,12.67,0.483264372,3.0016,143.62,9.5,1.49,679.37
2009-12-6,0,0.431213048,3.3131,161.73,4.75,-1.5,560
2009-12-7,0,0.394212115,3.1149,209.9,5.81,-3,480
2009-12-8,0,0.423876964,2.6561,203.68,7.48,-0.93,570.64
2009-12-9,52.85,0.453308095,4.3608,178.71,14.65,2.72,738.38
2009-12-10,0,0.430936323,6.3996,235.21,12.93,1.5,680
2009-12-11,0,0.351360209,4.9271,213.24,4,-4.91,440
2009-12-12,0,0.352287506,3.8511,204.19,3.67,-4.8,440
2009-12-13,24.26,0.34272901,3.2281,180.09,9.78,-2.75,500.05
2009-12-14,0,0.430860717,3.7661,207.26,10.98,1.36,668.59
2009-12-15,0,0.491785432,3.6812,173.7,11.5,3.96,800
2009-12-16,0,0.387118481,3.2564,211.1,8.81,-1,560
2009-12-17,0,0.360562316,2.8883,173.52,3,-4.06,440
2009-12-18,0,0.309327666,2.5372,203.03,1.5,-7.3,360
2009-12-19,17.62,0.341811354,2.3333,122.41,1,-5.49,400.89
2009-12-20,18.78,0.353117304,2.1351,97.1,-0.12,-5.01,439.37
2009-12-21,0,0.364497185,2.305,152.18,1.76,-4.05,443.82
2009-12-22,0,0.351542482,2.2597,194.43,3.66,-4.3,440
2009-12-23,0,0.274038396,2.1776,235.68,2,-9.32,298.67
2009-12-24,0,0.266766593,2.0331,237.27,2.01,-9.85,280.09
2009-12-25,0,0.335462536,1.9907,219.85,6.13,-4.42,440
2009-12-26,33.52,0.537619132,4.5873,103.06,11.64,5.81,920
2009-12-27,12.21,0.432318002,9.9958,194.35,12.48,1.88,710.44
2009-12-28,0,0.405930482,8.2119,189.33,7.5,-1,560
2009-12-29,0,0.36712352,5.4652,158.72,2,-4.44,440
2009-12-30,0,0.308530558,4.1343,202.38,0.17,-8.52,320
2009-12-31,8.97,0.384371438,3.5113,109.45,1.85,-3.77,458.67
2010-1-1,3.6,0.450856086,3.3697,78.93,3.73,0,600
2010-1-2,0,0.376087073,3.1715,191.59,2.77,-4.51,440
2010-1-3,0,0.339680264,2.8317,175.03,-1,-7.38,360
2010-1-4,0,0.373106909,2.6448,130.61,-0.75,-5.3,416.07
2010-1-5,0,0.389604264,2.4891,151.62,0.88,-4.52,440
2010-1-6,0,0.416425047,2.3361,144.48,1.99,-3.1,480
2010-1-7,0,0.431628279,2.22,178.05,4,-2.5,520
2010-1-8,2,0.404258167,2.1549,190.33,2.5,-4.5,440
2010-1-9,0,0.370759102,2.0728,193.22,0,-7,360
2010-1-10,0,0.332494973,1.9652,238.76,-0.85,-10.26,280
2010-1-11,0,0.352032227,1.8632,231.76,-0.29,-9.22,302.27
2010-1-12,0,0.401207391,1.8038,211.41,1.49,-6.23,381.32
2010-1-13,0,0.427435648,1.7585,206.41,2.45,-5,440
2010-1-14,0,0.413405038,1.7415,272.88,5.7,-6.46,363.34
2010-1-15,0,0.449392799,1.7415,288.2,10.52,-4.14,440
2010-1-16,0,0.473758972,1.7415,288.33,10.89,-3.5,480
2010-1-17,24.61,0.554693616,1.8604,179.66,9,-0.26,600
2010-1-18,17.02,0.592078382,2.86,170.37,10,1,640
2010-1-19,0,0.555731809,3.3131,272.33,11.5,-1.5,560
2010-1-20,0,0.570220196,3.1432,251.16,9.07,-1.36,560
2010-1-21,0,0.531553807,2.792,254.74,6.5,-3.86,451.31
2010-1-22,0,0.55641724,2.4494,244.49,6.5,-3,480.25
2010-1-23,0,0.551133395,2.1662,254.03,6,-3.98,441.35
2010-1-24,0,0.618269793,1.9992,274.12,9.85,-1.92,526.63
2010-1-25,17.87,0.777816221,2.1804,183.22,14,4.37,829.8
2010-1-26,14.77,0.70900609,3.1998,193.65,11.24,1,640
2010-1-27,0,0.623918569,3.3131,231.14,6,-2.14,520
2010-1-28,0,0.633514279,2.7128,284.62,7.78,-3.92,446.68
2010-1-29,0,0.547198032,2.6136,273.72,2.46,-7.8,335.91
2010-1-30,0,0.4475511,2.2767,156.3,-4.29,-9,320
2010-1-31,5.18,0.451849665,2.0841,196.64,-3.97,-11.7,240
2010-2-1,0,0.542891867,1.9878,300.92,0.36,-9.25,300.05
2010-2-2,0,0.581972211,1.9284,336.58,2.48,-9.6,280
2010-2-3,4.1,0.665596828,1.8887,191.92,3.88,-3.76,459.22
2010-2-4,0,0.690732492,1.8916,269.56,4.45,-3.75,459.78
2010-2-5,0,0.697678029,1.8746,239,4,-2.95,483.87
2010-2-6,36.33,0.652826727,1.7188,212.99,2,-6.27,378.36
2010-2-7,0,0.582576046,1.8236,351.42,-0.5,-12.14,240
2010-2-8,0,0.618085115,1.9227,337.95,0.16,-10.6,280
2010-2-9,0,0.698003212,1.9454,342.69,2.67,-8.31,320
2010-2-10,24.37,0.760941869,2.1124,226.14,3.94,-4.93,440
2010-2-11,13.51,0.729364387,2.4607,148.6,2.54,-2.67,506.33
2010-2-12,0,0.748277035,2.809,309.42,2.5,-6.4,368.34
2010-2-13,0,0.699000528,2.792,228.62,0.5,-5.37,410.71
2010-2-14,0,0.763252534,2.6561,249.3,2.16,-4.14,440
2010-2-15,3.56,0.840705994,2.4806,259.28,4,-5.62,400.25
2010-2-16,5.84,0.83747438,2.523,210.93,3.5,-3.53,477.46
2010-2-17,0,0.80441617,2.6165,271.65,2.12,-4.44,440
2010-2-18,0,0.923901323,2.5485,300.03,5.09,-2.24,520
2010-2-19,0,0.99506424,2.523,321.71,6.5,-1.5,560
2010-2-20,0,1.028172649,2.5797,318.31,6.95,-0.8,575.62
2010-2-21,0,1.070841919,2.6335,366.44,7.36,-2.17,520
2010-2-22,7.34,1.056058297,2.6844,271.33,6.5,-2.65,507.71
2010-2-23,24.4,1.005905746,4.1343,179.5,6.01,0.85,640
2010-2-24,19.02,1.018679747,9.7976,163.4,6.4,1.84,707.46
2010-2-25,9.37,0.978579902,9.203,183.51,4.52,-0.5,600
2010-2-26,8.05,0.858740641,7.1358,167.64,1.22,-3.17,480
2010-2-27,0,0.94506429,5.5501,254.28,2.86,-2.1,520
2010-2-28,0,1.055368204,4.7289,318.48,4.5,-1.92,526.23
2010-3-1,0,1.21542578,4.1059,358.87,7.38,-0.33,600
2010-3-2,0,1.263589768,3.8228,393.16,7.65,-1.25,560
2010-3-3,3,1.088618418,3.7378,175.72,5.64,1.25,660.33
2010-3-4,0,1.178052561,3.6529,268.25,6.7,1.5,680
2010-3-5,0,1.352369628,3.3414,358.64,8.5,0.48,638.57
2010-3-6,0,1.518106622,3.1432,427.49,10.5,-1.5,560
2010-3-7,0,1.682077306,2.86,440.87,13,-1.22,560
2010-3-8,0,1.822162098,2.6901,441.39,15,-0.47,600
2010-3-9,0,1.964430651,2.5259,440.28,16.88,1,640.25
2010-3-10,0,1.944342085,2.4183,444.69,16,0.01,600.8
2010-3-11,0,1.976376687,2.3475,410.44,16.17,4.25,820
2010-3-12,7.36,1.69991099,2.3871,218.77,13.34,6.76,980.55
2010-3-13,57.34,1.4094436,7.0509,132.22,10.83,7.21,1016.59
2010-3-14,22.61,1.466349336,13.9885,148.99,11,6.99,999.59
2010-3-15,14.74,1.393453162,12.2895,152.07,9,5,880
2010-3-16,4.75,1.82310517,9.5428,288.77,12.15,3,760
2010-3-17,0,2.236242393,6.881,473.56,16.92,-0.5,600
2010-3-18,0,2.462479544,5.1537,474.95,19.74,1.03,642.21
2010-3-19,0,2.627411364,4.3042,473.78,21.49,2.5,720
2010-3-20,0,2.751784603,3.7661,466.37,22.5,4.88,870.1
2010-3-21,0,2.682020495,3.3414,453.13,21.12,5.79,920
2010-3-22,13.33,2.467004662,3.1432,287.87,18.97,8.49,1119.3
2010-3-23,9.7,1.99974027,3.398,220.29,13.9,7,1000
2010-3-24,0,2.182979399,3.5962,357.61,14.85,6,920
2010-3-25,0,2.488937874,3.398,449.29,16.95,3.38,790.1
2010-3-26,9.96,2.49489059,3.2848,336.6,16.6,3,760
2010-3-27,0,1.846995729,3.1998,377.82,8.22,-1.29,560
2010-3-28,5.51,2.123406547,2.9733,318.01,11.16,-0.57,592.59
2010-3-29,49.17,2.056169747,5.0687,193.98,13.42,7.21,1016.86
2010-3-30,16.59,2.011365196,9.4578,204.89,12,5.5,920
2010-3-31,6.08,2.27641944,9.3446,267.9,13.51,4.48,838.26
2010-4-1,0,2.772917236,6.9376,447.19,17.84,4.5,840
2010-4-2,0,2.903395665,5.1253,457.32,18.81,4.5,840
2010-4-3,0,2.645517886,4.1909,386,16.58,6,920
2010-4-4,0,3.120292394,3.6246,428.63,21.01,8,1079.9
2010-4-5,0,3.394267167,3.2281,452.99,23.23,8.49,1118.99
2010-4-6,0,3.80915198,2.9733,460.19,27,11,1320
2010-4-7,0,4.241533565,2.7779,439.43,31,15.5,1760.35
2010-4-8,0,3.932462357,2.6278,401.67,28.65,16.03,1804.46
2010-4-9,10.02,3.338165101,2.6844,324.84,21.78,9,1160
2010-4-10,0,2.797224615,2.7467,417.74,15.77,4.45,835.71
2010-4-11,0,3.334446327,2.6476,471.8,20.36,5.59,920
2010-4-12,0,3.498550755,2.4636,464.36,21.79,7,1000
2010-4-13,0,2.973064978,2.3276,426,16.49,4.19,815.14
2010-4-14,0,2.873935205,2.254,438.37,14.83,1.94,715.07
2010-4-15,0,3.537347606,2.1577,472.51,21,5.42,913.45
2010-4-16,3.01,3.785366917,2.0813,335.3,23.62,9.29,1182.99
2010-4-17,4,3.600000919,2.1011,338.47,21.5,7.5,1040
2010-4-18,0,3.077734791,2.087,447.06,16,3.1,767.8
2010-4-19,0,3.199974581,2.0303,439.92,17.25,4.78,862.31
2010-4-20,0,3.484817836,1.9227,491.63,19,3.62,800
2010-4-21,7.56,3.343850693,1.8576,328.79,18.27,5.79,920
2010-4-22,4.17,3.543118311,1.8746,310.98,20.52,8.75,1140.05
2010-4-23,0,3.755750622,1.8321,479.01,21,5.95,920
2010-4-24,0,3.50985975,1.7755,463.36,18.67,4.85,867.97
2010-4-25,13.07,3.109094407,1.801,259.52,17,8,1079.79
2010-4-26,7.1,2.389240674,2.1634,142.68,13.91,9.38,1190.11
2010-4-27,0.17,3.222759028,2.4126,392.11,16.78,6.5,960
2010-4-28,0,3.418009655,2.288,490.74,16.5,1.79,703.13
2010-4-29,0,3.466537566,2.0756,428.97,17.86,5.85,920
2010-4-30,0,4.164160084,1.8774,491.07,22.89,7.01,1000.42
2010-5-1,0,4.799338251,1.7245,468.25,28.5,12.86,1468.79
2010-5-2,0,4.877368846,1.6169,405.4,30.36,17.5,2000.7
2010-5-3,0,4.384830584,1.5631,316.81,28.8,19.5,2280
2010-5-4,0,4.680654666,1.481,413.2,28.24,15.55,1764.05
2010-5-5,0,4.677126013,1.4102,479.1,26.51,10.94,1315.07
2010-5-6,0,4.833616906,1.3422,451.98,28.2,13.83,1586.52
2010-5-7,0,4.478699181,1.3111,485.61,24.38,9,1160
2010-5-8,0,4.529500207,1.2629,449.14,25.41,11.73,1378.14
2010-5-9,0,4.005558221,1.1695,448.05,20.7,7.74,1059.22
2010-5-10,0,3.601398039,1.1525,464.62,16.5,3.23,778.67
2010-5-11,0.1,3.552361899,1.1525,482.17,15.61,1.66,693.1
2010-5-12,9.51,3.384649038,1.2629,262.94,16.84,7.85,1067.71
2010-5-13,0.51,3.338482038,1.3196,361.97,16,6.81,984.68
2010-5-14,10.73,4.688165696,1.3082,354.05,25.34,10.9,1312.15
2010-5-15,0,4.665526331,1.699,427.07,26.18,13.77,1581.88
2010-5-16,0,4.175182545,1.6367,405.4,22.5,11.5,1360
2010-5-17,4.49,3.983169847,1.5291,316.79,20.27,9,1160
2010-5-18,44.43,2.950367984,2.4183,179.23,15.8,10.22,1257.3
2010-5-19,0,3.047982832,4.3891,253.85,16.36,10.5,1280
2010-5-20,0,4.240331554,3.9077,438.32,22.09,10.5,1280
2010-5-21,0,5.16555559,3.1715,493.03,28,12.8,1464.09
2010-5-22,0,4.606621493,2.4834,418.08,25.51,14.21,1616.45
2010-5-23,2,3.504227919,2.036,252.57,21.43,15.5,1760
2010-5-24,1,3.357119052,1.7981,235.82,20.86,15.5,1760
2010-5-25,0,4.242932544,1.6622,384.98,23.5,14.01,1600.79
2010-5-26,0,5.276856681,1.515,504.42,28.11,12.52,1441.89
2010-5-27,0,5.127818013,1.3875,448.69,28.34,15.5,1760.3
2010-5-28,0,4.354366762,1.3535,409.99,23.22,12.74,1459.22
2010-5-29,3,3.963881294,1.2828,235.41,23,15.49,1759.05
2010-5-30,0,4.953845478,1.229,409.03,28.22,17.34,1974.47
2010-5-31,0,5.381935403,1.1553,462.63,29.78,16.5,1880
2010-6-1,0,5.237581982,1.1015,388.17,31,20.5,2400
2010-6-2,0,5.13253141,1.0591,408.32,29.47,18.5,2120
2010-6-3,0,5.219285011,1.0081,401.33,30.32,19.5,2280
2010-6-4,0,5.374982305,0.9741,416.19,31,19.61,2289.12
2010-6-5,0,5.511204702,0.9401,399.51,32.5,21.5,2560
2010-6-6,0,5.766094313,0.9061,438.42,33,20.41,2384.97
2010-6-7,0,5.374781428,0.8637,513.74,28.04,12.79,1463.42
2010-6-8,0,4.802817833,0.8353,475.5,24.81,12.3,1423.91
2010-6-9,7.17,4.618021646,0.8212,352.27,23.5,11.5,1360
2010-6-10,0,4.272328358,0.8608,349.32,24.59,16.54,1881.9
2010-6-11,0,4.899549706,0.824,448.86,26.33,14.8,1688.74
2010-6-12,0,4.707119245,0.8099,408.58,26.05,16,1800
2010-6-13,0,5.455596581,0.8042,436.06,30.82,19,2200
2010-6-14,0,5.384193096,0.8042,434.73,30.36,18.72,2156
2010-6-15,0,4.689510459,0.8042,373.83,27.18,18.19,2095.45
2010-6-16,0,4.339748207,0.8042,344.69,25.39,17.5,2000
2010-6-17,0,4.911427737,0.8127,399.73,28,18.08,2086.66
2010-6-18,0,5.236119527,0.7929,487.72,27.53,14,1580
2010-6-19,0,5.208990537,0.7447,463.33,28.02,15.49,1758.81
2010-6-20,0,5.44733841,0.7221,408.08,31.54,20.59,2414.55
2010-6-21,0,5.744378902,0.6938,442.78,32.5,20.01,2294.63
2010-6-22,0,5.772099125,0.6739,463.44,32,18.59,2035.79
2010-6-23,0,5.826439837,0.6654,419.72,33.5,21.37,2482.05
2010-6-24,16.68,6.101019467,0.6456,318.45,34.99,22.09,2655.12
2010-6-25,0,5.69215007,0.657,426.27,32.41,20.23,2341.24
2010-6-26,0,5.498032598,0.6343,430.12,31,19,2177.85
2010-6-27,0,5.587962104,0.6031,392.66,32.78,21.77,2600.51
2010-6-28,0,5.545078495,0.5663,347.19,34.16,24.5,2936.08
2010-6-29,3.27,5.726440826,0.5409,327.64,34,22.99,2642.3
2010-6-30,0,5.273469885,0.521,452.72,29.11,16.95,1612.86
2010-7-1,0,4.974681735,0.504,466.85,26.39,14,1335.98
2010-7-2,0,5.026313686,0.4984,495.37,26,12.33,1172.83
2010-7-3,0,5.472009471,0.4814,502.81,29.16,14.47,1307.23
2010-7-4,0,5.99909587,0.4559,497.62,33,17.63,1572.06
2010-7-5,0,6.382606749,0.4219,497.61,35.5,19.29,1720.27
2010-7-6,0,6.534495336,0.4191,475.05,37,21.5,2013.19
2010-7-7,0,6.484452678,0.4106,443.54,37.53,23.41,2338.61
2010-7-8,0,5.45849024,0.4106,363.09,33.21,22.97,2534.73
2010-7-9,0,4.858374881,0.4191,321.06,30.37,21.88,2451.96
2010-7-10,12.08,4.336655351,0.4644,199.33,28.33,21.5,2560
2010-7-11,6.56,4.541537927,0.5352,253.58,28.73,21,2445.53
2010-7-12,0,5.418626708,0.5069,429.66,31.28,19.2,1940.69
2010-7-13,6.16,4.624634332,0.4955,228.33,30.24,22.74,2758.45
2010-7-14,18.96,4.476682478,0.5409,217.56,29,21.6,2576.75
2010-7-15,8.42,4.507836945,0.5409,215.68,29.5,22.13,2661.23
2010-7-16,0,4.909575101,0.521,320.42,31.43,22.86,2778.17
2010-7-17,3.99,5.513175041,0.5295,290.36,33.5,22.33,2693.08
2010-7-18,0,5.40098774,0.4899,370.54,33.5,23.07,2755.3
2010-7-19,0,5.094064069,0.4587,333.43,32.72,23.64,2908.6
2010-7-20,4.02,5.28722631,0.4248,275.8,33,22.76,2762.31
2010-7-21,0,5.054759575,0.4474,354.45,32,22.49,2680.24
2010-7-22,0,5.366361321,0.4191,399.22,33,21.91,2485.66
2010-7-23,0,5.45694204,0.3964,408.75,33.48,21.96,2467.9
2010-7-24,0,5.613839651,0.3653,364.14,36,25.48,3145.86
2010-7-25,21.9,5.900399015,0.4191,312.43,36.26,23.5,2837.76
2010-7-26,0,5.580098619,0.6173,489.07,32.5,17.52,1769.38
2010-7-27,0,5.079467925,0.521,449.54,30,17.44,1840.01
2010-7-28,0,4.624960924,0.4955,338.78,30,21.2,2508.29
2010-7-29,0,4.575598284,0.4757,299.87,31.32,23.5,2880
2010-7-30,0,4.884855602,0.4417,441.1,29.22,17.19,1836.01
2010-7-31,0,4.768726175,0.4106,456.71,28,15.5,1638.12
2010-8-1,0,4.553655557,0.3879,402.98,27.99,17.57,1952.74
2010-8-2,0,4.645401869,0.3766,433.91,28.06,16.59,1791.33
2010-8-3,0,4.505343156,0.3511,373.95,29,19.53,2246
2010-8-4,0,4.331662697,0.337,303.7,30.5,23,2800
2010-8-5,0,4.918799226,0.3341,363.52,33.23,23.65,2859.32
2010-8-6,0,5.067708245,0.3228,413.37,33,21.83,2477.97
2010-8-7,0,5.108277696,0.3143,499.37,31,16,1623.55
2010-8-8,0,4.817244315,0.3058,440.37,30.5,18.52,1996.85
2010-8-9,0,4.833486417,0.2973,396.82,31.97,21.22,2439.58
2010-8-10,0,4.982897841,0.2888,384.85,33.53,22.76,2690.2
2010-8-11,0,5.115513365,0.2832,397.51,34.36,23,2647.4
2010-8-12,0,4.3714552,0.2973,314.46,31.45,23.25,2840.65
2010-8-13,0,3.659175597,0.3143,248.63,28,22,2640
2010-8-14,0,4.203793193,0.2888,395.79,27.67,17.5,1898.12
2010-8-15,0,4.009091083,0.2687,354.28,27.36,18.48,2086.21
2010-8-16,0,4.112105103,0.2721,306.13,30.32,22.5,2701.57
2010-8-17,0,4.633850134,0.2554,374.44,32.94,23,2292.92
2010-8-18,32.26,4.167190575,0.6485,277.08,29.03,19.49,2147.91
2010-8-19,0,3.572205941,0.8382,282.84,26.71,19.92,2313.9
2010-8-20,0,4.53117419,0.7079,407.83,31.5,20.23,2117.67
2010-8-21,0,4.502701149,0.6371,428.2,30.92,18.86,1907.87
2010-8-22,0,3.834632167,0.5975,311.49,28.82,20.97,2451.15
2010-8-23,4.68,4.014879281,0.5522,284.1,28.43,18.48,2118.81
2010-8-24,0.38,3.430157608,0.5125,319.42,25,17.41,1979.05
2010-8-25,0,3.093384597,0.4531,263.73,23.92,17.99,2078.73
2010-8-26,0,3.896277615,0.4248,404.91,27.71,17.35,1827.22
2010-8-27,0,4.139649027,0.3908,483.76,28.06,13.53,1329.63
2010-8-28,0,4.109480562,0.3681,483.51,28,13.16,1288.84
2010-8-29,0,4.546218283,0.3483,489.39,31.97,15.22,1434.16
2010-8-30,0,4.630104197,0.3341,456.66,33.5,18.48,1812.96
2010-8-31,0,4.742631365,0.3171,462.36,34.55,18.5,1798.91
2010-9-1,0,4.738264413,0.3058,447.96,35,19.51,1941.03
2010-9-2,0,4.332862309,0.2973,387.49,33.2,21.2,2309.79
2010-9-3,0,3.846612962,0.3087,317,31.05,21.9,2598.2
2010-9-4,0,3.750487841,0.3143,387.06,28.5,17.2,1844.24
2010-9-5,0,3.676790294,0.2812,461.67,26.5,11.5,1209.44
2010-9-6,0,3.64675091,0.2801,464.13,26.5,11.16,1181.51
2010-9-7,0,3.771698785,0.2772,413.87,28.94,15.92,1661.15
2010-9-8,0,4.094651621,0.2662,401.14,32.49,19.26,2003.41
2010-9-9,0,3.686553156,0.254,425.95,28.51,14.58,1485.32
2010-9-10,0,3.192935986,0.2611,381.46,24.5,13.26,1451.72
2010-9-11,0,3.268851062,0.2673,413.65,25,11.98,1297.31
2010-9-12,5,2.901810185,0.2888,243.99,22.96,13.66,1572.47
2010-9-13,0,2.831749514,0.3313,299.23,23.18,14.72,1675.8
2010-9-14,0,3.391630079,0.3087,404.18,27.52,13.99,1499.12
2010-9-15,0,3.333233617,0.2778,422.05,27,12.16,1317.68
2010-9-16,16.98,3.262888177,0.2761,291.53,27,13.71,1576
2010-9-17,11.31,3.329774705,0.3738,272.05,28.5,16.08,1814.15
2010-9-18,0,3.028304656,0.3766,393.88,25,11.26,1339.46
2010-9-19,0,3.072585757,0.3511,388.2,25.99,12.19,1415.16
2010-9-20,0,3.05592896,0.3228,365.75,26.5,13.69,1574.65
2010-9-21,0,2.849023395,0.303,402.98,24.01,9.13,1167.79
2010-9-22,5.48,3.105947353,0.286,261.75,28.05,15.31,1741.23
2010-9-23,0,3.14884642,0.3681,310.43,29.51,18.16,2092.88
2010-9-24,0,3.179809334,0.3568,293.75,30.49,19.51,2280.26
2010-9-25,0,3.285539327,0.3228,289.26,32.05,20.9,2463.64
2010-9-26,4.86,2.820700978,0.2917,212.12,27.43,17.31,1968.97
2010-9-27,20.81,2.280247363,0.6739,128.45,24.5,18.85,2176.06
2010-9-28,13.7,2.132836216,0.8353,102.68,24.93,20.5,2400
2010-9-29,0,2.413655477,0.7419,251.8,24.39,16.16,1826.23
2010-9-30,11.01,2.213235168,0.7108,132.54,24.8,19.2,2231.88
2010-10-1,32.32,2.447809365,0.7561,221.19,24.86,15.1,1728.22
2010-10-2,0,2.126070235,0.6824,330.79,20,9.16,1172.87
2010-10-3,0,1.968332906,0.5918,292.15,18.5,9.34,1187.2
2010-10-4,13.06,1.601558122,0.657,130.14,15.5,10.53,1282.78
2010-10-5,7,1.470935705,0.6909,113.88,14.24,10.07,1245.62
2010-10-6,2.25,1.741730145,0.6145,289.78,15.85,6.5,960
2010-10-7,0,1.990885013,0.5635,333.69,20.36,9.37,1189.28
2010-10-8,0,2.122468699,0.4984,366.27,22.86,9.31,1184.91
2010-10-9,0,2.173944932,0.4361,364.17,24.25,10.34,1267.41
2010-10-10,0,2.03115512,0.4078,389.81,23,6.45,955.67
2010-10-11,0,2.193249405,0.3879,349.22,25.67,11.94,1395.5
2010-10-12,5,2.178568155,0.3766,240.07,25.96,13.84,1587.41
2010-10-13,0,1.862614494,0.3653,351.29,21.5,7.74,1059.22
2010-10-14,0,1.621361437,0.3794,326.59,17.49,5.8,920
2010-10-15,10.45,1.499804066,0.4814,196.12,16.02,7.6,1047.77
2010-10-16,0,1.533512974,0.4304,265.89,17.2,8.53,1122.46
2010-10-17,0,1.6431794,0.3936,362.99,20.34,4.9,872.37
2010-10-18,0,1.630299552,0.3794,350.44,20.5,5.95,920
2010-10-19,11.27,1.455879264,0.3964,220.75,17,6.67,973.73
2010-10-20,2.99,1.278048395,0.4276,171.93,14,6.75,980.05
2010-10-21,5,1.43448472,0.4616,230.12,17.75,6.57,965.88
2010-10-22,0,1.338734503,0.4361,326.29,16.44,3.96,800
2010-10-23,0,1.333471559,0.4106,343.19,17.55,3.02,761.52
2010-10-24,0,1.531514094,0.3936,310.04,21.85,9.2,1176.07
2010-10-25,0,1.581343597,0.3879,262.12,23,13.02,1491.59
2010-10-26,0,1.486722114,0.3766,179.78,22.5,16.16,1826.3
2010-10-27,21.71,1.470449803,0.5097,111.38,23.5,18.2,2096.12
2010-10-28,0,1.607689974,0.7023,241.71,25.1,15.5,1760
2010-10-29,0,1.292065882,0.6201,293.27,19.74,7.5,1039.6
2010-10-30,0,1.070748292,0.5805,282.63,14.5,3.23,778.38
2010-10-31,0,1.110937187,0.555,299.83,16.95,3.83,800
2010-11-1,0,0.970167164,0.5324,305.84,13.9,0.28,622.75
2010-11-2,0,0.887623234,0.504,276.63,11,-0.33,600
2010-11-3,0,0.890257322,0.4955,289.18,12.38,-0.39,598.51
2010-11-4,26.97,0.961776077,0.7476,162.43,13.67,4.97,877.95
2010-11-5,7.57,0.91559033,0.9118,133.7,12.49,5.58,920
2010-11-6,0,0.852895464,0.7504,240.14,11.83,1.86,708.58
2010-11-7,0,0.815090222,0.6881,233.73,11,1.4,671.97
2010-11-8,0.25,0.847801716,0.6598,214.15,12.31,3.7,800
2010-11-9,0,0.879158663,0.6258,218.12,14,5.16,892.63
2010-11-10,0,0.872629477,0.6116,222.56,14.48,5.36,908.55
2010-11-11,0,0.781572502,0.5862,261.03,13.43,1.81,705.19
2010-11-12,0,0.745285293,0.5409,286.26,15,0.53,640
2010-11-13,0,0.757938164,0.538,289.43,17.45,1.68,694.61
2010-11-14,0,0.699687213,0.5125,295.22,17.98,0.4,632.16
2010-11-15,0,0.787632289,0.504,246.92,16.5,4.5,840.25
2010-11-16,6,0.853844886,0.5295,118.23,16,9.33,1186.57
2010-11-17,7.96,0.863863341,0.5777,121.83,16.87,10,1240
2010-11-18,0,0.720407596,0.5692,232.03,14.91,4.15,811.73
2010-11-19,0,0.617060193,0.5465,241.61,12,0.5,640
2010-11-20,0,0.605413208,0.5267,256.67,13.96,0.66,640
2010-11-21,0,0.619354294,0.5069,238.06,13.53,1.84,707.29
2010-11-22,0,0.682809179,0.504,226.46,16.02,4.97,877.37
2010-11-23,0,0.818948925,0.504,170.73,18.51,10.74,1299.42
2010-11-24,0,0.629170566,0.4842,231.39,15.5,3.98,800
2010-11-25,0,0.60941684,0.4814,175.57,11.49,3.75,800
2010-11-26,1,0.610804597,0.4842,220.8,15.39,4.25,820.05
2010-11-27,0,0.515482165,0.4814,212.38,10.5,0.25,620.05
2010-11-28,0,0.454987347,0.4701,219.38,8.18,-2.5,520
2010-11-29,0,0.405590746,0.4616,249,9.79,-4,440.25
2010-11-30,0,0.51669304,0.4672,225.58,14.2,2.25,719.73
2010-12-1,14.91,0.578006361,0.5578,160.18,16.51,5.25,899.72
2010-12-2,0,0.440046573,0.606,218.77,9.92,-1.22,560
2010-12-3,0,0.455564644,0.5748,147.45,5.54,-0.9,567.79
2010-12-4,0,0.436048906,0.5493,161.53,5.5,-1.67,546.57
2010-12-5,0,0.44228958,0.5295,121.5,4,-1.16,560
2010-12-6,0,0.43405061,0.4984,116.23,3.47,-1.42,560
2010-12-7,0,0.417315355,0.4814,113.25,2.5,-2.22,520
2010-12-8,0,0.384200903,0.4814,147.24,2.26,-3.98,441.52
2010-12-9,0,0.320848203,0.4814,202.24,1.74,-7.65,347.69
2010-12-10,0,0.294656765,0.4786,228.91,3.16,-8.6,320
2010-12-11,0,0.331292797,0.4814,224.36,6.59,-5.02,438.66
2010-12-12,22.02,0.468790276,0.6683,151.33,13.5,3.35,779.34
2010-12-13,6.76,0.345561222,0.7674,198.14,10.5,-2.29,520
2010-12-14,0,0.320915084,0.6683,163.17,-0.5,-7.33,360
2010-12-15,0,0.334776564,0.623,124.55,-1.61,-6.49,360.42
2010-12-16,0,0.311389159,0.6201,149.65,-2,-8,320
2010-12-17,0,0.292081525,0.606,206.33,0.73,-8.64,320
2010-12-18,0,0.290433257,0.5833,221.01,2.5,-8.09,320
2010-12-19,0,0.322066002,0.572,201.95,3,-6.07,390.71
2010-12-20,0,0.351350144,0.572,177.91,3,-4.47,440
2010-12-21,0,0.374790486,0.5607,169.87,4,-2.99,480.8
2010-12-22,0,0.363009571,0.5493,183.41,4,-3.61,471.06
2010-12-23,0,0.405096379,0.5295,141.03,4,-1.51,559.36
2010-12-24,0,0.376722814,0.5267,175.04,4,-3,480.25
2010-12-25,0,0.362857569,0.5267,161.79,2,-4.26,440
2010-12-26,15.93,0.361144241,0.5437,80.04,-1,-4.83,440
2010-12-27,14.13,0.348227614,0.5493,108.51,-0.8,-5.7,400
2010-12-28,0,0.348977493,0.5267,202.95,2.15,-5.31,415.48
2010-12-29,0,0.308623112,0.5267,253.45,4,-7.19,360
2010-12-30,0,0.242549617,0.5267,278.45,6.37,-10,280
2010-12-31,0,0.335490066,0.5324,259.56,7.5,-4.75,440
2011-1-1,0,0.384665608,0.5748,242.77,11.17,-1.26,560
2011-1-2,2,0.460510753,0.7589,221.44,11.92,1.72,697.45
2011-1-3,0,0.388522429,0.7674,214.08,5.66,-3.48,480
2011-1-4,0,0.361516073,0.6881,227.61,4.54,-5.47,402.09
2011-1-5,0,0.378459801,0.6683,223.01,4.85,-4.76,440
2011-1-6,0,0.351565009,0.6371,231.19,3,-7.03,360
2011-1-7,1.89,0.367317226,0.6258,239.03,2.27,-6.5,360
2011-1-8,4.53,0.353010839,0.623,160.75,-0.58,-7.89,331.48
2011-1-9,0,0.379701989,0.5975,170.2,-0.77,-6.21,382.89
2011-1-10,0,0.366911279,0.5748,223.23,-0.06,-7.67,346.02
2011-1-11,5,0.34554113,0.572,207.5,1.07,-9.75,280
2011-1-12,6.27,0.403440379,0.5777,158.06,0.92,-5.97,393.77
2011-1-13,0,0.386433995,0.572,213.24,-0.5,-7.4,359.06
2011-1-14,0,0.343168863,0.555,291.36,-0.2,-11.56,246.53
2011-1-15,0,0.36966146,0.5465,303.42,2.29,-10.21,280
2011-1-16,0,0.423461586,0.5493,289.14,4,-7.09,360
2011-1-17,0,0.437559683,0.5493,251.61,2.06,-6.38,369.7
2011-1-18,26.2,0.536619556,0.9118,160.47,5.71,-1.12,567.23
2011-1-19,4,0.585142421,1.0675,171,7.97,0.54,640
2011-1-20,0,0.552561925,0.9401,233.4,6,-1.5,560
2011-1-21,4.04,0.518702087,0.9345,200.95,4.92,-4.2,440
2011-1-22,0,0.411863473,0.8863,271.6,-1.53,-10.47,280
2011-1-23,0,0.396254108,0.8099,254.6,-3.39,-11.32,254.54
2011-1-24,0,0.394842903,0.7023,315.63,-2.14,-13.72,200
2011-1-25,0,0.536345526,0.7249,267.47,3.29,-5.24,419.88
2011-1-26,12.37,0.598383255,0.807,149.84,4.5,-1.39,559.36
2011-1-27,17.15,0.562233024,1.0081,134.45,2.26,-2.87,490.57
2011-1-28,0,0.556594917,0.9231,237.51,2.13,-5,439.46
2011-1-29,0,0.577887441,0.875,195.67,2.2,-3.36,478.66
2011-1-30,0,0.592119856,0.8438,296.9,3.73,-6.11,387.48
2011-1-31,0,0.57776897,0.8155,289.02,2.26,-6.86,360
2011-2-1,0.75,0.618740251,0.8042,232.37,2.76,-3.75,460.83
2011-2-2,16,0.808249429,1.0959,236.02,10.83,-0.03,601.18
2011-2-3,0,0.676317968,1.2714,260.26,4.31,-3.4,480
2011-2-4,0,0.64767211,1.1327,277.98,2.82,-5.5,408
2011-2-5,2.68,0.769609156,1.0251,227.16,6.87,-1.67,541.7
2011-2-6,0,0.837260704,0.9996,292.39,9,-1,560
2011-2-7,2,0.819622146,0.943,312.44,8.25,-3.16,480
2011-2-8,2,0.81971123,0.9345,308.8,7.5,-3.5,480
2011-2-9,0,0.677184789,0.858,318.96,2,-9.34,292.45
2011-2-10,0,0.650222499,0.8325,277.71,0,-8.5,320
2011-2-11,0,0.707445801,0.7872,346.88,2.61,-11.09,272.56
2011-2-12,0,0.831143173,0.7759,349.04,6.35,-7.77,338.38
2011-2-13,0,0.932915091,0.7759,346.32,8.79,-4.99,440
2011-2-14,0,1.18949575,0.7759,321.26,14.67,2.83,746.39
2011-2-15,0,1.050197223,0.7532,356.02,11.13,-3.5,480
2011-2-16,0,0.964545801,0.7221,364.59,8.21,-7,360
2011-2-17,0,1.259552146,0.7221,333.55,14.64,2.07,709.36
2011-2-18,0,1.527923036,0.7221,323.06,19.91,7.5,1040
2011-2-19,0,1.418911724,0.7079,344.54,17.27,3.5,800
2011-2-20,0,1.092442322,0.6966,329.88,8.5,-2.99,480.44
2011-2-21,0,1.082399429,0.6994,314.68,7.64,-2.77,498.12
2011-2-22,8.19,0.980696425,0.7277,275.57,4.5,-6.51,360
2011-2-23,0,0.97958731,0.7136,412.98,4.23,-9.54,282.15
2011-2-24,0,1.089537222,0.7249,405.83,6.41,-6.81,360
2011-2-25,16.2,1.467916702,1.0024,310.13,14.67,-0.12,602.84
2011-2-26,0,1.378065193,1.0194,392.18,11.91,-1,560
2011-2-27,0,1.376974657,0.9401,338.29,11.39,1.27,661.21
2011-2-28,13,1.70127794,0.9854,246.98,17.26,5.35,907.71
2011-3-1,0,1.520604556,1.212,371.57,13.26,-1,560
2011-3-2,0,1.484053912,1.1298,370.27,11.93,-2,520
2011-3-3,0,1.307362763,0.9996,361.51,7.73,-5.31,415.52
2011-3-4,0,1.211418462,0.9231,313.45,5.36,-4.81,440
2011-3-5,0,1.568463266,0.8835,330.55,12.04,0.72,637.15
2011-3-6,32.84,1.56047713,0.9401,139.1,14.06,8.35,1108
2011-3-7,20.8,1.628678689,1.5234,247.85,12.21,1.11,649.66
2011-3-8,0,1.450969816,1.4611,319.75,8.5,-1.75,540.33
2011-3-9,0,1.497566747,1.2544,317.72,9,-1.05,562.02
2011-3-10,20.28,1.62020661,1.1723,187.26,12,4.54,843.5
2011-3-11,19.89,1.677888981,1.7641,178.98,13,6,920
2011-3-12,0,1.808443207,1.985,315.84,13.42,3.67,800
2011-3-13,0,1.909539511,1.6509,351.68,14.23,3.01,760.97
2011-3-14,0,1.787341191,1.3705,376.67,11.55,-0.5,598.81
2011-3-15,0,1.699043096,1.2091,383.93,9.61,-2.5,520
2011-3-16,18.17,1.902741084,1.4158,258.91,13,2.64,738.12
2011-3-17,0,2.104241108,1.5886,334.83,16,6.09,927.34
2011-3-18,0,2.622557076,1.4272,417.3,21.86,7,1000
2011-3-19,0,2.584529509,1.2629,417.76,20.87,6.3,943.8
2011-3-20,0,1.955250832,1.1468,391.29,11.72,-0.09,600
2011-3-21,5,2.072946427,1.1213,269.92,13.6,3.28,782.25
2011-3-22,0,2.197877797,1.1129,358.1,15.13,4.9,871.97
2011-3-23,9.21,1.837604074,1.0987,206.42,11,3.94,800
2011-3-24,8.83,1.406259557,1.5036,143.25,5.5,0.98,640
2011-3-25,0,1.691912473,1.5348,367.32,6.44,-3.06,480
2011-3-26,0,1.782301382,1.3649,410.38,7,-4.13,440
2011-3-27,0,1.793175105,1.2233,384.51,7.26,-2.56,515.03
2011-3-28,0,1.865770394,1.1298,426.83,7.5,-4,440
2011-3-29,0,2.042618545,1.0675,453.26,9.38,-3.63,469.45
2011-3-30,0,2.014305623,1.0477,423.74,9.05,-2.26,520
2011-3-31,4,1.653304184,1.0449,176.5,7.23,2.06,715.55
2011-4-1,6.79,1.602543865,1.1893,160.17,7,2.5,720
2011-4-2,0,2.079978689,1.1921,374.42,10.26,1.63,690.01
2011-4-3,0,2.414049473,1.127,416.83,13.66,3.37,789.45
2011-4-4,0,2.992127091,1.0591,460.41,19.48,6.46,957
2011-4-5,2.01,3.072204397,1.0336,460.48,19.96,6.65,971.83
2011-4-6,0,2.74942649,1.0279,486.78,15.5,1.23,658.67
2011-4-7,0,2.475995423,0.9854,401.94,13.5,3.76,800
2011-4-8,13.65,2.205132588,1.0109,263.09,10.82,2.93,754.63
2011-4-9,8.99,2.106105543,1.2743,213.17,10.94,4.84,867.41
2011-4-10,0,2.501742686,1.2233,343.22,14.51,6.76,980.55
2011-4-11,0,3.171614797,1.1383,429.08,20.06,8.98,1158.07
2011-4-12,16.69,3.494431679,1.093,335.19,22.75,10.51,1280.69
2011-4-13,9.07,2.965809589,1.2941,299.61,18,8.42,1113.23
2011-4-14,0,3.051111473,1.2205,433.58,17.9,7.15,1012.16
2011-4-15,0,2.914317124,1.1129,426.96,16.28,6,920
2011-4-16,33.1,2.637907996,1.0052,268.22,14.55,6.7,975.8
2011-4-17,15.48,2.68849123,1.8774,238.01,16.35,9.64,1211.57
2011-4-18,0,2.91594306,1.8831,360.95,17.73,9.98,1238.57
2011-4-19,0,3.147485875,1.6707,403.05,18.99,10,1240
2011-4-20,0,4.079624412,1.5036,520.62,24.71,8.44,1115.42
2011-4-21,0,4.03445713,1.3111,515.82,24.14,8.5,1120
2011-4-22,1.75,2.882512534,1.1695,455.29,13.86,3.21,776.75
2011-4-23,9.56,3.039455029,1.2006,324.74,15.8,5.74,920
2011-4-24,5.53,3.871502321,1.2063,326.37,23.94,12.87,1475.59
2011-4-25,6.43,4.28224788,1.6424,324.51,27.51,16,1800
2011-4-26,0,4.011731644,1.6792,394.21,26.07,16.3,1847.84
2011-4-27,0,3.650383105,1.3932,339.73,24.3,16.49,1877.23
2011-4-28,10.46,3.51459116,1.2686,233.01,24.01,17.14,1942.51
2011-4-29,0,4.139890337,1.3281,493.68,23.92,10.58,1286.04
2011-4-30,0,3.653018926,1.2318,479.75,19.54,7.49,1039.37
2011-5-1,0,3.742502494,1.1298,503.4,19.49,6,920
2011-5-2,0,3.560733519,1.0506,395.93,20.36,11.15,1331.96
2011-5-3,0,3.982574586,1.0024,427.48,23.32,12.74,1459.22
2011-5-4,15,4.082834197,1.1667,364.99,22.44,9.5,1200
2011-5-5,0,3.448844293,1.4555,453.71,17.24,6.5,960
2011-5-6,0,3.903535534,1.2997,509.06,20,6.46,957.14
2011-5-7,0,4.155679754,1.1553,500.66,22.21,8.68,1134.23
2011-5-8,0,4.186380817,1.0675,509.62,22.01,7.86,1068.51
2011-5-9,0,4.198375109,1.0024,503.82,22,8,1080
2011-5-10,0,4.234034391,0.9458,502.34,22.1,8,1080
2011-5-11,0,4.165332544,0.9061,506.17,21.23,7,1000
2011-5-12,0,4.14610269,0.8693,481.86,21.49,8.5,1120
2011-5-13,0,4.002330461,0.8467,452.52,20.78,9.12,1169.47
2011-5-14,0,3.327335621,0.8467,293.46,19.06,12.44,1435.03
2011-5-15,8.52,3.353144502,0.9713,189.2,21.18,15.5,1760
2011-5-16,2.05,3.949251509,0.9061,326.84,23.85,16,1800
2011-5-17,6.99,3.543750763,0.9005,205.97,22,15.76,1781.05
2011-5-18,4.81,3.146683599,1.0591,169.81,19.94,15,1720
2011-5-19,2,3.731585952,1.2601,339.21,21.22,13.5,1560
2011-5-20,4.11,4.135018711,1.1921,313.32,22.5,12.53,1442.21
2011-5-21,0,4.372410049,1.0789,447.11,23.69,12.68,1454.5
2011-5-22,0,4.005002814,0.9713,377.42,22.57,14,1600
2011-5-23,0,3.615596655,0.9231,297.71,21.77,15.38,1750.38
2011-5-24,0,4.777934106,0.8891,405.1,28.22,18.23,2098.7
2011-5-25,0,4.852650589,0.824,419.52,28.26,17.8,2047.94
2011-5-26,0,4.975779738,0.7872,434.68,28.6,17.5,1999.2
2011-5-27,0,4.925309808,0.7447,402.04,29.15,19.07,2211.14
2011-5-28,0,4.836988925,0.6824,398.95,28.42,18.5,2120
2011-5-29,0,4.667320323,0.6456,374.31,27.97,19,2200
2011-5-30,0,5.422142456,0.6088,432.02,31.6,20,2320
2011-5-31,0,5.638151622,0.5635,455.65,32.27,19.5,2280
2011-6-1,0,5.498756464,0.5182,435.84,31.84,20,2320
2011-6-2,0,5.675295306,0.4984,485.59,31.39,17.19,1949.84
2011-6-3,0,5.281875902,0.4672,538.9,27.01,10.5,1280
2011-6-4,0,5.135121688,0.4587,532.19,26,10.14,1251.34
2011-6-5,0,4.461682334,0.4587,396.89,24.77,15.33,1746.34
2011-6-6,0,4.749919913,0.4587,444.65,25.61,14.5,1640
2011-6-7,0,5.415241852,0.4446,473.23,29.69,16.61,1888.86
2011-6-8,0,5.978257723,0.4389,470.5,33.5,19.51,2273.17
2011-6-9,6.93,6.49927583,0.4248,358.03,36.44,21,2479.28
2011-6-10,6.81,6.056937239,0.4474,350.24,34,20,2320
2011-6-11,14.58,4.840359153,0.4446,262.73,29.51,21,2480
2011-6-12,0,4.560774008,0.4786,345.88,27.5,19.46,2273.63
2011-6-13,0,4.634351022,0.5182,400.61,26,16.5,1880
2011-6-14,0,4.669718605,0.521,451.14,24.5,13.34,1533.88
2011-6-15,0,5.138917299,0.5522,504.23,26.44,12.4,1412.12
2011-6-16,1.42,5.079629183,0.4984,395.6,27.5,15.65,1771.9
2011-6-17,5.55,4.813842684,0.555,275.48,28,18.77,2163.52
2011-6-18,0,5.281248738,0.4984,424.89,29.54,18.03,2081.65
2011-6-19,0,5.187003347,0.4616,407.48,29.37,18.5,2120.49
2011-6-20,0,4.889337263,0.4417,405.74,27.18,16.75,1899.67
2011-6-21,1,4.76822534,0.4304,396.06,26.5,16.45,1871.44
2011-6-22,0,5.053460965,0.4078,368.95,29.59,19.89,2310.85
2011-6-23,0,5.37101024,0.3936,366.62,32,21.96,2633.99
2011-6-24,0,5.443346699,0.3823,412.44,31,19.53,2265.51
2011-6-25,0,5.442489423,0.3681,429.09,30.5,18.49,2102.7
2011-6-26,0,5.23533302,0.354,428.17,29,17.25,1951.21
2011-6-27,0,4.740677903,0.354,345.03,28,19.18,2229.02
2011-6-28,19.66,4.859252411,0.3794,274.2,28.22,18.74,2159.04
2011-6-29,3.17,4.857385416,0.4304,333.1,28.97,20,2320.49
2011-6-30,0,5.34238751,0.4106,460.16,29,15.97,1792.73
2011-7-1,0,5.358312843,0.3794,468.59,28.91,15.5,1729.49
2011-7-2,0,5.632287534,0.3483,483.43,30.5,16,1761.42
2011-7-3,10.14,5.259275487,0.4134,290.34,30.86,20.4,2384.03
2011-7-4,0,5.355551313,0.3879,392.05,31.54,20.89,2463.14
2011-7-5,0,5.277476534,0.3851,380.47,31.4,21.15,2504.56
2011-7-6,0,5.272016401,0.3908,389.68,31.12,20.62,2419.93
2011-7-7,12.74,5.329336427,0.3908,293.47,31.59,21,2480
2011-7-8,35.82,5.170416321,1.1185,278.64,31.27,21.49,2558.73
2011-7-9,0,5.072679465,1.9567,372.38,30.72,21.13,2501.21
2011-7-10,0,5.566024058,1.3932,468.71,31.23,17.78,2045.34
2011-7-11,0,5.275627932,0.9996,395.03,31.53,21,2480
2011-7-12,0,5.280313666,0.7476,354.49,33,23.5,2880
2011-7-13,0,5.418282476,0.6428,383.64,33,22.5,2720
2011-7-14,0,5.277874414,0.5862,457.71,29.75,17,1919.97
2011-7-15,0,5.238857594,0.5012,477.12,29,15.5,1746.88
2011-7-16,0,5.302543184,0.4219,464.04,30,17,1843.74
2011-7-17,0,5.28106771,0.3964,447.83,30.4,18,1932.74
2011-7-18,0,5.181449699,0.3766,390.17,31.5,21,2423.19
2011-7-19,0,5.4834559,0.4106,398.11,33.5,22.33,2597.89
2011-7-20,0,5.247433447,0.4842,396.79,31.95,21.1,2428.9
2011-7-21,0,4.893968725,0.3936,330.32,31.7,23,2800
2011-7-22,0,5.890124321,0.3625,387.5,36.72,25.08,3061.2
2011-7-23,0,6.150974577,0.3426,384.46,38.5,26.5,3263.72
2011-7-24,15.6,5.977688335,0.4842,299.32,36.95,24.5,3079.62
2011-7-25,18.8,5.045482641,0.9005,267.9,32.22,22.5,2720
2011-7-26,0,4.762787563,0.657,319.71,31.65,23.24,2838.45
2011-7-27,0,5.042514082,0.555,381.68,31.66,21.24,2512.28
2011-7-28,0,5.068291605,0.4531,406.61,31.22,20,2270.6
2011-7-29,9.68,5.053072706,0.487,276.74,32.34,22.13,2660.77
2011-7-30,0,5.399024257,0.4587,400.05,34,22.33,2650.69
2011-7-31,0,5.38352626,0.3964,438.94,32.99,20,2245.48
2011-8-1,0,5.218253295,0.3738,396.12,33.19,21.9,2592.29
2011-8-2,0,5.358793371,0.3936,424.73,33.5,20.96,2405.73
2011-8-3,0,4.563905077,0.3766,335.48,30.5,21.7,2591.35
2011-8-4,6.27,4.128845963,0.4134,229.32,28.1,20.5,2400.49
2011-8-5,0,4.462521231,0.3879,395.72,28,17.67,2015.86
2011-8-6,0,4.403463273,0.3596,355.92,29,19.84,2307.09
2011-8-7,0,4.520799028,0.3398,311.66,31.76,23.51,2882.4
2011-8-8,0,4.943523364,0.3256,358.38,33.5,23.44,2869.82
2011-8-9,15.46,4.863603272,0.3398,295.36,32,21,2480.49
2011-8-10,0,4.783676041,0.4644,405.65,31.19,19.85,2307.83
2011-8-11,0,4.687911145,0.4304,425.98,30,17.99,2055.99
2011-8-12,0,4.742583792,0.354,468.02,29.5,15.5,1714.81
2011-8-13,0,4.726100442,0.3228,463.03,29.67,15.79,1751.65
2011-8-14,17.8,3.951804818,0.3426,242.82,27.5,19.35,2255.49
2011-8-15,23.98,3.521984597,1.0675,194.94,26.24,20.03,2324.15
2011-8-16,18.6,3.922769511,1.7245,257.38,27.17,18.66,2145.66
2011-8-17,0,4.203684911,1.0506,394.6,28.24,17.85,2055.49
2011-8-18,7.42,4.210358055,0.8467,272.67,29.5,19.98,2321.58
2011-8-19,13.95,4.27067121,1.0166,292.34,29.42,18.98,2196.51
2011-8-20,0,4.391657308,0.8693,428.47,29.49,17.31,1969.06
2011-8-21,2.88,4.132412019,0.6994,283.31,29.5,19.95,2316.36
2011-8-22,0,4.04789338,0.5862,376.9,28.5,18.57,2131.14
2011-8-23,0,4.00910305,0.4786,443.91,26.5,14.16,1612.45
2011-8-24,0,4.068482198,0.4332,439.73,27.33,14.85,1695.94
2011-8-25,34.43,3.814540312,0.4304,252.2,28.24,19.51,2277.68
2011-8-26,0,3.792860403,0.4899,330.43,28.5,19.92,2313.66
2011-8-27,86.95,3.21857862,0.6428,167.09,27.5,22.05,2648.75
2011-8-28,99.66,3.378812612,8.3252,221.97,26.21,19,2200
2011-8-29,0,3.677832665,8.6083,415.39,25.73,14.62,1658.77
2011-8-30,0,3.692102602,5.6634,420.79,26,14.56,1648.88
2011-8-31,0,3.991893132,3.3414,464.92,28,13.48,1557.48
2011-9-1,0,3.918521672,2.2144,446.67,28,14.5,1640
2011-9-2,0,3.561198239,1.6084,392.72,26.15,15.5,1760
2011-9-3,0,3.590833395,1.2997,389.36,26.76,16,1800
2011-9-4,0,3.407139586,1.1185,299,28,20.18,2349.16
2011-9-5,0,3.264232312,1.0194,264.77,28.09,21.24,2518.45
2011-9-6,8.9,3.187179044,0.9968,228.04,26,18.22,2097.39
2011-9-7,10.02,3.208500482,1.0251,225.23,26.7,18.96,2193.53
2011-9-8,16.06,3.006985042,1.0421,184.68,26.93,20.74,2438.9
2011-9-9,0,3.039657539,1.093,260.94,27.06,20.5,2400
2011-9-10,0,3.378851581,1.0477,318.96,29,20.5,2400
2011-9-11,0,3.18480389,0.9599,313.16,27.53,19.49,2278.92
2011-9-12,12.54,3.364196772,0.9061,288.51,27.68,17,1920.49
2011-9-13,0,3.429561553,0.875,388.97,28.5,17.27,1963.6
2011-9-14,0,3.311044686,0.8438,334.82,29,19.77,2301.21
2011-9-15,0,3.497581677,0.807,426.2,29,14.99,1718.3
2011-9-16,0,2.956210706,0.7646,451.07,23.02,8.39,1111.44
2011-9-17,0,2.4655065,0.7362,357.56,19,9.76,1220.6
2011-9-18,0,2.400898339,0.7476,311.82,19.66,11.88,1390.46
2011-9-19,0,2.578374987,0.7192,378.46,20.82,10.51,1280.44
2011-9-20,1.37,2.529210524,0.6909,339.36,21.44,12.51,1440.8
2011-9-21,2,2.534413292,0.6824,307.55,22.76,14.76,1681.21
2011-9-22,1,2.506920167,0.6796,236.6,25.31,19.24,2238.45
2011-9-23,20.91,2.231934964,0.7391,125.69,25.35,21.18,2508.49
2011-9-24,0,2.083916361,0.9826,157.62,24,20.2,2351.24
2011-9-25,0,2.313268281,0.8608,208.89,25.13,19.96,2316.57
2011-9-26,0,2.395212355,0.8353,232.05,25.6,19.72,2297.29
2011-9-27,0,2.402663348,0.8155,233.74,25.99,20,2320.49
2011-9-28,7.53,2.259968432,0.8212,147.35,26.07,21.13,2501.19
2011-9-29,7.01,2.44415238,0.8608,216.16,25.52,18,2077.44
2011-9-30,8.84,2.650003624,0.8353,294.92,26.23,13.53,1562.76
2011-10-1,9.13,2.326280411,1.0619,269.64,22.92,12.89,1471.54
2011-10-2,2,1.85883893,1.0845,311.21,17.05,9.54,1203.1
2011-10-3,1.04,1.682314932,1.0024,304.38,14.45,7.33,1026.39
2011-10-4,0,1.914033974,0.9203,374.83,17.61,7.23,1018.38
2011-10-5,0,2.109715987,0.8693,371.09,21.26,10.28,1262.44
2011-10-6,0,2.104112952,0.8042,411.32,21.5,6.5,960.25
2011-10-7,0,2.010920317,0.7504,403.4,20.52,6.13,930.19
2011-10-8,0,2.087934224,0.7221,403.06,22.5,6.92,993.76
2011-10-9,0,2.284890867,0.6881,399.07,26.5,9.14,1171.27
2011-10-10,0,2.33597725,0.6739,381.21,27.5,11.53,1362.21
2011-10-11,0,2.060808941,0.6371,295.86,24.04,14.5,1640
2011-10-12,4.57,1.675495786,0.6485,129.51,21.13,16.23,1836.76
2011-10-13,5.56,1.511911446,0.6909,96.17,20.56,17.05,1932.2
2011-10-14,1.22,1.769359022,0.6909,220.3,22.24,15.84,1787.03
2011-10-15,0,1.811463284,0.6683,292.32,22,12.94,1475.1
2011-10-16,0,1.740396468,0.6315,293.79,21.23,12.21,1417.09
2011-10-17,0,1.730612894,0.6088,297.91,21.5,12.12,1409.59
2011-10-18,0,1.726204556,0.6031,340.48,21.88,9.57,1205.69
2011-10-19,11.99,1.708991337,0.7815,197.92,22.49,14.24,1620.69
2011-10-20,17.76,1.626771427,1.0279,193.38,21.5,13.5,1560.25
2011-10-21,0,1.424312742,0.9175,296.32,17.5,8.06,1084.64
2011-10-22,0,1.352746871,0.8552,316.88,16.5,5.72,920
2011-10-23,0,1.329342038,0.8014,339.71,17,3.95,800
2011-10-24,0,1.345524328,0.7646,330.63,18,5.01,880.42
2011-10-25,0,1.359927909,0.7334,297.74,18.5,7.46,1036.82
2011-10-26,0,1.400429797,0.7136,293.23,20.04,8.75,1139.75
2011-10-27,2.96,1.37106704,0.7108,221.88,20.07,8.5,1120
2011-10-28,1.8,1.08579482,0.7192,296.31,13.84,1.9,711.97
2011-10-29,26.64,0.932892889,0.8665,171,9.32,1.5,679.61
2011-10-30,28.11,0.909382891,1.2488,194.54,9.3,0,600
2011-10-31,0,0.947687996,1.2063,320.6,12.76,-1.4,560
2011-11-1,0,1.009069991,1.1242,304.82,14.96,1.53,682.78
2011-11-2,0,0.982523632,1.0052,310.84,15.5,0.93,640
2011-11-3,0,0.999511395,0.9288,301.47,16.5,2.33,720
2011-11-4,0,0.97110493,0.8863,269.82,15,3.39,790.96
2011-11-5,0,0.853155947,0.8325,274.07,12,0.27,621.71
2011-11-6,0,0.84491394,0.8042,284.55,13,0.16,612.98
2011-11-7,0,0.889181724,0.7872,293.75,16.12,1.83,706.09
2011-11-8,0,0.931626302,0.7674,300.38,19.5,3.5,800
2011-11-9,0,0.87759051,0.7504,303.81,19.5,2.49,720
2011-11-10,0.13,0.938883456,0.7419,244.69,17.5,6.5,960
2011-11-11,0,0.806821168,0.7249,217.91,12.9,3.68,800
2011-11-12,0,0.72767975,0.7079,269.21,13.31,0.06,604.44
2011-11-13,0,0.827462223,0.6909,240.86,16.26,4.68,854.62
2011-11-14,0,0.982536579,0.6824,170.36,19.35,11.63,1370.36
2011-11-15,0,1.024310534,0.6824,168.22,21,13.18,1509.27
2011-11-16,0,0.93700661,0.8637,124.46,18.5,13,1480
2011-11-17,20,0.74767564,1.413,163.72,14.9,4.68,854.26
2011-11-18,8.39,0.590986593,1.4442,157.33,8.49,-0.95,563.87
2011-11-19,0,0.586515449,1.2884,241.81,11.16,-0.92,571.27
2011-11-20,0,0.788193976,1.1242,174.88,16.42,8.25,1100.11
2011-11-21,9.21,0.807664073,1.1751,102.62,16.5,10.25,1260.05
2011-11-22,8.67,0.767697216,1.2573,83.99,14.96,10.09,1247.01
2011-11-23,31.13,0.759135223,1.9114,138.88,17.13,8.5,1120
2011-11-24,0,0.566910583,2.4636,245.17,14.61,1.53,682.64
2011-11-25,0,0.601748443,2.087,237.38,16.26,3.57,796.27
2011-11-26,0,0.550291055,1.7273,255.94,18.38,2.86,748.82
2011-11-27,0,0.569583101,1.5036,248.88,19,4.05,807.8
2011-11-28,0,0.783923336,1.3394,161.24,19.5,11.45,1356.14
2011-11-29,10.04,0.774520282,1.2714,127.16,20.01,11.37,1349.69
2011-11-30,0,0.611425286,1.4385,183.04,14.89,5.89,920
2011-12-1,0,0.505704132,1.3819,195.62,11,1.5,680
2011-12-2,0,0.402687265,1.2629,245.26,12.2,-1.98,521.66
2011-12-3,0,0.422219055,1.1751,231.75,11.5,-1.12,560
2011-12-4,0,0.430690471,1.1242,230.13,12.71,-0.03,600.42
2011-12-5,0,0.527169015,1.0817,213.91,16.51,4.8,863.95
2011-12-6,1.28,0.679379098,1.0477,145.58,17.89,10.4,1272.3
2011-12-7,35.48,0.66274869,1.6792,108.77,17,10.06,1244.44
2011-12-8,14.13,0.421598717,3.0865,166.36,12.29,0.52,640
2011-12-9,0,0.368246611,3.0016,232.36,10.66,-2,520
2011-12-10,3.82,0.378841614,2.5627,179.56,10.5,-1.44,560
2011-12-11,0,0.340405401,2.1521,218.01,6.5,-4.61,440
2011-12-12,0,0.318252503,1.8094,231.8,7.61,-5.02,438.22
2011-12-13,0,0.332264626,1.5772,229.79,9.12,-3.51,472.37
2011-12-14,0,0.367349587,1.4357,218.48,10.4,-1.34,560
2011-12-15,0,0.503350978,1.3507,181.14,14.27,5.11,889.1
2011-12-16,0,0.528812337,1.2969,182.63,16,6.5,960
2011-12-17,0,0.390246607,1.2318,194.6,9.25,-0.64,588.46
2011-12-18,0,0.339263269,1.1921,192.04,5,-4.5,440
2011-12-19,0,0.299615661,1.1667,225.82,7.1,-5.5,400.25
2011-12-20,0,0.427710732,1.144,179.22,10.26,1.31,664.72
2011-12-21,2.46,0.545442023,1.1383,128.82,13.86,6.74,979.42
2011-12-22,7.99,0.540901995,1.2629,133.33,16.5,7.13,1010.06
2011-12-23,15.24,0.499696596,1.6197,140.51,15.5,5.5,919.65
2011-12-24,0,0.356188115,1.8236,208.57,8.94,-2.22,520
2011-12-25,0,0.336211498,1.6679,215.29,8.12,-3.53,477.93
2011-12-26,0,0.347782187,1.498,219.29,9.5,-2.5,520
2011-12-27,13.99,0.343009203,1.4073,174.36,12.29,-1.45,560
2011-12-28,0,0.406473117,1.5489,208.99,11.68,0.5,640
2011-12-29,0,0.361927954,1.5121,202.28,6.96,-3.34,480
2011-12-30,0,0.403902916,1.413,192.88,8.73,-1,567.67
2011-12-31,0,0.490337437,1.3309,200.74,14.75,4.06,815.43
2012-1-1,0,0.419581725,1.2743,226.27,13.5,1,640
2012-1-2,0,0.401460841,1.212,228.81,11.99,-0.5,599.5
2012-1-3,0,0.37069283,1.161,178.4,3.09,-5,440
2012-1-4,0,0.307517628,1.1044,211.17,0.27,-9.79,280
2012-1-5,0.12,0.363593482,1.0987,196.76,3.17,-5.95,391.14
2012-1-6,0,0.360700578,1.076,251.36,11.05,-3.72,462.34
2012-1-7,0,0.437999105,1.0647,249.85,16.12,1.04,650.01
2012-1-8,0,0.403311943,1.0477,254.7,13.81,-1.51,559.47
2012-1-9,0,0.438245036,1.0307,205.56,7,-2.56,515.55
2012-1-10,0,0.458241485,1.0307,203.27,7.52,-1.86,531.13
2012-1-11,0,0.414890037,1.0364,252.37,10.07,-3.78,457.84
2012-1-12,24.05,0.570644487,1.6339,157.92,13.12,3.06,764.97
2012-1-13,0.03,0.536633533,2.0983,219.87,11.5,1,640
2012-1-14,0,0.473127852,1.9425,161.05,4,-2.67,506.09
2012-1-15,0,0.405756936,1.665,185,0.5,-7.19,360
2012-1-16,0.93,0.378027346,1.4413,273.02,2.71,-10.25,280
2012-1-17,5.04,0.573432679,1.379,160.75,10.23,0.6,631.04
2012-1-18,0,0.560166198,1.4555,259.64,13.01,-0.51,598.97
2012-1-19,0,0.467240055,1.3734,256.68,6,-6.37,370.19
2012-1-20,0,0.513747547,1.3111,193.88,4.35,-3.55,476.11
2012-1-21,7,0.532994651,1.3139,119.36,3.84,-2.38,519.37
2012-1-22,0,0.521604235,1.4045,172.28,3.08,-3.6,465.3
2012-1-23,3.42,0.653972367,1.3677,165.18,9.96,0.97,652.5
2012-1-24,0,0.731393519,1.3309,236.91,13.5,3,759.62
2012-1-25,0,0.670535154,1.2856,242,10.48,0,600
2012-1-26,0,0.706717339,1.2346,215.9,10.26,1.5,680.25
2012-1-27,2.89,0.832752089,1.2148,183.76,15,4.9,871.82
2012-1-28,0,0.741285017,1.2176,260.16,11.99,0.55,640
2012-1-29,0,0.685104576,1.1865,250.74,8.5,-1.86,531.34
2012-1-30,0,0.684590786,1.1468,220.66,7,-1.47,560
2012-1-31,0,0.824666282,1.1015,254,12.53,1.96,710.4
2012-2-1,1,1.011944947,1.0987,259.05,18,6.8,984.02
2012-2-2,0,0.943311052,1.0817,242.88,14.73,5,880.18
2012-2-3,0,0.766765292,1.0477,279.1,9,-2.5,520
2012-2-4,3.97,0.763850306,1.0364,214.59,8.41,-3.47,480
2012-2-5,0,0.768774336,1.0647,255.24,7.1,-2.44,520
2012-2-6,0,0.789624786,1.0336,307.38,8.49,-4.5,440
2012-2-7,0,0.882796715,1.0307,299.85,10.64,-1.56,551.27
2012-2-8,0,0.859604063,1.0307,269.52,8.5,-1.34,560
2012-2-9,3.67,0.824237581,1.0307,174.91,6.48,-1.38,560
2012-2-10,0,0.87283311,1.0307,301.18,8.11,-3.24,480
2012-2-11,5,0.840504905,1.0336,191.61,6,-2.5,519.46
2012-2-12,2.23,0.705256358,1.0477,269.08,1,-7.26,360
2012-2-13,0,0.800123495,1.0307,309.9,3.73,-5.59,400
2012-2-14,0,0.979015022,1.0307,292.66,8.66,-1.14,560.25
2012-2-15,0,1.060959554,1.0307,299.18,10.44,0,600.25
2012-2-16,2.91,1.026565715,1.0109,240.72,8.98,-1.97,522.21
2012-2-17,3.99,1.102181018,0.9996,221.33,10.34,0.5,640
2012-2-18,0,1.11553468,0.9826,345.65,10.5,-2.5,520
2012-2-19,0,1.090385818,0.9684,299.08,8.92,-0.82,574.36
2012-2-20,0,1.094452554,0.9486,296.81,8.49,-1.1,560
2012-2-21,0,1.142042677,0.9373,360.39,9.5,-4.31,440
2012-2-22,0,1.34301321,0.9373,322.4,13.36,2.14,712.92
2012-2-23,3,1.526064516,0.9373,234.35,16.73,5.93,920
2012-2-24,10.92,1.373369489,1.0789,175.19,13.75,6.7,976.07
2012-2-25,0,1.178639387,1.4413,224.53,8.91,2.5,720
2012-2-26,0,1.196065116,1.3337,298.79,7.99,-1.01,560
2012-2-27,0,1.365453956,1.1978,356.76,11.04,-1.05,567.09
2012-2-28,0,1.472756339,1.1044,347.8,12.76,1.26,660.6
2012-2-29,19.03,1.438779272,1.1468,258.64,11.54,0.39,631.51
2012-3-1,14.17,1.590029327,1.8887,254.1,14.09,3.24,778.83
2012-3-2,0,1.518289593,2.0954,364.54,12.04,0.03,602.22
2012-3-3,28.13,1.543392815,2.6448,205.85,13.03,5.17,893.53
2012-3-4,0,1.4816018,3.0865,300.2,11,2.49,720
2012-3-5,0,1.313338152,2.6278,302.26,7.14,-1.12,560
2012-3-6,0,1.3348552,2.1606,376.77,6.47,-4.97,440
2012-3-7,0,1.706543653,1.7641,379.51,13.03,1.16,658.67
2012-3-8,0,1.996895531,1.5206,333.08,18.11,8.3,1103.64
2012-3-9,3,2.084337915,1.3847,297.22,18.27,5,880.4
2012-3-10,0,1.589858883,1.3196,382.97,9.55,-1.89,528.89
2012-3-11,0,1.672980006,1.2459,414.82,10.37,-3,480
2012-3-12,0,2.086799054,1.1836,425.84,16.65,1.61,688.56
2012-3-13,3.16,2.396819491,1.1667,284.4,21.1,8.79,1143.09
2012-3-14,0,2.623820725,1.1582,399.79,23.5,9.5,1200
2012-3-15,0,2.249207816,1.11,372.27,18.13,6.65,971.92
2012-3-16,0,1.821408434,1.0987,237.95,13.92,7.74,1059.22
2012-3-17,0,2.020845428,1.093,313.53,15,6.53,962.16
2012-3-18,0,2.215526641,1.0562,350.49,16.86,6.98,998.07
2012-3-19,0,2.636656014,1.0307,440.03,21,5.52,920
2012-3-20,0,2.660173004,0.9996,391.39,21.43,9.26,1180.55
2012-3-21,0,2.524385208,0.9996,311.92,20.96,12.29,1423.51
2012-3-22,0,2.608779308,0.9911,325,21.49,12.5,1440
2012-3-23,0,3.102293208,0.9684,433.76,25,10.04,1243.19
2012-3-24,0,2.550388947,0.9741,329.82,19.84,10.9,1311.79
2012-3-25,4,1.855705948,0.9996,144.27,13.5,8.93,1154.32
2012-3-26,0,2.303313764,0.9798,395.8,14.38,3.5,800
2012-3-27,0,2.315242515,0.9316,459.12,13.27,-0.99,560.8
2012-3-28,0,2.73244639,0.8778,466.98,18.13,2.73,723.51
2012-3-29,0,2.743321669,0.8637,422.87,18.51,6,920
2012-3-30,0,2.451055231,0.8467,463.46,13.91,-0.47,600
2012-3-31,3.38,2.08904346,0.8948,231.08,11.5,3.92,802.37
2012-4-1,0,1.988019863,0.8778,256.33,11.25,5.25,899.78
2012-4-2,6.15,2.364769128,1.0279,260.5,14,5.33,906.43
2012-4-3,0,2.849605145,1.0024,485.48,17.16,1.5,666.49
2012-4-4,0,3.257997697,0.926,465.5,21.66,6.76,940.02
2012-4-5,0,3.012058422,0.8495,481.65,18.34,2.79,720
2012-4-6,0,2.70588979,0.824,445.07,15.02,2.19,720
2012-4-7,0,2.850620633,0.8099,468.76,16.02,1.74,681.95
2012-4-8,0,3.188734104,0.7815,506.05,19,1.5,640
2012-4-9,0,3.145192257,0.7617,421.79,19.5,7.33,1020.95
2012-4-10,0,3.030364548,0.7532,396.59,18.5,7.61,1048.88
2012-4-11,0,2.800666684,0.7362,422.84,15.12,3.63,800
2012-4-12,0,2.768853219,0.7362,415.79,14.66,3.61,767.22
2012-4-13,0,2.966518378,0.7306,466.56,15.75,2.46,679.15
2012-4-14,0,3.481017733,0.7079,495.83,20.41,4.83,752.38
2012-4-15,0,3.902398045,0.7079,451.91,25.05,11.31,1165.5
2012-4-16,0,4.164985112,0.6966,445.44,27.32,13.5,1326.2
2012-4-17,0,4.362750767,0.6683,448.72,28.73,14.5,1369.71
2012-4-18,0,3.475544444,0.657,392.38,21.3,10.56,1170.76
2012-4-19,0.05,2.965839098,0.657,335.91,17,8.5,1108.82
2012-4-20,0,3.700370305,0.657,495.3,20.9,5.5,758.16
2012-4-21,0,3.823093239,0.6598,436.64,22.99,10.4,1064.07
2012-4-22,29.38,3.328949368,0.9486,272.07,19.54,10,1240
2012-4-23,35.36,2.430645922,2.1577,186.26,12.39,6.54,963.52
2012-4-24,0,2.831970715,2.1464,351.84,13.92,5.14,891.06
2012-4-25,0,3.568086333,1.6339,511.83,18.1,2,681.58
2012-4-26,0,3.496170544,1.3252,464.85,18,4.69,854.92
2012-4-27,2.02,3.144383559,1.1751,383.51,16,6.14,931.2
2012-4-28,0,3.03969511,1.0562,468.96,13.06,0.26,620.6
2012-4-29,3,3.355102142,1.0364,339.27,16.37,4.13,816.2
2012-4-30,0,3.476115958,0.9684,470.75,16.94,3.69,798.32
2012-5-1,2.95,4.006303389,0.9316,326.81,22.59,10.43,1272.33
2012-5-2,4,3.483703086,0.9061,254.69,19.77,11,1320
2012-5-3,5.04,2.865450039,0.9203,180.93,16.5,10.75,1300.33
2012-5-4,0,4.018888374,0.9061,399.81,23.18,12.5,1440
2012-5-5,0,3.887454427,0.8807,363.74,22.97,13.66,1573.19
2012-5-6,0,3.250036767,0.8523,316.98,17.97,10.52,1281.34
2012-5-7,0,3.679934876,0.824,448.02,18.53,7,1000
2012-5-8,0,3.573230726,0.7957,343.47,20.48,12.4,1432.37
2012-5-9,17.73,3.201719309,1.0024,184.65,20.42,14.91,1704.99
2012-5-10,10.4,3.710153168,1.3082,300.08,20,10.53,1282.08
2012-5-11,0,4.087137352,1.2148,496.65,20.74,7.38,1030
2012-5-12,0,4.617433341,1.0449,539.09,24,7.22,966.82
2012-5-13,0,4.591212984,0.9373,472.76,25.27,12.27,1394.2
2012-5-14,0,3.942300094,0.8722,334.47,23.88,16,1800
2012-5-15,11.45,3.481639801,0.8807,192.06,22.68,17,1920
2012-5-16,5.8,4.238202257,0.8778,273.84,25.62,17,1920
2012-5-17,0,4.505218132,0.824,477.67,24.31,11.99,1398.86
2012-5-18,0,4.362427775,0.7844,515.86,21.92,8,1052.85
2012-5-19,0,4.642029349,0.7419,531.6,23.59,8.18,1051.93
2012-5-20,0,4.625480802,0.6966,499.94,24.2,10.65,1252.46
2012-5-21,5.37,3.678126738,0.6909,234.64,21.71,14.86,1697.49
2012-5-22,10.42,3.633312011,0.9656,212.47,22.53,16.39,1863.03
2012-5-23,0,3.835399519,0.909,317.42,23,16,1800
2012-5-24,0,4.271779674,0.8212,360.94,25.34,17,1920
2012-5-25,0,4.391580155,0.7844,359.5,26.58,18.31,2104.42
2012-5-26,0,4.754509739,0.7646,416.11,27.58,17.52,2002.7
2012-5-27,0,4.798018832,0.7136,395.95,28.55,19.02,2203.8
2012-5-28,0,5.290843157,0.6824,431.84,31,19.83,2284.11
2012-5-29,0,5.169434755,0.6315,401.9,31.09,21.02,2483.8
2012-5-30,4.6,4.365578034,0.6088,260.19,26.84,19.16,2225.96
2012-5-31,0,4.425839017,0.6258,398.31,25.5,16.66,1881
2012-6-1,0,4.725169141,0.6003,451.92,26.12,15.48,1667.78
2012-6-2,4.04,4.430424839,0.6003,314.92,24.5,14.98,1717.19
2012-6-3,0,4.805911545,0.572,506.86,24.91,12.17,1223.43
2012-6-4,5.03,4.26427418,0.5805,313.03,23,13.7,1575.61
2012-6-5,0,4.030673741,0.7023,446,20,10.12,1176.54
2012-6-6,0,4.287943934,0.6286,487.31,21.02,9.58,1092.68
2012-6-7,0,4.782075052,0.6201,494.16,24.76,12.43,1283.49
2012-6-8,0,5.259973853,0.8891,518.91,27.5,13.2,1281.79
2012-6-9,0,5.571211246,0.6994,504.38,30.07,15.89,1521.1
2012-6-10,0,5.635548716,0.5947,490.16,30.9,17.26,1672.15
2012-6-11,0,4.982887065,0.5409,401.6,28.99,19.24,2074.58
2012-6-12,0,3.626923887,0.5805,224.76,24.78,20,2320
2012-6-13,55.39,3.697520639,1.4017,189.73,23.97,18.67,2146.67
2012-6-14,0,4.070565206,1.5404,328.31,24.06,17,1920
2012-6-15,0,4.762923192,1.3734,468.97,25,13.5,1529.94
2012-6-16,0,4.92109545,1.0704,504.71,25.13,12,1350.3
2012-6-17,0,4.482369439,0.8835,455.67,23.17,12.5,1439.75
2012-6-18,0,4.438694585,0.7844,485.24,22,10.46,1257.27
2012-6-19,0,4.359515431,0.7079,386.16,24.66,16.21,1834.63
2012-6-20,0,5.698570651,0.623,471.77,31.84,19,2098.47
2012-6-21,0,6.204079061,0.572,452.95,35.5,22.3,2572.44
2012-6-22,29.05,6.147854276,0.5522,340.14,34.92,21.5,2560
2012-6-23,22.7,5.73505407,0.7674,346.49,31.99,18.92,2186.97
2012-6-24,0,5.285398042,0.6315,455.4,29.03,16.86,1909.07
2012-6-25,0,4.844787313,0.6371,386.03,28.02,18.54,2126.15
2012-6-26,0,4.914270587,0.5833,463.67,26.01,14.01,1600.89
2012-6-27,0,5.301479003,0.521,512.69,27.41,12.5,1440
2012-6-28,0,5.705131854,0.4927,493.17,30.77,15.99,1801.49
2012-6-29,7.3,5.91140162,0.487,332.12,33.52,20.37,2378.5
2012-6-30,20.52,5.884387696,0.6286,328.52,33.45,20.42,2387.87
2012-7-1,0,5.706225533,0.6343,414.6,33,21.04,2486.66
2012-7-2,0,5.707442727,0.5777,429.39,32.55,20.01,2321.6
2012-7-3,0,5.674302797,0.4984,442.89,31.98,18.99,2199.02
2012-7-4,0,5.377977238,0.4559,365.05,32.42,22.28,2684.97
2012-7-5,0,5.593783444,0.4219,348.78,34.5,24.48,3076.2
2012-7-6,0,5.830759169,0.3964,416.67,33.92,21.51,2561.17
2012-7-7,0,6.227040481,0.3766,421.12,36.31,23,2800
2012-7-8,0,5.609639096,0.3653,363.38,34.3,23.84,2961.86
2012-7-9,2.34,4.921863322,0.3681,309.63,30.13,21.05,2488.3
2012-7-10,0,4.805773703,0.3568,372.79,28.5,18.98,2196.15
2012-7-11,0,4.894109622,0.3511,384.34,28.85,18.88,2180.81
2012-7-12,0,5.008083832,0.337,407.4,28.92,18,2080
2012-7-13,0,5.294458683,0.3285,438.29,30.07,17.55,2007.43
2012-7-14,0,4.708825331,0.32,322.94,29.49,21,2479.21
2012-7-15,0.17,4.711501803,0.3256,305.24,30.39,22.34,2694.82
2012-7-16,2.22,5.525616476,0.3087,367.46,33.5,22.23,2677.34
2012-7-17,0,5.746739199,0.303,407.67,34.48,22.21,2673.34
2012-7-18,0,5.937328522,0.282,399.76,36,23.61,2907.58
2012-7-19,2.54,5.281385822,0.2798,306.6,33.11,23,2800
2012-7-20,23.53,4.04422378,0.4248,197.58,27.01,20.5,2400
2012-7-21,0,3.588881155,0.5069,239.15,24,18.44,2115.55
2012-7-22,0,4.316222488,0.4134,350.56,26.42,17.85,2055.51
2012-7-23,0,4.645682945,0.3596,348.51,29.5,20.66,2424.93
2012-7-24,0,5.297217894,0.337,378.32,33.5,23,2800
2012-7-25,0,5.367529898,0.32,443.45,32.06,19.19,2231.2
2012-7-26,0,5.186967838,0.2945,422.53,31.51,19.66,2292.88
2012-7-27,7.04,5.435436816,0.2761,311.01,33.65,21.64,2582.53
2012-7-28,14.97,5.109433498,0.269,288.91,32.5,21.99,2638.45
2012-7-29,8.85,4.694781418,0.337,279.81,29.99,20.44,2391.11
2012-7-30,4.89,4.357231731,0.3879,315,28.18,19.62,2289.59
2012-7-31,0,4.230302702,0.3455,329.79,28.14,20.27,2363.52
2012-8-1,5.39,4.302464152,0.3823,258.1,28.5,20.27,2363.97
2012-8-2,0,4.601317843,0.5465,407.62,29,18.73,2156.67
2012-8-3,0,4.678045267,0.3794,355.72,31.55,22.56,2728.99
2012-8-4,0,4.660854173,0.3285,357.07,31.53,22.5,2719.22
2012-8-5,0.46,4.568254024,0.3115,326.15,31.96,23.67,2920.39
2012-8-6,26.12,4.613604947,0.2973,264.87,31.81,23,2800
2012-8-7,0,4.427764658,0.3398,381.3,29.5,20.2,2352.14
2012-8-8,0,4.070191683,0.3568,317.32,28.99,21.64,2582.48
2012-8-9,0,4.319181862,0.3455,348.39,30.16,21.79,2605.78
2012-8-10,0,4.050928411,0.4219,307.65,29.65,22.51,2721.86
2012-8-11,13.17,3.756142793,0.5578,208.05,28.5,22.31,2689.83
2012-8-12,0,4.088714515,0.6201,348,29,21,2480
2012-8-13,0,4.554233349,0.4332,453.17,29.5,17.48,1996.95
2012-8-14,8.88,4.243850288,0.371,355.95,29,19.44,2270.05
2012-8-15,7.7,3.945565907,0.3653,254.69,28.5,20.7,2432.14
2012-8-16,0,4.353445419,0.3568,418.64,29.57,19,2200
2012-8-17,0,4.417893147,0.3285,427.31,30.04,18.99,2197.63
2012-8-18,10.28,4.155575525,0.3596,317.16,28.17,17.64,2022.31
2012-8-19,0,3.900089861,0.3936,414.62,26.26,16.24,1838.45
2012-8-20,0,3.572612135,0.3568,347.79,25.43,17.56,2010.26
2012-8-21,0,3.78818137,0.3341,385.62,26.5,17.32,1971.05
2012-8-22,0,4.101965901,0.3115,435.48,28,16.5,1880.25
2012-8-23,0,4.122407979,0.2945,431.68,28.5,16.98,1918.42
2012-8-24,0,4.137852896,0.2812,428.06,28.99,17.5,2000
2012-8-25,0,3.653457723,0.2812,341.35,27.58,19.5,2280
2012-8-26,9.4,3.360836176,0.3993,215.79,27.01,20.53,2404.42
2012-8-27,12.11,3.489405622,0.3851,225.31,28.16,21.26,2521.66
2012-8-28,6.77,3.941337105,0.354,281.86,30,20.5,2400
2012-8-29,0,3.904175081,0.3341,417.1,28.59,17.6,2015.95
2012-8-30,0,3.92993935,0.3087,435.52,28.49,16.44,1869.94
2012-8-31,0,4.194341166,0.2812,424.33,31.28,18.86,2177.97
2012-9-1,0,4.188853701,0.2665,386.54,32.5,21.49,2558.69
2012-9-2,0,3.523408618,0.2747,318.41,28.92,21,2480
2012-9-3,8.4,2.817470733,0.3426,150.64,26.66,22.06,2650.15
2012-9-4,18.87,2.949180261,0.3681,162.16,27.79,22.76,2761.66
2012-9-5,6.27,3.293220985,0.4106,199.56,29.58,23.12,2819.97
2012-9-6,5.37,3.376226308,0.7221,249.17,28.2,20,2320
2012-9-7,0,3.555889497,0.4842,388.09,28.49,18.08,2086.55
2012-9-8,0,3.55756134,0.3964,375.35,29.12,19,2200
2012-9-9,4.1,3.382649971,0.3596,294.36,27.12,16.48,1876.22
2012-9-10,0,3.161788731,0.3341,411.66,24.5,13.21,1514.3
2012-9-11,0,3.132192734,0.3143,456.03,23.5,9.43,1194.24
2012-9-12,0,3.190458414,0.2945,449.76,24.61,10.49,1279.06
2012-9-13,0,3.246637647,0.2832,442.81,25.69,11.5,1360
2012-9-14,0,3.22145856,0.2767,427.66,26,12.45,1435.96
2012-9-15,0,3.130800405,0.271,418.65,25.5,12.4,1431.61
2012-9-16,0,2.979784156,0.2585,426.16,24,10.5,1280
2012-9-17,0,3.006286632,0.2534,442.69,24.49,9.3,1184.25
2012-9-18,7.66,2.937151338,0.2761,253.4,25.98,16.17,1832.37
2012-9-19,16.52,2.767836321,0.3455,266.14,23.85,13.5,1559.29
2012-9-20,0,2.721260131,0.3313,407.67,22.66,9.63,1210.19
2012-9-21,0,2.735363146,0.303,387.95,23.54,11.32,1345.22
2012-9-22,3.48,2.883374581,0.2815,287.34,25.85,13.33,1533.36
2012-9-23,3.93,2.729180251,0.2888,301.53,24.11,10.53,1282.79
2012-9-24,0,2.42386654,0.2727,397.81,20.5,7.5,1040
2012-9-25,0,2.48607339,0.2588,404.67,21.74,7.65,1051.87
2012-9-26,0.96,2.645445411,0.2498,325.31,25.33,14.76,1681.42
2012-9-27,1.91,2.523382288,0.2441,221.24,26,18.23,2098.67
2012-9-28,1.47,2.448891424,0.2636,246.47,25.5,17.89,2061.66
2012-9-29,2.05,2.315526785,0.2888,308.34,22.39,12.64,1451.14
2012-9-30,2.98,2.168751848,0.2917,241.8,20.48,10.5,1280.25
2012-10-1,0.45,2.278526705,0.282,368.15,22,9.29,1183.45
2012-10-2,9.47,2.208225857,0.303,203.85,22.9,14.41,1640.64
2012-10-3,8.82,2.248181592,0.32,145.03,26.34,20.14,2346.44
2012-10-4,0,2.38402711,0.2945,240.14,27,19,2200
2012-10-5,0,2.428747657,0.2917,323.72,26.44,14.62,1659.71
2012-10-6,0,2.424589412,0.2741,355.92,26.8,12.54,1443.32
2012-10-7,3,1.917007409,0.267,255.01,19.49,7.25,1020.33
2012-10-8,3.54,1.432193399,0.286,180.18,11.98,4.65,852.28
2012-10-9,6.27,1.509039409,0.303,156.59,14.74,8.34,1107.41
2012-10-10,4.32,1.659174934,0.3115,156.94,18.3,11.72,1377.48
2012-10-11,0,1.69389673,0.2888,330.35,17.74,6.03,922.21
2012-10-12,0,1.661592839,0.2792,352.01,17.76,4.5,840.25
2012-10-13,0,1.532138379,0.2772,375.5,16.14,0.79,640
2012-10-14,0,1.693581387,0.2761,344.99,19.61,6.13,939.05
2012-10-15,0,1.858144322,0.2784,283.22,23.1,12.76,1460.83
2012-10-16,5.37,1.634575062,0.3426,234.47,19.5,7.96,1076.66
2012-10-17,0,1.477215143,0.3256,347.27,17.23,3.39,791.51
2012-10-18,0,1.550747704,0.3115,328.94,19.22,6.19,938.67
2012-10-19,9.99,1.662546343,0.3766,193.35,21.85,12.47,1437.85
2012-10-20,0,1.64417592,0.3879,289.37,22,10.85,1308.3
2012-10-21,0,1.475659499,0.3596,317.28,19.5,6.73,978.38
2012-10-22,0,1.446834043,0.3285,313,19.5,6.82,985.28
2012-10-23,0,1.515256963,0.32,328.27,22.19,7.5,1040
2012-10-24,0,1.574155582,0.32,289.99,23.13,11.09,1327.41
2012-10-25,0,1.418860889,0.3171,176.38,21,14.73,1677.34
2012-10-26,0,1.382626146,0.3228,202.25,20.25,13,1480
2012-10-27,0,1.346962828,0.3313,197.42,20,12.91,1473
2012-10-28,19.39,1.155279997,0.303,99.15,17,12.5,1440.25
2012-10-29,97.55,1.085619587,1.0732,113.68,15,9.92,1233.9
2012-10-30,56.45,1.004426354,7.0792,131.58,12.75,6.91,992.7
2012-10-31,0,0.942754064,3.936,190.68,11.27,4.98,878.11
2012-11-1,0,0.933376516,2.6193,225.64,11.51,3.74,800
2012-11-2,0,0.910287328,1.7698,190.11,11.26,4.86,868.79
2012-11-3,0,0.86584533,1.2799,148.54,10.5,5.64,920
2012-11-4,0,0.809496765,1.0024,241.33,9.28,0.73,640
2012-11-5,0,0.769620818,0.8438,237.96,8.36,0.07,605.56
2012-11-6,0,0.737381911,0.7674,280.41,8.78,-2.11,520
2012-11-7,12.33,0.73621587,0.892,163.53,8,0.47,637.52
2012-11-8,16.92,0.722623145,1.3139,153.15,7.86,0.86,640
2012-11-9,0,0.756802375,1.4158,265.98,11.35,0.58,640
2012-11-10,0,0.751215359,1.2516,295.79,14.27,0.03,602.21
2012-11-11,0,0.843108115,1.0789,270.69,16.5,4.42,833.66
2012-11-12,0,0.907995838,0.9401,274.38,20,6.76,980.6
2012-11-13,3.3,0.814420179,0.8807,208.38,18.05,4.5,840
2012-11-14,4,0.66025995,0.8665,177.18,9.76,0.37,629.81
2012-11-15,0,0.662523543,0.824,191.7,9,2,708.1
2012-11-16,0,0.632036401,0.7787,242.29,9.99,0.22,617.96
2012-11-17,0,0.588037188,0.7306,270.85,10.86,-1.54,555.4
2012-11-18,0,0.652228037,0.7051,236.35,12.01,2.22,717.62
2012-11-19,0,0.696182068,0.6824,167.27,11.83,5.66,914.29
2012-11-20,0,0.667241526,0.6824,196.85,11.91,4.43,834.24
2012-11-21,0,0.60699222,0.6456,241,12.06,1.92,713.76
2012-11-22,0,0.551914968,0.6315,268.42,13.42,0.2,616.6
2012-11-23,0,0.526059818,0.6315,268.07,13.1,-0.36,600
2012-11-24,0,0.562336103,0.6201,233.17,11.5,1.5,679.6
2012-11-25,0,0.493848925,0.6088,203.31,6.5,-1.44,560
2012-11-26,0,0.442004259,0.6088,254.99,8.71,-3.51,473.7
2012-11-27,4.52,0.48261866,0.6286,167.15,8.66,-1.07,560
2012-11-28,8.71,0.460697768,0.6626,143.53,5.77,-1.99,520.56
2012-11-29,0,0.409132602,0.6258,242.51,7.8,-4,440.25
2012-11-30,0,0.418868716,0.6088,244.59,10.16,-2.44,510.96
2012-12-1,0,0.44915709,0.6116,242.82,13.21,0.19,615.11
2012-12-2,0,0.5382412,0.6088,195.83,13.02,3.83,800
2012-12-3,0,0.599568544,0.5975,204.27,17.51,7.06,1004.99
2012-12-4,0,0.615994162,0.5862,193.77,17.62,7.88,1070.4
2012-12-5,0,0.551218762,0.5833,209.41,17.01,5.94,920
2012-12-6,0,0.371069581,0.5833,228.35,9.2,-2.97,482.21
2012-12-7,6.96,0.395368067,0.5862,157.1,8.73,-1.84,532.45
2012-12-8,32.38,0.553122868,1.4527,98.75,11.75,5.76,920.28
2012-12-9,9.68,0.599151057,1.7358,52.51,11.5,8.48,1118.5
2012-12-10,10.62,0.622123118,1.6452,100.75,15.38,9.25,1180.31
2012-12-11,1.36,0.505480921,1.5857,209.64,16.5,5.5,920
2012-12-12,0,0.423212761,1.3592,191.21,9.35,0.4,632.37
2012-12-13,0,0.410265104,1.1355,185.27,7.89,-0.5,600
2012-12-14,0,0.320074085,0.9996,237.61,9.76,-3.47,480
2012-12-15,0,0.345625448,0.9118,227.54,10.22,-2.1,520
2012-12-16,3.93,0.492165966,0.8722,122.02,11.67,4.15,816.07
2012-12-17,3.73,0.572347533,1.0222,68.44,11.54,7.69,1055.17
2012-12-18,4.58,0.550608643,1.0619,120.26,14.26,7,1000
2012-12-19,0,0.431523985,1.0109,205.86,12.5,2.25,720
2012-12-20,0,0.361087385,0.9146,223.33,10.72,-1.1,560
2012-12-21,22.07,0.404867243,1.2318,166.05,13.75,1.8,704.2
2012-12-22,0,0.443316888,1.481,156.97,8.12,1.25,660.33
2012-12-23,0,0.380703802,1.3026,193.58,6.9,-1.94,524.47
2012-12-24,1.3,0.348930357,1.1355,195.72,7.03,-3.42,474.29
2012-12-25,0,0.39160935,1.1072,187.82,6.79,-1.64,549.02
2012-12-26,55.06,0.403742162,1.2658,155.94,9.68,-0.24,600
2012-12-27,34.41,0.432979802,4.4741,153.46,10.95,1.24,659.22
2012-12-28,0,0.40799983,4.021,172.05,5.81,-1.5,560
2012-12-29,6,0.426635759,3.0299,118.38,5.75,-0.75,579.77
2012-12-30,0,0.435237647,2.5032,121.25,3.94,-0.71,583.44
2012-12-31,3,0.436347672,1.9907,119.81,4.84,-0.73,581.61
2013-1-1,0,0.469724708,1.6707,138.65,6.41,1.17,654.37
2013-1-2,0,0.399679089,1.4583,179.24,4,-3,480.09
2013-1-3,0,0.372357276,1.3111,183.03,2,-5.06,434.82
2013-1-4,0,0.405667679,1.2006,180.29,3.81,-3.16,480.78
2013-1-5,0,0.41049604,1.144,199.38,5,-3,480
2013-1-6,0,0.4298712,1.1015,230.71,8.75,-1.54,553.23
2013-1-7,0,0.436534305,1.0591,233.67,9,-1.5,560
2013-1-8,0,0.391851461,0.9996,259.28,9.91,-3.59,472.93
2013-1-9,0,0.44500098,0.9656,256.87,12.27,-0.9,572.84
2013-1-10,0,0.494619541,0.9373,240.27,11.47,0.5,640
2013-1-11,4.24,0.485481563,0.9345,210.94,10.52,-0.5,600
2013-1-12,10.38,0.595284849,1.0562,134.4,11,4.23,818.55
2013-1-13,0,0.62364791,1.0619,155.91,11.07,5.35,907.75
2013-1-14,2.93,0.673562836,1.0194,157.19,14.74,6.48,958.07
2013-1-15,18,0.595885133,1.195,139.54,9.9,3,760
2013-1-16,17.22,0.552970022,1.7556,74.18,5.28,2,720
2013-1-17,2.17,0.562070847,2.1408,100.91,5.5,2,720
2013-1-18,0,0.506902273,1.9029,185.93,4,-2.5,520
2013-1-19,0,0.532603903,1.5603,254.75,8,-2.64,508.9
2013-1-20,0,0.626507646,1.3564,265.24,13,1.08,648.33
2013-1-21,0,0.550145944,1.2233,260.8,7.75,-3,480
2013-1-22,0.83,0.439150571,1.1355,239,-0.49,-8.5,320
2013-1-23,0,0.378924754,1.0477,236.17,-4.5,-12.19,240
2013-1-24,0,0.401991731,0.9854,234.84,-3.65,-11.21,263.07
2013-1-25,0,0.407095472,0.9401,223.99,-4,-10.98,276.11
2013-1-26,0,0.428674251,0.9373,275.47,-2.27,-11.76,240.18
2013-1-27,0,0.475843139,0.9146,309.74,1.03,-11.08,265.61
2013-1-28,2.91,0.561269655,0.9146,237.87,3.91,-6.76,360
2013-1-29,0.32,0.739637405,0.9543,273.96,9.95,0.89,646.76
2013-1-30,0,0.900366708,1.0024,239.26,14.69,6.15,935.52
2013-1-31,11.61,0.854913088,1.1553,230.66,16.34,1.47,677.31
2013-2-1,2,0.620620366,1.2006,230.68,3.07,-4.5,440
2013-2-2,2.08,0.528013829,1.1242,287.15,-1,-10,280
2013-2-3,2,0.596424172,1.0619,268.39,1.16,-6.7,361.68
2013-2-4,0,0.60856497,1.0109,236.56,0.98,-5.56,400
2013-2-5,0,0.685638524,0.9996,228.66,3.5,-2.71,502.22
2013-2-6,0,0.735881991,0.9996,308.47,5.29,-4,440
2013-2-7,0,0.73647807,0.9826,335.79,5.08,-5.48,401.32
2013-2-8,24.64,0.820247183,1.2969,186.55,6.85,-0.69,585.03
2013-2-9,16.68,0.751693814,2.3333,196.02,4.03,-3.77,458.1
2013-2-10,0,0.727813089,2.1832,310.32,3,-7.13,360
2013-2-11,10,0.973667497,1.934,242.23,10.62,-0.9,576.6
2013-2-12,0.17,1.016664453,2.07,307,11.01,0.5,640
2013-2-13,2.72,0.944972864,1.8916,300.09,8.5,-2.86,493.27
2013-2-14,5.42,0.958283305,1.8717,215.1,8,-0.84,573.08
2013-2-15,0,1.070544575,1.7698,321.04,10.79,-0.29,600
2013-2-16,1.74,1.012627148,1.5772,296.25,8.47,-1,560
2013-2-17,0,0.800595735,1.4272,219.75,2.11,-4,440
2013-2-18,0,0.840350271,1.2941,290.58,2.51,-6.09,392.5
2013-2-19,3.87,1.018473036,1.229,216.47,7.09,-1.29,557.65
2013-2-20,0.2,1.003251055,1.2714,294.2,6.15,-2.5,520
2013-2-21,0,0.882175236,1.2148,273.86,2.5,-5,440
2013-2-22,0.09,0.911238055,1.1525,262.23,3,-4,440
2013-2-23,5,1.096405955,1.2006,199.58,7.44,0.24,619.5
2013-2-24,2.48,1.217157464,1.3422,249.6,9.57,1,640
2013-2-25,0,1.204242492,1.2686,353.61,8.5,-2.5,520
2013-2-26,7.32,1.22617834,1.1921,333.36,8.48,-3.03,480
2013-2-27,15,1.394874841,1.8604,234.5,12.03,3.21,776.48
2013-2-28,2,1.276511194,2.1436,261.5,9.71,3,760
2013-3-1,0,1.21524614,1.8576,288.96,7.5,0.11,608.88
2013-3-2,0,1.163580753,1.5659,287.43,6,-1.05,560
2013-3-3,0,1.097281575,1.3875,261.75,4.47,-1.67,546.62
2013-3-4,0,1.132226752,1.2601,260.63,5,-1,560
2013-3-5,0,1.297258516,1.178,350.12,7,-2,520
2013-3-6,16.44,1.278001099,1.212,215.8,7.08,0.33,626.24
2013-3-7,9,1.236536575,2.0247,185.84,6.57,1,640
2013-3-8,2.24,1.2953963,2.0218,285.98,6.5,-0.5,600
2013-3-9,0.05,1.621061518,1.8491,410.15,10.97,-1.03,560
2013-3-10,0,1.684066655,1.5999,437.99,11.5,-3,480
2013-3-11,0,1.770463878,1.3875,415.2,12.62,0.26,621.06
2013-3-12,8.49,1.814531951,1.4102,270.32,13.69,4.35,828.17
2013-3-13,15.62,1.772068406,1.7953,306.1,11.87,0.5,640
2013-3-14,0,1.561647477,1.7755,375.19,8.3,-1,560
2013-3-15,0,1.676346471,1.5546,426.86,9.25,-2.69,504.78
2013-3-16,0,1.648113476,1.4073,383.04,8.97,-0.53,597.95
2013-3-17,0.5,1.379409081,1.3082,286.72,5.5,-0.61,591.41
2013-3-18,10.11,1.489638382,1.2459,273.7,6.74,-0.09,600
2013-3-19,15.14,1.727224817,1.8916,260.34,10.01,2.18,720
2013-3-20,0,1.895472878,2.254,443.44,10.72,-1.41,560
2013-3-21,0.14,1.581690628,1.9709,366.95,6.5,-1.75,540.28
2013-3-22,0,1.521361285,1.6764,358.17,5.33,-2.5,520
2013-3-23,0,1.812860639,1.4895,436.55,8.52,-2.58,513.24
2013-3-24,0,1.795203773,1.3564,441.77,7.83,-3.5,480
2013-3-25,14.62,1.44775125,1.447,200.83,4.92,-0.5,600
2013-3-26,14.3,1.727909205,2.0728,255.34,7.93,0.65,640
2013-3-27,0,2.006751218,2.1889,416.9,10.5,0.65,640
2013-3-28,0,1.973409251,1.8774,403.75,10,0.86,640
2013-3-29,0,2.16951746,1.5942,442.51,11.75,0.89,640
2013-3-30,0,2.413771665,1.4272,487.17,13.83,-0.35,600
2013-3-31,1.61,2.35718154,1.3451,415.38,13.38,1.82,705.33
2013-4-1,4.28,2.611704142,1.4102,344.48,16.09,3.71,800
2013-4-2,0,2.380910755,1.3734,491.61,12.31,-2,520
2013-4-3,0,2.140191882,1.2912,446.75,9.54,-1.74,541.07
2013-4-4,0.14,2.111641435,1.2318,464.65,8.61,-3.5,480
2013-4-5,16.69,2.641791346,1.4611,354.89,14.77,1.48,678.66
2013-4-6,0,2.542185199,1.7358,459.57,13.45,1.01,640.61
2013-4-7,0,2.572171909,1.5914,465.6,13.38,0.54,640
2013-4-8,0,3.174637464,1.413,459.51,20.08,6.82,985.54
2013-4-9,0,3.984811524,1.3054,467.43,27.79,12.5,1440
2013-4-10,0,4.25968774,1.1921,464.14,30,14.32,1625.44
2013-4-11,2.97,3.920194734,1.1298,389.9,26.28,10.52,1281.3
2013-4-12,16.13,3.029627678,1.1667,300.33,18.54,8.22,1097.51
2013-4-13,19.64,2.927691843,1.3819,321.09,16.48,5.28,902.23
2013-4-14,0,3.103432924,1.4781,472.41,17.27,3.92,800
2013-4-15,0,2.609493719,1.4073,318.13,14.92,7.51,1040.49
2013-4-16,0,2.93777472,1.3196,372.03,17.14,8,1080
2013-4-17,0,3.467467021,1.2261,413.53,21.55,10.46,1276.8
2013-4-18,0,3.269935803,1.1553,402.07,19.49,9.06,1164.44
2013-4-19,2.57,3.102424699,1.1129,280.24,20.36,13,1480
2013-4-20,13.41,3.404269619,1.3734,327.03,19.64,8,1080
2013-4-21,0,2.822230099,1.4583,433.09,13.22,2.23,720
2013-4-22,0,2.686000401,1.3309,412.8,11.91,1.82,705.33
2013-4-23,0,2.300722787,1.2148,261.3,10.97,5.25,899.72
2013-4-24,0,3.098939764,1.1638,451.84,15.23,3.5,800
2013-4-25,0,3.485052509,1.1072,462.96,18.65,5.98,920
2013-4-26,0,3.555015663,1.0562,491.41,18.5,4.31,824.42
2013-4-27,0,3.597360887,1.0194,501.11,18.46,3.58,800
2013-4-28,0,3.712211388,0.9741,497.67,19.36,4.5,840
2013-4-29,13.79,2.810768683,1.1072,191.82,16.36,10.4,1272.11
2013-4-30,7.17,2.80460582,1.4045,196.34,16,10,1240
2013-5-1,0,3.422139168,1.3592,433.62,17.54,6.49,958.98
2013-5-2,0,3.650359636,1.2233,484.08,18.47,5.22,897.83
2013-5-3,0,3.359778239,1.1129,420.68,16.91,6.49,959
2013-5-4,0,3.426617267,1.0364,438.33,17.02,6.02,921.7
2013-5-5,0,3.273702214,0.9741,405.56,16.18,6.5,960
2013-5-6,0,3.313170736,0.9373,405.98,16.47,6.84,986.9
2013-5-7,1.96,3.254434765,0.9628,288.37,17.98,10.5,1280
2013-5-8,3.96,3.469590591,1.0477,246.3,20.42,13,1480
2013-5-9,6.88,3.992225819,1.0166,307.63,22.88,13,1480
2013-5-10,0,4.233153905,0.9571,443.86,24,12.92,1473.75
2013-5-11,20.97,4.131571981,1.3507,294.14,24.71,15.5,1760.36
2013-5-12,14.9,3.967834528,2.4381,320.16,21.99,12,1400
2013-5-13,0,3.564992888,2.356,486.66,16.5,4.86,868.43
2013-5-14,0,3.60660464,1.8576,525.35,15.87,2.43,720
2013-5-15,0,3.850035826,1.5291,444.24,19.94,9.54,1203.52
2013-5-16,0,4.536957038,1.3479,442.12,25.86,14.73,1676.24
2013-5-17,0,4.758489048,1.2091,493.44,25.99,12.5,1439.7
2013-5-18,1.55,3.904311612,1.1157,336.93,21.77,13,1479.6
2013-5-19,7,2.975171595,1.2318,166.41,18.59,14.05,1603.78
2013-5-20,0,3.865718523,1.2573,330.62,23.39,16.15,1823.49
2013-5-21,0,4.384130223,1.2006,379.09,26.3,17.5,2000
2013-5-22,0,4.392353346,1.1242,355.33,27.19,19,2200
2013-5-23,0,4.042920421,1.0506,315.59,25.49,18.5,2119.63
2013-5-24,7.98,4.249793023,1.1468,343.09,22.33,11.52,1361.83
2013-5-25,2.18,3.750954316,1.127,432.2,18,7.94,1075.03
2013-5-26,0,4.094368869,1.0251,495.07,19.84,8,1080.05
2013-5-27,0,4.494336374,0.9628,548.17,21.56,6.34,947.48
2013-5-28,6.44,3.854304401,0.9798,301.89,20.49,12.03,1402.22
2013-5-29,0.17,4.711326782,0.9996,436.93,26.43,15.88,1790.73
2013-5-30,0,5.247794755,0.926,438.88,30.35,19,2200
2013-5-31,0,5.357449892,0.875,446.55,30.79,19.01,2201.38
2013-6-1,0,5.087629344,0.8042,418.46,29.78,19.38,2260.26
2013-6-2,1,4.834444287,0.7504,364.59,29.05,19.95,2315.92
2013-6-3,15.02,4.295857767,1.195,252.51,26.41,19.02,2202.68
2013-6-4,2.56,4.452052481,1.2346,386.8,24.04,14,1600
2013-6-5,0,4.716130682,0.9883,505.22,23.96,11.08,1326.76
2013-6-6,0,4.672153796,0.8552,491.01,23.9,11.58,1366.8
2013-6-7,30.99,3.704948025,1.0251,214.77,22.5,16.52,1876.91
2013-6-8,29.05,3.922316825,1.8519,236.05,23.5,16.86,1908.41
2013-6-9,0,4.499141729,1.934,399.02,25.5,16.5,1880
2013-6-10,8.52,3.962138721,1.6197,228.86,24.4,18,2080
2013-6-11,8.98,4.362310802,1.5263,246.42,27.15,19.99,2318.8
2013-6-12,0,4.98213633,1.4215,413.02,28.97,19.21,2233.2
2013-6-13,29.38,5.013752592,1.4158,325.29,28.69,18.5,2120
2013-6-14,24.78,4.778975698,2.6674,366.51,24.87,13,1480
2013-6-15,7.55,4.984462488,3.0016,373.33,26.09,13.5,1560
2013-6-16,0.86,5.160792825,2.5683,451.17,28.1,16.13,1820.17
2013-6-17,8.49,5.101185765,1.9425,326.37,29,18.47,2118.55
2013-6-18,25.35,4.684721495,1.9284,303.08,26.74,17.5,2000
2013-6-19,33.17,4.36330256,3.3414,297.43,24.26,15.51,1760.41
2013-6-20,0,4.766887676,3.4263,486.95,24.55,12.5,1440
2013-6-21,0,4.912716653,3.0865,503.09,25.08,12,1400.24
2013-6-22,0,5.159845635,2.2512,506.71,26.7,12.86,1468.5
2013-6-23,0,5.155251993,1.7018,459.78,28.1,16.19,1830.02
2013-6-24,1.22,5.226384483,1.4328,383.04,31,21.16,2505.18
2013-6-25,0.46,5.633364063,1.2658,414.77,32.51,20.94,2469.64
2013-6-26,0.63,5.376270284,1.1327,395.62,31.51,20.99,2478.62
2013-6-27,4.4,5.037151901,1.0421,282.28,30.22,21,2480
2013-6-28,6.71,4.893158442,1.0506,266.37,30.01,21.5,2560
2013-6-29,6.06,4.799340742,1.0534,278.5,28.75,20,2320
2013-6-30,2.37,4.051219276,1.0307,238.53,27.23,21.5,2560
2013-7-1,7.39,3.74813094,1.0959,168,26.74,22,2640
2013-7-2,7.15,3.898868353,1.2743,183.84,27.18,22,2640
2013-7-3,5.3,4.404612161,1.2459,236.15,28.4,21.5,2560
2013-7-4,0,4.693158116,1.1893,336.58,30,22.4,2704.55
2013-7-5,0,4.931935938,1.0477,372.59,30.61,22.02,2642.61
2013-7-6,0,5.258528839,0.9628,389.21,32.46,23.07,2811.1
2013-7-7,0,5.396671755,0.9061,400.58,32.96,23,2800
2013-7-8,0,5.102678953,0.8495,389.07,31.31,22,2640
2013-7-9,4,4.71116435,0.8495,265.1,29.76,21.75,2599.55
2013-7-10,0.76,4.667225013,0.8495,317.76,29.99,22.29,2686
2013-7-11,6.62,4.241156656,0.8495,218.3,28.62,22.31,2690.09
2013-7-12,33.65,3.52971883,1.0279,169.59,25.33,20.79,2445.8
2013-7-13,27.06,4.275446999,2.0162,248.7,27.52,20.5,2400
2013-7-14,0,4.639663948,1.8859,339.36,30.5,23,2800
2013-7-15,0,5.332390162,1.5093,416.6,32.76,22.5,2720
2013-7-16,0,5.362014873,1.2318,404.8,33.5,23.53,2886.23
2013-7-17,0,5.614120639,1.0279,439.76,34,22.5,2720
2013-7-18,0,5.689666402,0.9033,429,34.87,23.5,2880
2013-7-19,0,5.288307329,0.7815,372.39,34.33,25.15,3196.62
2013-7-20,0,5.332741993,0.6853,397.47,33.87,24,3000
2013-7-21,13.84,5.153356464,0.8212,313.06,32.11,22,2640
2013-7-22,0,4.67115025,0.8637,371.11,30.51,22.32,2691.24
2013-7-23,6.29,4.630645705,0.9345,275.93,30.53,22.5,2720
2013-7-24,0,4.808233988,0.9939,408.17,30.5,21.26,2521.66
2013-7-25,0,4.054219639,0.8467,378.35,25.56,18,2080
2013-7-26,0,4.134640121,0.7646,408.49,25.36,17.05,1928.26
2013-7-27,0,4.599390853,0.6966,446.23,28,18,2080
2013-7-28,3.92,4.353521078,0.6456,361.72,27.58,19,2200
2013-7-29,20.42,4.595096092,0.6768,327.7,28.5,18.67,2146.46
2013-7-30,0,4.844818362,0.6881,492.02,28.5,16,1800
2013-7-31,0,4.591769627,0.6428,463.97,27.5,16.4,1863.94
2013-8-1,14.81,3.805496835,0.6966,239.21,26,19.5,2280
2013-8-2,2.8,4.338752605,0.8438,382.89,27.89,19,2200
2013-8-3,0,4.319670605,0.8184,392.45,28.03,19.24,2238.41
2013-8-4,0.03,4.333816894,0.7985,427.28,27.07,17.25,1960.55
2013-8-5,0,4.446279117,0.7306,476.42,26.5,14.67,1666.49
2013-8-6,0,4.132232875,0.657,441.46,25.09,14.94,1707.38
2013-8-7,9.57,3.542761404,0.6853,230.02,24.55,18.31,2104.78
2013-8-8,6.69,3.538495734,0.7532,194.13,27,21.64,2582.29
2013-8-9,2.31,4.246207295,0.6994,314.12,30.39,22.75,2759.5
2013-8-10,0,4.163675121,0.6371,348.68,29.35,21.5,2560
2013-8-11,0,4.129330996,0.5975,393.38,27.5,18.5,2120
2013-8-12,0.21,4.340616018,0.5635,405.17,29,19.24,2238.99
2013-8-13,14.58,4.007621024,0.7391,257.05,28.5,20.74,2437.89
2013-8-14,15.69,3.99262216,0.9486,326.5,25.35,15.04,1720.97
2013-8-15,0,3.985879571,0.841,473.21,24.3,12.44,1435.07
2013-8-16,0,4.17527988,0.7844,495.56,25.5,12.01,1400.49
2013-8-17,0,4.142677934,0.7221,474.65,26,13.5,1560
2013-8-18,0,3.635100068,0.6541,361.33,25.03,16.95,1917.27
2013-8-19,0,3.521815725,0.5947,350.75,24.5,16.79,1903.09
2013-8-20,0,3.998208635,0.5578,403.68,27.55,17.77,2043.7
2013-8-21,0,4.310981842,0.5295,416.63,30,19.13,2220.15
2013-8-22,1.99,3.935613393,0.5154,345.09,29.29,21,2480
2013-8-23,4.68,3.77615038,0.5352,269.99,27.5,19,2200
2013-8-24,0,3.855809225,0.5295,439.5,25.9,14.6,1656.64
2013-8-25,0,4.032888174,0.4955,487.46,26.39,12,1400
2013-8-26,0,4.043519018,0.4757,437.81,28,15.99,1799.72
2013-8-27,0,4.130268241,0.4531,384.65,30.5,20.17,2346.49
2013-8-28,18.41,3.727709383,0.7192,255.37,28.5,20,2320
2013-8-29,40.89,3.086660352,1.1751,191.06,25.5,19.75,2300.02
2013-8-30,0,3.542346942,1.464,351.04,27,18.5,2120
2013-8-31,0,3.584134799,1.2969,325.64,28.5,20.5,2400
2013-9-1,0,3.587699436,0.9571,296.98,29.86,22.49,2718.73
2013-9-2,2.84,3.361078848,0.9316,235.42,28.99,22.5,2720
2013-9-3,1.61,3.603617311,1.144,352.62,28.5,19.5,2280
2013-9-4,0,3.785742344,1.9793,443.83,28,15.12,1729.92
2013-9-5,0,3.653559008,1.6452,423.22,27.52,15.73,1778.39
2013-9-6,0,3.40879707,1.2346,455.37,24.5,11.24,1339.23
2013-9-7,0,3.421598313,0.9798,471.59,24.54,9.6,1207.69
2013-9-8,0,3.708244954,0.8438,435,28.42,14.75,1680.24
2013-9-9,0,3.422994701,0.7815,431.02,25.91,12.8,1463.92
2013-9-10,0,3.293075689,0.7192,339.26,27.1,17.77,2042.55
2013-9-11,0,3.648596341,0.6853,338.01,31,21,2480
2013-9-12,1.97,3.567037493,0.6485,295.45,30.96,21.5,2559.4
2013-9-13,5.33,3.332095498,0.7249,273.72,27.7,17,1920
2013-9-14,0,2.89189586,0.6796,412.09,22.04,9.99,1239
2013-9-15,0,2.88644336,0.6371,455.8,21.64,6.63,970.04
2013-9-16,0,2.817350015,0.606,379.84,22.5,11.69,1375.52
2013-9-17,0,2.58091182,0.606,390.83,19.6,8.5,1120
2013-9-18,0,2.647630447,0.5862,442.78,20,5.47,917.22
2013-9-19,0,2.810627144,0.5493,440.18,22.51,7.25,1020.29
2013-9-20,0,2.904471037,0.5295,423.6,24.25,9.59,1207.45
2013-9-21,2.69,2.96543705,0.521,376.74,25.54,11.22,1337.64
2013-9-22,10.66,2.776465849,0.5777,285.02,24,11.5,1360
2013-9-23,0,2.479065803,0.589,390.38,20.37,7.65,1052.05
2013-9-24,0,2.488143653,0.5607,413.8,20.72,6.26,940.68
2013-9-25,0,2.541816117,0.5267,403.43,22,7.82,1065.82
2013-9-26,0,2.54400663,0.5097,375.75,22.73,9.89,1231.45
2013-9-27,0,2.428892552,0.504,343.36,22,10.75,1299.72
2013-9-28,0,2.320819934,0.4927,305.45,21.5,11.76,1380.68
2013-9-29,0,2.369809005,0.4842,343.31,22,10.31,1265.06
2013-9-30,0,2.426693535,0.4701,376.06,23,9,1160.26
2013-10-1,0,2.598989851,0.4616,385.24,25.95,10.23,1258.56
2013-10-2,0,2.739591876,0.4531,356.39,28.28,13.72,1577.43
2013-10-3,0,2.579324364,0.4502,309.54,26.97,15.12,1729.66
2013-10-4,0,2.670238087,0.4446,323.45,28.5,15.5,1760
2013-10-5,0,2.625942202,0.4389,302.23,28.57,16.58,1886.21
2013-10-6,0,2.515305128,0.4502,272.35,27.98,17.5,2000
2013-10-7,10.28,2.34363477,0.4814,188,26.53,17.25,1959.26
2013-10-8,9.8,2.005773621,0.5748,241.03,21.25,10.73,1298.39
2013-10-9,0.19,1.665616335,0.5663,182.81,18,12.02,1401.86
2013-10-10,21.07,1.439312211,0.6938,83.61,17.12,13.61,1568.08
2013-10-11,29.79,1.266422789,1.1298,54.12,17.76,15.78,1782.23
2013-10-12,14.04,1.44329515,1.4357,77.77,19.01,15.8,1783.62
2013-10-13,0,1.643652825,1.7188,183.18,19.58,13.64,1571.15
2013-10-14,0,1.737003804,1.4215,281.63,19.89,10.11,1248.49
2013-10-15,0,1.775452455,1.1298,318.57,20.99,9.08,1166.76
2013-10-16,0,1.747161727,0.9175,255.94,21.39,12.48,1438.57
2013-10-17,0,1.747557894,0.8099,219.61,22.52,15,1720
2013-10-18,0,1.698370694,0.7476,311.56,21.32,9.5,1200
2013-10-19,0.52,1.522773187,0.7079,319.91,18.5,6.44,954.91
2013-10-20,0.03,1.450969819,0.6853,304.85,17.5,6.42,953.8
2013-10-21,0,1.437084419,0.6456,340.32,18.33,4.42,833.33
2013-10-22,0,1.524427439,0.6145,324.32,20.61,7.4,1032.38
2013-10-23,8.98,1.279177783,0.6654,199.29,15.32,6.14,931.16
2013-10-24,0,1.12434068,0.7306,272.33,12,2.75,739.72
2013-10-25,0,1.113814267,0.7023,303.92,12.5,1.43,674.55
2013-10-26,0,1.113014638,0.6485,332.37,13.8,0.19,615.36
2013-10-27,0,1.142411185,0.6315,311.75,14.81,2.51,727.24
2013-10-28,0,1.134660925,0.6116,338.99,16.75,0.93,641.12
2013-10-29,0,1.177847945,0.6003,313.43,17.49,3.99,812.76
2013-10-30,1.53,1.127736509,0.5862,242.12,15.5,6.74,978.86
2013-10-31,1.52,1.199776122,0.5862,244.96,17.96,8.89,1151.27
2013-11-1,3,1.27443167,0.6031,136.87,20.54,14.08,1606.1
2013-11-2,4.55,1.273835263,0.6258,190.4,21,11.13,1330.62
2013-11-3,0,1.010085247,0.6258,296.5,15.81,3.5,800
2013-11-4,0,0.8436367,0.606,277.03,10.5,0,600
2013-11-5,0,0.909948229,0.5918,285.32,13.76,2.2,719.7
2013-11-6,0,0.944986651,0.5777,302.7,17,2.9,752
2013-11-7,3.91,0.996119421,0.6088,201.68,17.5,6.16,932.42
2013-11-8,0.49,0.843233269,0.6173,251.46,13,2.47,720
2013-11-9,0,0.748910928,0.5947,273.57,11.02,-0.79,577.1
2013-11-10,0,0.875448113,0.6031,252.63,15.64,4.51,840.88
2013-11-11,0,0.803987,0.5635,259.82,14.43,2.5,720
2013-11-12,0,0.714855164,0.538,253.02,11.5,0.02,601.58
2013-11-13,0,0.596099359,0.5409,212.96,5.5,-3.27,480
2013-11-14,0,0.644858576,0.5607,262.47,10.77,-1.77,538.56
2013-11-15,0,0.690803665,0.538,263.25,14,0.76,640.55
2013-11-16,3.38,0.719984597,0.5635,142.59,12,3.72,798.42
2013-11-17,0,0.807268392,0.589,191.23,15.84,7.27,1021.43
2013-11-18,6.09,0.893737557,0.6173,154.45,19.85,10,1240
2013-11-19,0,0.653157948,0.6145,245.55,14.37,2,720
2013-11-20,0,0.556612751,0.5777,227.18,8.93,-1.61,550.19
2013-11-21,0,0.563321158,0.5692,246.74,11.73,-0.69,584.5
2013-11-22,1.75,0.678527814,0.5635,204.24,14.53,4.92,873.52
2013-11-23,0,0.60778797,0.5692,222.89,13.45,2.5,720
2013-11-24,0,0.45317633,0.538,209.96,4.84,-4.81,440
2013-11-25,0,0.41190831,0.538,192.84,1.79,-6.67,360
2013-11-26,12.18,0.491380568,0.555,175.85,10.19,-1.37,553.49
2013-11-27,30.15,0.496491814,0.9741,193.71,16.5,1,640
2013-11-28,5.96,0.462736804,1.1213,121.97,4.74,-2.24,520
2013-11-29,0,0.417291002,0.9939,206.06,5.01,-4.5,440
2013-11-30,0,0.40768431,0.8778,216.22,5.89,-4.5,440
2013-12-1,0,0.417425568,0.807,225.33,8.53,-3,480
2013-12-2,0,0.406197731,0.7646,235.99,10.38,-2.54,516.47
2013-12-3,0,0.408249015,0.7561,237.74,11.97,-1.5,560
2013-12-4,0,0.441801368,0.7192,225.91,13,0.49,639.11
2013-12-5,0.08,0.611417911,0.6853,137.67,14,7.5,1039.6
2013-12-6,6.07,0.581197982,0.7051,143.03,16.75,6.85,988.29
2013-12-7,13.7,0.418496217,0.9741,157.76,10.3,-0.55,596.3
2013-12-8,11.83,0.389008269,0.9684,135.04,4.67,-3.31,480
2013-12-9,35,0.449006782,1.4442,81.84,4.7,0.04,610.09
2013-12-10,5.96,0.431151635,2.0586,63.09,2.5,-0.93,565.43
2013-12-11,1.24,0.32549674,2.0388,196.46,2.76,-6.71,360
2013-12-12,0,0.320284128,1.682,182.52,0.5,-7.43,360
2013-12-13,0,0.322614047,1.3819,202.46,2.7,-6.59,365.41
2013-12-14,0,0.328646164,1.2516,235.74,8.99,-3.6,471.4
2013-12-15,19.39,0.353287152,1.9171,177.8,12.49,-0.79,576.96
2013-12-16,0,0.359424016,2.4834,187.25,4.8,-3.67,466.42
2013-12-17,2,0.368168734,2.254,182.59,5.17,-3.06,483.61
2013-12-18,2,0.342748231,1.8264,195.58,4.5,-4.5,440
2013-12-19,0,0.27074019,1.5348,250.3,9.51,-5.49,400.88
2013-12-20,0,0.45013436,1.3649,197.18,12.98,3.08,764.58
2013-12-21,0,0.567202208,1.2658,181.37,17.26,8.16,1093.14
2013-12-22,0,0.691957589,1.1808,160.03,20.5,12.5,1440
2013-12-23,5,0.59627207,1.1893,136.31,18.35,9.22,1177.84
2013-12-24,4.05,0.362646849,1.2261,167.9,10.51,-1.26,560
2013-12-25,0,0.310496771,1.1582,205.19,2.79,-6.99,360
2013-12-26,0,0.290790343,1.1015,231.43,4.75,-7.42,360
2013-12-27,0,0.290462936,1.0364,241.75,7.65,-6.12,390.58
2013-12-28,0,0.296832111,1.0109,248.07,11.76,-3.66,463.4
2013-12-29,18.48,0.439520314,1.2233,160.84,13.71,2.32,720
2013-12-30,0.92,0.408460031,2.0615,212.22,11,0,600
2013-12-31,0,0.369947182,2.1323,205.16,6.5,-3.48,474.84
2014-1-1,0,0.334179705,1.7868,216.79,5.77,-5.75,400
2014-1-2,0,0.393888399,1.5178,160.45,4.25,-3.27,480
2014-1-3,11.4,0.273463046,1.3989,187.36,-0.5,-12.17,240
2014-1-4,0,0.223691887,1.2828,289.87,-1.01,-17.08,160
2014-1-5,1.14,0.315661436,1.2488,279.98,8.51,-6.67,371.01
2014-1-6,8,0.266927669,1.5319,225.62,14.23,-5.74,400
2014-1-7,0,0.264220806,1.7953,267.1,-2.17,-14.79,200
2014-1-8,0,0.278834943,1.5603,210.86,-5.08,-13.65,203.55
2014-1-9,0,0.349933873,1.3762,222.07,0.72,-8.53,320
2014-1-10,7,0.408298451,1.3422,188.24,6.81,-4.56,440
2014-1-11,11.51,0.601364824,1.6565,172.3,15.31,4.9,872.06
2014-1-12,10.54,0.527785659,2.2908,189.56,13.21,1.36,668.77
2014-1-13,0,0.465965357,2.3305,272.28,11,-2.18,520
2014-1-14,10.54,0.581446091,2.1691,154.28,11.71,2.54,722.8
2014-1-15,10.37,0.567580994,2.4636,141.15,9.5,1.5,680
2014-1-16,0,0.523986155,2.3588,188.08,6.89,-1.11,560
2014-1-17,0,0.483348444,1.9793,235.86,6.85,-4.09,440
2014-1-18,0,0.49529143,1.7273,231.26,6.5,-4,440
2014-1-19,0,0.474692615,1.5291,257.24,6.49,-5.93,400
2014-1-20,0,0.567201745,1.4073,232.66,9.39,-1.57,547.3
2014-1-21,0,0.477447505,1.3507,255.38,5.21,-7.14,360
2014-1-22,5.94,0.341218389,1.3139,180.64,-5.76,-14.87,200
2014-1-23,0,0.343868964,1.2459,252.97,-5.8,-15.42,193.8
2014-1-24,0,0.365121296,1.178,227.8,-5.5,-13.76,200
2014-1-25,0,0.443982981,1.1327,203.79,-1.95,-9.14,304.2
2014-1-26,0.2,0.489841667,1.1327,264.26,1.24,-8.81,317.95
2014-1-27,0,0.58135454,1.1525,309.76,7.24,-6.15,388.27
2014-1-28,0,0.486965444,1.1638,280.65,0.31,-10.41,280
2014-1-29,5.2,0.394602996,1.1355,136.93,-6.45,-12.46,240
2014-1-30,0,0.399956883,0.9713,346.65,-3.31,-19,120
2014-1-31,0,0.521650568,0.9628,351.3,3.23,-13.3,216.38
2014-2-1,0,0.677151911,1.0704,322.34,8,-5.59,400
2014-2-2,1.58,0.821255682,1.1921,299.56,11.95,-0.22,600.19
2014-2-3,18.92,0.814011803,1.5744,193.8,9.77,0.5,639.9
2014-2-4,11.49,0.660723348,2.4239,126.85,3,-2.27,520
2014-2-5,21.8,0.691762711,3.1432,108.01,3.92,-0.35,595.65
2014-2-6,1.5,0.670967348,3.7661,210.42,2.5,-4.11,440
2014-2-7,0,0.688852071,3.2848,288.05,3.08,-6.43,365.43
2014-2-8,0,0.667492306,2.6731,242.15,1.48,-5.87,400
2014-2-9,0,0.648115223,2.1606,255.77,0.32,-7.34,360
2014-2-10,1.01,0.638415181,1.8548,239.48,-0.5,-7.39,359.7
2014-2-11,0,0.621262674,1.6622,293.23,-1.5,-10.27,280
2014-2-12,0,0.653234742,1.4696,340.07,-0.51,-11.5,245.87
2014-2-13,35.17,0.784581019,1.9142,187.36,3.2,-3.96,455.48
2014-2-14,9.82,0.912874091,3.7378,205.1,6.66,-1.5,559.6
2014-2-15,4.01,0.942087688,4.1059,218.63,7,-2.15,520
2014-2-16,0.33,0.807809266,3.6812,251.15,2.52,-5.01,439.36
2014-2-17,0,0.780798626,3.1149,291.38,1.16,-7.51,359.46
2014-2-18,8.16,1.010801123,2.7637,251.51,7.42,-3.61,464.78
2014-2-19,2.94,1.154153345,2.7835,264.53,10.7,-1.26,560
2014-2-20,0.54,1.185884418,2.7269,344.33,11.01,-1.77,538.2
2014-2-21,5.59,1.332580947,2.5938,269.89,13.97,0.58,640
2014-2-22,1.49,1.398795888,2.5797,356.98,15.3,-0.27,600
2014-2-23,0,1.486351505,2.4579,350.83,16,3.18,774.49
2014-2-24,0,1.260360592,2.1832,330.39,10.34,-0.5,600
2014-2-25,0,0.948306142,1.934,268.17,2.58,-5,440
2014-2-26,1,0.919537821,1.7811,336.74,1.19,-7.5,360
2014-2-27,0.01,1.018867777,1.682,437.78,3.28,-10.93,280
2014-2-28,0,0.878751007,1.5886,405.35,-0.84,-12.5,240
2014-3-1,0,1.053361627,1.464,436.35,3.1,-10.48,280
2014-3-2,2.97,1.357421413,1.4781,329.3,9.29,-3.82,458.1
2014-3-3,9.3,1.129574454,1.6395,341.48,3.98,-10.36,280
2014-3-4,0,0.913633285,1.5319,425.76,-1.53,-13.23,221.68
2014-3-5,0,1.13639134,1.6027,415.65,3.19,-8.05,333.77
2014-3-6,0,1.107452503,1.6254,335.38,2.7,-5.37,411.71
2014-3-7,0,1.074171995,1.5942,234.41,3,-2.27,518.94
2014-3-8,0,1.630394125,1.648,421.01,11.64,-0.24,600
2014-3-9,0,1.610553535,1.784,385.35,11.12,1,640
2014-3-10,0,1.699020351,1.7641,399.42,11.86,-0.43,600
2014-3-11,0,2.067148915,1.6395,394.43,17.46,4.13,810.59
2014-3-12,6.68,2.081860024,1.5744,324.11,17.1,2,720
2014-3-13,2.98,1.551772941,1.6933,394.37,7.8,-5.65,400
2014-3-14,0,1.425940413,1.7302,393.75,5.28,-6.42,366.69
2014-3-15,0,2.046093359,1.6452,407.92,15.12,1.89,703.41
2014-3-16,0,1.850112344,1.5603,411.92,11.54,-1.62,550.34
2014-3-17,10,1.209644692,1.5404,180.08,2.08,-4,440
2014-3-18,0,1.261519302,1.5603,236.9,2.92,-3.04,480
2014-3-19,9,1.704393728,1.6537,236.93,9.26,0.83,640.05
2014-3-20,10.95,2.015733239,2.0331,266.42,13.28,3.34,786.93
2014-3-21,0,2.125918516,2.2484,429.61,13.5,-0.48,600
2014-3-22,0,2.429052459,2.0558,449.14,17.2,1.35,667.79
2014-3-23,0,2.217146493,1.8491,425.34,14.03,0.5,640
2014-3-24,0,1.580494196,1.6933,384.32,4.61,-6,400
2014-3-25,0,1.520088176,1.5603,372.02,3.5,-6.42,366.69
2014-3-26,5,1.408795164,1.5546,200.23,3,-3.44,479.51
2014-3-27,0,1.630942401,1.5461,413.68,4.28,-7.19,360
2014-3-28,0,2.238913908,1.5574,419.83,12.63,0.36,622.23
2014-3-29,30.88,2.340780974,1.9907,241.46,15.63,7.23,1018.67
2014-3-30,35.47,2.209832497,5.4935,242.19,13.5,5.32,905.67
2014-3-31,10.44,2.297938117,6.7394,296.34,13,2.5,720
2014-4-1,0,2.398773027,5.0404,447.06,13.18,0.31,624.93
2014-4-2,0,2.587713893,3.6812,433.36,15.49,3.33,786.44
2014-4-3,0.18,2.549530091,2.8883,375.19,15.86,6.21,937.04
2014-4-4,1,2.258869847,2.4437,300.42,13.58,6.5,960
2014-4-5,0,2.295366021,2.1577,321.98,13.28,5.69,920
2014-4-6,0,2.543492852,1.9312,450.65,13.46,1,640
2014-4-7,5.36,2.561346287,1.8151,354.72,13.3,0.64,640
2014-4-8,4.8,2.801896265,1.8406,291.42,17.23,7.23,1018.37
2014-4-9,0,3.05584049,1.8179,481.05,18,3.5,800
2014-4-10,0,2.957539293,1.7075,487.74,16.51,1.85,706.9
2014-4-11,0,3.335266698,1.5886,444.46,21.15,8.58,1126.05
2014-4-12,0,3.519297491,1.5178,451.24,22.63,9.57,1205.69
2014-4-13,0,3.555160571,1.4555,459.91,22.51,9.04,1163.03
2014-4-14,0,3.45218695,1.3734,377.61,23.27,13.42,1547.36
2014-4-15,16.63,3.387126793,1.3847,364.59,19.75,5.42,900.67
2014-4-16,13.71,2.808130301,2.0558,370.06,13.2,-0.84,573.14
2014-4-17,0,2.30345252,2.3475,380.34,9,-0.05,600
2014-4-18,0,2.29737724,2.0813,322.24,10.01,2.64,730.95
2014-4-19,0,3.076145568,1.8038,474.57,15.63,2.5,720
2014-4-20,0,2.966791698,1.6226,429.95,15.13,4.16,812.84
2014-4-21,0,3.166829532,1.481,495.57,15.8,1.8,704.13
2014-4-22,0,3.696335868,1.4017,510.13,20.51,4.85,867.73
2014-4-23,0,3.401006192,1.362,435.85,18.93,7.5,1040.09
2014-4-24,0,3.222373684,1.3309,452.77,16.5,4.63,850.16
2014-4-25,1.67,3.241443162,1.2912,455.9,15.58,1.5,680
2014-4-26,8.09,3.613424057,1.3677,335.77,20,7.83,1066.24
2014-4-27,0,3.561376114,1.4045,474.96,18.69,5.44,915.16
2014-4-28,0,3.318962524,1.3564,475.17,16.06,3,760
2014-4-29,2.76,2.498630205,1.2969,208.82,12.93,7.44,1034.87
2014-4-30,34.94,2.577633417,1.9482,190.05,13.46,7.76,1061.19
2014-5-1,22.47,3.600623081,3.6812,282.62,20.86,11.5,1360
2014-5-2,0.11,3.855782332,3.8228,428.62,21.75,10.57,1285.57
2014-5-3,0.32,3.737822622,3.1998,439.84,20.13,8.67,1133.65
2014-5-4,0,3.987630386,2.591,475.9,21.32,8,1080
2014-5-5,0,3.800303909,2.1323,448.71,20,7.99,1078.9
2014-5-6,0,3.822458684,1.7981,450.6,20,7.95,1076.01
2014-5-7,0,3.791676545,1.6141,464.28,19.24,6.73,978.03
2014-5-8,2,3.814180326,1.5093,392.04,21.13,11.16,1333.03
2014-5-9,0,3.750582625,1.4385,369.86,21.14,12.01,1401
2014-5-10,0.14,4.646378797,1.4017,457.99,26.5,13.52,1561.34
2014-5-11,0,4.686251206,1.3422,446.11,27,14.5,1640
2014-5-12,0,4.733574346,1.2912,474.66,26.46,12.72,1457.43
2014-5-13,0,4.766910651,1.2544,467.94,26.76,13.33,1532.89
2014-5-14,0,3.741879702,1.2205,364.36,20.58,11.77,1381.91
2014-5-15,0,3.86783438,1.2006,343.54,22.54,14.31,1624.48
2014-5-16,12.08,3.747320091,1.2544,242.41,22.15,14.64,1661.75
2014-5-17,3.83,4.014346018,1.4555,414.4,20.88,10,1240
2014-5-18,0,4.017574404,1.3847,464.62,20,8.07,1085.57
2014-5-19,0,4.422389056,1.2884,530.35,21.71,6,920.07
2014-5-20,0,4.639913673,1.2006,501.55,24,9.57,1205.33
2014-5-21,0.92,3.945090437,1.144,347.05,22.49,14.23,1618.1
2014-5-22,8.15,3.799710727,1.1129,244.1,21.98,14.5,1640
2014-5-23,8.09,4.221181422,1.1638,295.39,23.5,14,1600
2014-5-24,0,4.207893094,1.1383,425.21,22.36,12.02,1401.71
2014-5-25,0,4.938225746,1.0987,521.53,25.52,10.19,1254.89
2014-5-26,0,5.14415026,1.0364,475.45,28.22,14.85,1694.2
2014-5-27,1.93,5.461782584,0.9968,421.45,30.93,17.78,2044.75
2014-5-28,6.76,4.683268287,1.1497,325.78,25.74,14.66,1665.28
2014-5-29,26.27,2.950246202,1.3394,171.16,16.51,11.72,1377.28
2014-5-30,0,3.639845318,1.3507,342.24,19.17,11.54,1363.4
2014-5-31,0,4.492178526,1.3677,464.32,23,11.08,1326.11
2014-6-1,0,4.68468854,1.3082,522.11,22.88,8,1080
2014-6-2,0,4.941050243,1.1695,537.09,24.36,8,1080
2014-6-3,0,5.258094639,0.9939,486.07,28,13.95,1595.86
2014-6-4,0,5.122598145,0.909,420.49,28.86,17.52,2003.88
2014-6-5,17.03,4.643338569,0.9883,283.34,26.48,17,1920
2014-6-6,0,4.593934657,1.0421,426.22,24.5,13.73,1578.69
2014-6-7,0,4.958208461,0.9543,476.14,25.83,12.77,1461.31
2014-6-8,0,5.279363916,0.8778,480.26,28,14.18,1614.23
2014-6-9,0.41,4.394203473,0.8325,317.64,26.42,18.67,2147.54
2014-6-10,0,4.302047493,0.8184,285.62,27.14,20.26,2361.01
2014-6-11,2.61,3.897800792,0.7929,223.01,24.84,18.94,2189.93
2014-6-12,2.28,3.442962845,0.807,203.05,22.68,18,2080.09
2014-6-13,4,4.35423449,0.8099,236.27,26.77,19.5,2280
2014-6-14,1,4.872897563,0.7844,422.86,27.01,16.5,1880
2014-6-15,0,5.163985074,0.7447,494.67,26.87,13.19,1509.78
2014-6-16,0,5.179428938,0.7023,475.51,27.5,14.58,1653.52
2014-6-17,0,5.499693566,0.6626,419.9,31.5,20.08,2333.31
2014-6-18,0,5.800942771,0.623,392.99,34.47,23.5,2880
2014-6-19,11.5,5.303677387,0.6343,310.88,30.48,19.69,2295.52
2014-6-20,0.51,4.768617192,0.7023,410.83,26.5,16.45,1872.71
2014-6-21,0,4.542592643,0.6711,371.45,25.99,17.2,1952.14
2014-6-22,0,4.410518806,0.6541,344.62,25.9,17.89,2062.83
2014-6-23,0,4.921987361,0.606,441.92,26.7,15.5,1760
2014-6-24,0,4.987374569,0.5748,440.04,27.37,16.24,1838.41
2014-6-25,0,4.870735816,0.5607,370.7,28.97,20,2320
2014-6-26,6.58,5.035518302,0.5663,285.42,30,20.66,2425.75
2014-6-27,0,4.741560415,0.572,386.18,27.58,18.47,2117.74
2014-6-28,0,5.129759455,0.555,474.55,27.51,15,1720
2014-6-29,0,5.262983096,0.5324,496.7,27.78,14,1563.76
2014-6-30,0,4.961711427,0.5125,416.25,28.05,17.6,2014.9
2014-7-1,0,4.995770896,0.4927,369.08,30.13,21,2480
2014-7-2,0,5.168281067,0.4757,367.52,31.69,22.5,2720
2014-7-3,17.04,5.622584367,0.6598,324.89,32.66,21,2480
2014-7-4,16.3,4.797585234,0.8891,297.47,28.04,18.64,2142.63
2014-7-5,0.09,4.913285531,0.9571,462.37,26.72,15.1,1727.79
2014-7-6,0,5.145208308,0.8269,478.33,28,15.39,1750.93
2014-7-7,0,5.18387107,0.6853,414.73,30.45,19.98,2318.77
2014-7-8,1.76,5.387972761,0.5805,385.68,32.13,21.5,2560
2014-7-9,4.8,5.218682309,0.5663,302.43,31.22,21,2480
2014-7-10,6.32,4.169511832,0.9769,217.14,27.33,20.87,2459.07
2014-7-11,0.15,4.474544067,1.11,351.67,27.22,19.03,2204.9
2014-7-12,0,4.76928032,0.6853,404.13,27.84,18,2080
2014-7-13,0,4.599818413,0.5833,344.25,28.69,20.5,2400
2014-7-14,0,4.744404302,0.538,339.04,30.21,22,2640
2014-7-15,13.16,4.797565687,0.657,267.66,30.15,21.53,2564.46
2014-7-16,29.27,4.796013765,1.5178,289.2,29.27,20,2320
2014-7-17,0,4.924585387,1.4895,455.8,28,16.44,1870.76
2014-7-18,0,4.9662667,1.2573,484.8,27.47,14.63,1661.58
2014-7-19,0,4.390793623,0.9854,391.59,26.01,17,1920
2014-7-20,0.32,3.809654881,0.7872,285.36,24.74,18.5,2120
2014-7-21,0,4.417915894,0.6768,408.18,25.96,16.5,1880
2014-7-22,0,4.80907782,0.623,441.67,28.07,17,1920
2014-7-23,0,4.805047495,0.5578,395.9,29.69,19.98,2318.66
2014-7-24,0,4.640972831,0.5465,380.59,29.09,20,2320
2014-7-25,0,4.643164927,0.5295,445.69,27,15.95,1796.27
2014-7-26,0,4.540497464,0.4899,422.6,27.01,16.78,1902.64
2014-7-27,2.05,4.340271339,0.487,329.87,28.5,20.67,2427.91
2014-7-28,14.82,4.618448479,0.4842,283.87,29.5,20.4,2383.93
2014-7-29,0,4.473032997,0.5097,441.27,26.41,15.74,1779.23
2014-7-30,0,4.408126323,0.4842,454.22,25.58,14.5,1640
2014-7-31,0,4.715463742,0.4559,475.98,27.53,15.05,1676.96
2014-8-1,0,4.181529071,0.4389,343.23,27.63,19.77,2301.24
2014-8-2,41.53,3.581286996,0.8438,208.18,24.88,19,2200
2014-8-3,29.93,3.167295874,1.5744,166.13,23.5,19,2200.42
2014-8-4,0,4.081548797,1.9595,359.2,26.96,19,2200
2014-8-5,0,4.56872201,1.5518,426.06,28.99,18.62,2139.37
2014-8-6,0,4.534289889,1.076,425.82,28.87,18.5,2120
2014-8-7,0,4.436279074,0.7985,433.54,27.98,17.46,1993.69
2014-8-8,0,4.570345032,0.6343,486.76,27.51,14.49,1639.21
2014-8-9,0,4.561954861,0.5663,470.96,28,15.5,1760
2014-8-10,0,4.673170522,0.5267,470.29,29.01,16.12,1818.92
2014-8-11,0,4.602699286,0.5012,478.44,28.34,15.01,1720.49
2014-8-12,86.02,3.763972478,0.6286,224.37,27.18,20.36,2377.06
2014-8-13,69.33,3.986644992,4.5307,252.99,28,20.08,2332.58
2014-8-14,0,4.19049767,5.8899,437.34,26.64,15.49,1758.88
2014-8-15,0,4.025899923,3.936,447.94,25.02,13.6,1568
2014-8-16,0,4.113205358,2.4721,451.67,25.9,14.11,1608.73
2014-8-17,0,4.263285295,1.6707,442.78,27.68,15.91,1793.94
2014-8-18,0,4.229255664,1.3422,461.8,27,14.28,1622.51
2014-8-19,0,3.986351416,1.1213,376.29,27.5,18.05,2076.54
2014-8-20,0,4.035371246,0.9628,385.27,27.86,18,2080
2014-8-21,0,4.047562385,0.8552,396.31,27.86,17.58,2013.49
2014-8-22,9.47,3.577911382,0.8099,232.8,26.54,19.15,2224.08
2014-8-23,0,3.350235891,0.8042,300.65,24.75,17.8,2047.89
2014-8-24,0,3.589198803,0.7787,372.85,25.01,15.98,1798.35
2014-8-25,0,4.083899839,0.7391,456.88,27.48,14.41,1632.95
2014-8-26,0,4.109535598,0.6966,436.84,28.41,15.98,1798.35
2014-8-27,0,4.426038472,0.6654,472.61,30.48,15,1720
2014-8-28,0,4.049328853,0.6286,409.49,28.97,17.35,1976.19
2014-8-29,0,3.774013721,0.6116,447.27,25.71,12.81,1464.78
2014-8-30,0,3.731050324,0.6003,428.96,26,13.87,1589.86
2014-8-31,0,3.682911839,0.589,339.48,28.29,19.22,2234.89
2014-9-1,12.9,3.976404024,0.623,247.03,31.5,22.12,2658.87
2014-9-2,0.31,4.142305715,0.6853,339.05,32.71,22.5,2720
2014-9-3,5.55,3.882100902,0.6626,268.47,30.14,19.65,2292.35
2014-9-4,0,3.764314699,0.6286,388.73,28.5,16.97,1917.77
2014-9-5,0,3.689093055,0.5947,318.96,30.02,20.87,2459.15
2014-9-6,12.91,3.946092934,0.555,256.57,32.16,22,2640
2014-9-7,9.58,3.621906181,0.6853,273.37,28.66,18,2080
2014-9-8,0,2.716646137,0.7164,219.7,24.01,18.49,2119.46
2014-9-9,0,2.458937088,0.6909,176.13,23.39,19.11,2217.7
2014-9-10,0,3.017162445,0.6428,311.32,25,17,1920
2014-9-11,0,3.349745144,0.6031,349.79,27.77,17.98,2077.01
2014-9-12,0,3.242931865,0.5578,367.94,26.42,16,1800
2014-9-13,8.42,2.898742662,0.5692,266.46,23.5,14.41,1632.6
2014-9-14,5.31,2.750336196,0.6683,336.72,21,10.61,1289.13
2014-9-15,0,2.824926079,0.6173,422.22,21.46,9,1160
2014-9-16,0,2.923108421,0.5607,389.65,23.66,12.43,1434.14
2014-9-17,0,2.910720158,0.5295,408.64,23.5,11.22,1337.67
2014-9-18,0,2.942803295,0.504,422.71,24,10.51,1280.49
2014-9-19,0,2.707146828,0.487,367.63,22.5,12,1399.71
2014-9-20,0,2.741345072,0.4842,349.11,23.71,13.73,1576.19
2014-9-21,0,2.764941991,0.4814,308.05,25.38,16.63,1883.58
2014-9-22,0,2.672840025,0.4814,346.17,23.58,13.44,1550.85
2014-9-23,0,2.494776791,0.4616,416.09,20.43,6.87,989.72
2014-9-24,1.24,2.450956983,0.4559,337.7,21,10.09,1246.84
2014-9-25,48.12,2.178647048,1.2374,185.61,20.42,13.84,1586.9
2014-9-26,3.04,2.390177302,1.7925,311.26,21.83,12.5,1440
2014-9-27,0,2.716851295,1.4555,394.93,25.47,12,1400
2014-9-28,0,2.74471133,1.0534,393.72,26.3,12.47,1437.77
2014-9-29,0,2.531325401,0.8523,326.84,24.98,15,1717.83
2014-9-30,1.07,2.286492559,0.7249,263.99,23.51,16,1800
2014-10-1,0,2.247481557,0.6315,272.98,23.08,15.27,1741.62
2014-10-2,0,1.995008572,0.5918,239.41,20.5,14,1600
2014-10-3,0,2.062430286,0.572,289.66,20.68,12.5,1440
2014-10-4,7.29,2.181349818,0.6145,261.27,21.9,11,1320
2014-10-5,0.6,1.936744464,0.6145,382.94,18.11,4.57,845.69
2014-10-6,0,2.000323991,0.572,386.97,19.74,6.12,934.48
2014-10-7,0,2.07012385,0.5409,286.41,22.5,13.8,1583.39
2014-10-8,6.56,2.138843568,0.5578,224.79,23.73,14.14,1611.12
2014-10-9,0,2.033355464,0.5607,350.96,22,9.59,1207.35
2014-10-10,0,1.757815208,0.5295,279.31,18.5,9.88,1230.15
2014-10-11,10.44,1.451968204,0.64,128.04,15.55,10.73,1298.39
2014-10-12,1.18,1.597676253,0.7532,279.87,16.33,7.5,1040.26
2014-10-13,0,1.687885447,0.7249,262.41,18.95,10.85,1307.93
2014-10-14,0.24,1.827060479,0.6853,222.84,22.83,15.81,1786.46
2014-10-15,0,1.747219092,0.6428,156.07,24.34,19.5,2280
2014-10-16,13.54,1.811573768,0.7589,194.62,22.81,14.5,1640
2014-10-17,0,1.758760933,0.8184,288.01,22,12.5,1439.64
2014-10-18,0,1.763108664,0.7476,304.78,22.5,12,1400
2014-10-19,0,1.450550356,0.6824,321.09,16.89,6,920
2014-10-20,0,1.363391821,0.6371,368.1,16.45,1.13,650.24
2014-10-21,0,1.530836392,0.6088,327.8,19.95,7.49,1039.54
2014-10-22,9.53,1.405988683,0.7787,173.13,18.08,10.75,1299.68
2014-10-23,6.61,1.120255973,0.8467,99.98,13.8,10.02,1241.21
2014-10-24,0,1.336794138,0.7872,259.37,17.32,8.99,1159.41
2014-10-25,0,1.383347288,0.7249,339.36,20,5.55,911.14
2014-10-26,0,1.36512706,0.6541,313.49,19.5,7.26,1021.14
2014-10-27,0,1.277772259,0.6116,334.47,19,4.47,837.21
2014-10-28,0,1.389183487,0.5947,318.53,21.81,8.08,1086.12
2014-10-29,0,1.445205943,0.5833,308.6,23.5,9.98,1238.63
2014-10-30,0,1.194053063,0.5663,306.6,18.26,5.48,915.72
2014-10-31,0,1.028879647,0.5663,290.94,14,2.63,734.33
2014-11-1,19.89,0.98226713,0.7023,166.62,12.45,4.67,853.7
2014-11-2,7.13,0.860573737,0.7447,103.76,9.5,5,880
2014-11-3,0,0.946763362,0.6909,276.55,13.28,2.49,720
2014-11-4,0,1.106220943,0.6428,276.41,18.69,7.18,1014.5
2014-11-5,0,1.16072104,0.6145,251.76,20.08,10,1240
2014-11-6,10.43,1.058155969,0.6853,167.17,17.5,9.13,1170.09
2014-11-7,7.56,0.906732146,0.8722,185.37,13.97,4.5,840
2014-11-8,0,0.766567191,0.858,282.98,11,-0.8,576
2014-11-9,0,0.815643459,0.7787,261.55,12.73,2.12,719.21
2014-11-10,0,0.794921675,0.7164,296.59,15.5,0.79,640
2014-11-11,0,0.869836696,0.6796,289.34,19,3.99,810.09
2014-11-12,0,0.955179795,0.6598,264.48,20.5,7.52,1041.54
2014-11-13,1,0.729031471,0.6513,262.52,13.24,1.04,643.55
2014-11-14,1.4,0.635909056,0.6428,182.75,7,-0.24,600
2014-11-15,0,0.577069947,0.6145,232.27,6.49,-3.5,480
2014-11-16,0,0.571886995,0.6088,242.66,7.49,-3.4,480
2014-11-17,23.82,0.711084654,0.8552,153.77,12.61,3.68,796.91
2014-11-18,16.56,0.548962577,1.4017,219.19,9.83,-3.5,480
2014-11-19,0,0.47347922,1.3535,203.93,2.49,-6,400
2014-11-20,0,0.554193407,1.1327,227.57,8.53,-1.69,542.23
2014-11-21,0,0.50302952,0.9741,216.87,5.94,-3.64,469.02
2014-11-22,0,0.433837083,0.892,258.18,6.01,-7.26,360
2014-11-23,0,0.613372079,0.8438,203.87,12.35,2.77,747.15
2014-11-24,11,0.802284533,0.9571,141.25,19.35,10.22,1257.31
2014-11-25,0,0.776622539,0.9826,191.71,19.14,9.79,1223.55
2014-11-26,18.86,0.583140003,1.1865,132.87,10.82,3,760
2014-11-27,2.88,0.507047608,1.733,156.22,6.51,-0.2,600
2014-11-28,0,0.434300066,1.6792,210.63,5.5,-3.92,446.38
2014-11-29,0,0.39522571,1.3762,240.64,6.43,-5.5,400
2014-11-30,0,0.539758721,1.1808,199.46,11.84,2.71,745.03
2014-12-1,0.93,0.557012594,1.0874,219.49,18.25,4.99,878.81
2014-12-2,9.42,0.494302459,1.1582,167.52,13.67,2,720
2014-12-3,7,0.532447487,1.3309,118.67,10.3,3.26,780.46
2014-12-4,0,0.436915796,1.2771,201.28,8.44,-1.1,561.49
2014-12-5,0.49,0.482559192,1.1582,163.34,8.56,1.31,664.76
2014-12-6,14.35,0.552215078,1.1582,111.17,11.68,5.07,885.32
2014-12-7,12.88,0.460289655,1.7755,139.24,9.62,1,640
2014-12-8,8.78,0.417716134,1.9255,137.59,6.99,-1.34,560
2014-12-9,41.39,0.491513763,3.2564,79.03,6.8,2.44,728.8
2014-12-10,8.57,0.490187933,4.1626,67.04,6,2.5,720
2014-12-11,0,0.452350125,3.4263,106.65,4.62,0.5,640
2014-12-12,0.11,0.441681033,2.7382,117.74,4.5,0.04,603.03
2014-12-13,0,0.42260063,2.1577,168.36,6.21,-0.5,600
2014-12-14,0,0.420665075,1.7925,178.95,7,-0.29,600
2014-12-15,0,0.430289153,1.5857,182.67,8,0.5,640
2014-12-16,4.48,0.385902427,1.4498,175.92,10.6,-0.34,600
2014-12-17,0,0.438050167,1.4611,212.07,12,2.22,720
2014-12-18,0,0.443626449,1.4413,153.84,6.93,1,640
2014-12-19,0,0.389508471,1.3875,177.58,5,-2,520
2014-12-20,0,0.357131719,1.2629,177.5,2.57,-4.27,440
2014-12-21,0,0.351840799,1.2148,205.65,4.51,-4,440
2014-12-22,1,0.331627491,1.178,235.27,7.14,-3.99,441.7
2014-12-23,1.34,0.51451107,1.1808,165.76,11.5,5.02,881.45
2014-12-24,24.86,0.57634491,1.4527,132.27,15.18,8,1080
2014-12-25,9.43,0.493700339,2.2653,169.34,16.5,5.5,920
2014-12-26,0,0.400894051,2.4381,229.34,11.13,0.31,624.9
2014-12-27,0,0.356694769,2.1294,246.89,12.93,-0.63,589.54
2014-12-28,1,0.499663778,1.8179,200.17,13,4.36,831.36
2014-12-29,1,0.47962346,1.648,168.95,8.99,2.5,720
2014-12-30,0,0.378814381,1.4923,198.19,4.27,-3.49,480
2014-12-31,0,0.343804682,1.3734,201.76,1.5,-6.22,382.38
